model_type,model_name,device,config,total_params,trainable_params,conv_params,linear_params,bn_params,other_params,num_conv_layers,num_linear_layers,num_bn_layers,num_pool_layers,num_activation_layers,total_layers,flops,memory_bytes,model_size_mb,depth,max_channel_width,has_residual,has_depthwise,has_attention,cpu_cores,cpu_freq_ghz,ram_total_gb,gpu_memory_gb,model_type_simple_ann,model_type_simple_cnn,model_type_resnet_mnist,model_type_mobilenet_mnist,model_type_transformer,model_type_gan,avg_train,std_train,avg_infer,std_infer,avg_accuracy,num_ops,total_op_flops,total_op_memory_read,total_op_memory_write,total_weight_bytes,flops_ratio_Conv2d,flops_ratio_Linear,flops_ratio_BatchNorm2d,flops_ratio_LayerNorm,flops_ratio_MaxPool2d,flops_ratio_ReLU,flops_ratio_GELU,max_op_flops,avg_op_flops,std_op_flops,sim_total_time_ms
transformer,ViT_d64_l2_h4_p4,CPU,"{'img_size': 32, 'patch_size': 4, 'in_channels': 3, 'num_classes': 10, 'embed_dim': 64, 'num_layers': 2, 'num_heads': 4}",108106,108106,3136,100106,0,4864,1,9,0,0,2,10,591104,432424,0.4124,10,256,1,0,1,0,0.0,0.0,0.0,0,0,0,0,1,0,13.67591,0.0,1.2625,0.0,36.18,,,,,,,,,,,,,,,,
transformer,ViT_d64_l4_h4_p4,CPU,"{'img_size': 32, 'patch_size': 4, 'in_channels': 3, 'num_classes': 10, 'embed_dim': 64, 'num_layers': 4, 'num_heads': 4}",208074,208074,3136,199562,0,5376,1,17,0,0,4,18,787712,832296,0.7937,18,256,1,0,1,0,0.0,0.0,0.0,0,0,0,0,1,0,28.06092,0.0,2.46568,0.0,34.79,,,,,,,,,,,,,,,,
transformer,ViT_d64_l2_h4_p8,CPU,"{'img_size': 32, 'patch_size': 8, 'in_channels': 3, 'num_classes': 10, 'embed_dim': 64, 'num_layers': 2, 'num_heads': 4}",114250,114250,12352,100106,0,1792,1,9,0,0,2,10,591104,457000,0.4358,10,256,1,0,1,0,0.0,0.0,0.0,0,0,0,0,1,0,4.98771,0.0,0.21294,0.0,37.18,,,,,,,,,,,,,,,,
transformer,ViT_d128_l2_h4_p4,CPU,"{'img_size': 32, 'patch_size': 4, 'in_channels': 3, 'num_classes': 10, 'embed_dim': 128, 'num_layers': 2, 'num_heads': 4}",412810,412810,6272,396810,0,9728,1,9,0,0,2,10,1575424,1651240,1.5747,10,512,1,0,1,0,0.0,0.0,0.0,0,0,0,0,1,0,31.20682,0.0,2.57237,0.0,36.39,,,,,,,,,,,,,,,,
transformer,ViT_d128_l4_h4_p4,CPU,"{'img_size': 32, 'patch_size': 4, 'in_channels': 3, 'num_classes': 10, 'embed_dim': 128, 'num_layers': 4, 'num_heads': 4}",809354,809354,6272,792330,0,10752,1,17,0,0,4,18,2361856,3237416,3.0874,18,512,1,0,1,0,0.0,0.0,0.0,0,0,0,0,1,0,60.88115,0.0,5.14601,0.0,37.46,,,,,,,,,,,,,,,,
transformer,ViT_d128_l6_h4_p4,CPU,"{'img_size': 32, 'patch_size': 4, 'in_channels': 3, 'num_classes': 10, 'embed_dim': 128, 'num_layers': 6, 'num_heads': 4}",1205898,1205898,6272,1187850,0,11776,1,25,0,0,6,26,3148288,4823592,4.6001,26,512,1,0,1,0,0.0,0.0,0.0,0,0,0,0,1,0,139.1534,0.0,13.06175,0.0,38.2,,,,,,,,,,,,,,,,
transformer,ViT_d128_l2_h8_p4,CPU,"{'img_size': 32, 'patch_size': 4, 'in_channels': 3, 'num_classes': 10, 'embed_dim': 128, 'num_layers': 2, 'num_heads': 8}",412810,412810,6272,396810,0,9728,1,9,0,0,2,10,1575424,1651240,1.5747,10,512,1,0,1,0,0.0,0.0,0.0,0,0,0,0,1,0,71.99593,0.0,4.37373,0.0,37.41,,,,,,,,,,,,,,,,
transformer,ViT_d128_l4_h8_p4,CPU,"{'img_size': 32, 'patch_size': 4, 'in_channels': 3, 'num_classes': 10, 'embed_dim': 128, 'num_layers': 4, 'num_heads': 8}",809354,809354,6272,792330,0,10752,1,17,0,0,4,18,2361856,3237416,3.0874,18,512,1,0,1,0,0.0,0.0,0.0,0,0,0,0,1,0,127.89073,0.0,5.83573,0.0,36.92,,,,,,,,,,,,,,,,
transformer,ViT_d256_l2_h8_p4,CPU,"{'img_size': 32, 'patch_size': 4, 'in_channels': 3, 'num_classes': 10, 'embed_dim': 256, 'num_layers': 2, 'num_heads': 8}",1612042,1612042,12544,1580042,0,19456,1,9,0,0,2,10,4723712,6448168,6.1495,10,1024,1,0,1,0,0.0,0.0,0.0,0,0,0,0,1,0,89.42921,0.0,7.31916,0.0,37.94,,,,,,,,,,,,,,,,
transformer,ViT_d256_l4_h8_p4,CPU,"{'img_size': 32, 'patch_size': 4, 'in_channels': 3, 'num_classes': 10, 'embed_dim': 256, 'num_layers': 4, 'num_heads': 8}",3191562,3191562,12544,3157514,0,21504,1,17,0,0,4,18,7869440,12766248,12.1748,18,1024,1,0,1,0,0.0,0.0,0.0,0,0,0,0,1,0,177.33821,0.0,14.11459,0.0,38.6,,,,,,,,,,,,,,,,
transformer,ViT_d256_l6_h8_p4,CPU,"{'img_size': 32, 'patch_size': 4, 'in_channels': 3, 'num_classes': 10, 'embed_dim': 256, 'num_layers': 6, 'num_heads': 8}",4771082,4771082,12544,4734986,0,23552,1,25,0,0,6,26,11015168,19084328,18.2002,26,1024,1,0,1,0,0.0,0.0,0.0,0,0,0,0,1,0,263.00874,0.0,20.47211,0.0,37.31,,,,,,,,,,,,,,,,
transformer,ViT_d256_l4_h8_p8,CPU,"{'img_size': 32, 'patch_size': 8, 'in_channels': 3, 'num_classes': 10, 'embed_dim': 256, 'num_layers': 4, 'num_heads': 8}",3216138,3216138,49408,3157514,0,9216,1,17,0,0,4,18,7869440,12864552,12.2686,18,1024,1,0,1,0,0.0,0.0,0.0,0,0,0,0,1,0,48.26252,0.0,3.0206,0.0,38.38,,,,,,,,,,,,,,,,
simple_ann,ANN_h16_l1,CPU,"{'hidden_size': 16, 'num_layers': 1}",12730,12730,0,12730,0,0,0,2,0,0,1,2,25408,50920,0.0486,2,16,0,0,0,16,4.2,31.1,0.0,1,0,0,0,0,0,0.23573,0.00801,0.00476,0.00069,90.05,3,25424,54184,168,50920,0.0,0.9994,0.0,0.0,0.0,0.0006,0.0,25088,8475.0,11748.0,0.0173
simple_ann,ANN_h16_l2,CPU,"{'hidden_size': 16, 'num_layers': 2}",13002,13002,0,13002,0,0,0,3,0,0,2,3,25920,52008,0.0496,3,16,0,0,0,16,4.2,31.1,0.0,1,0,0,0,0,0,0.27866,0.00338,0.00387,0.00014,87.87,5,25952,55400,296,52008,0.0,0.9988,0.0,0.0,0.0,0.0012,0.0,25088,5190.0,9951.0,0.0285
simple_ann,ANN_h16_l3,CPU,"{'hidden_size': 16, 'num_layers': 3}",13274,13274,0,13274,0,0,0,4,0,0,3,4,26432,53096,0.0506,4,16,0,0,0,16,4.2,31.1,0.0,1,0,0,0,0,0,0.32141,0.00593,0.00465,0.00045,80.2,7,26480,56616,424,53096,0.0,0.9982,0.0,0.0,0.0,0.0018,0.0,25088,3783.0,8700.0,0.0397
simple_ann,ANN_h16_l4,CPU,"{'hidden_size': 16, 'num_layers': 4}",13546,13546,0,13546,0,0,0,5,0,0,4,5,26944,54184,0.0517,5,16,0,0,0,16,4.2,31.1,0.0,1,0,0,0,0,0,0.35665,0.00331,0.00496,0.00035,62.56,9,27008,57832,552,54184,0.0,0.9976,0.0,0.0,0.0,0.0024,0.0,25088,3001.0,7812.0,0.0357
simple_ann,ANN_h16_l5,CPU,"{'hidden_size': 16, 'num_layers': 5}",13818,13818,0,13818,0,0,0,6,0,0,5,6,27456,55272,0.0527,6,16,0,0,0,16,4.2,31.1,0.0,1,0,0,0,0,0,0.41227,0.01711,0.00485,0.00038,21.12,11,27536,59048,680,55272,0.0,0.9971,0.0,0.0,0.0,0.0029,0.0,25088,2503.0,7145.0,0.0599
simple_ann,ANN_h16_l6,CPU,"{'hidden_size': 16, 'num_layers': 6}",14090,14090,0,14090,0,0,0,7,0,0,6,7,27968,56360,0.0537,7,16,0,0,0,16,4.2,31.1,0.0,1,0,0,0,0,0,0.4368,0.00636,0.00442,7e-05,11.23,13,28064,60264,808,56360,0.0,0.9966,0.0,0.0,0.0,0.0034,0.0,25088,2159.0,6623.0,0.0686
simple_ann,ANN_h16_l8,CPU,"{'hidden_size': 16, 'num_layers': 8}",14634,14634,0,14634,0,0,0,9,0,0,8,9,28992,58536,0.0558,9,16,0,0,0,16,4.2,31.1,0.0,1,0,0,0,0,0,0.52116,0.00486,0.00512,0.00032,10.93,17,29120,62696,1064,58536,0.0,0.9956,0.0,0.0,0.0,0.0044,0.0,25088,1713.0,5848.0,0.0635
simple_ann,ANN_h32_l1,CPU,"{'hidden_size': 32, 'num_layers': 1}",25450,25450,0,25450,0,0,0,2,0,0,1,2,50816,101800,0.0971,2,32,0,0,0,16,4.2,31.1,0.0,1,0,0,0,0,0,0.23631,0.00453,0.00373,0.00011,90.47,3,50848,105192,296,101800,0.0,0.9994,0.0,0.0,0.0,0.0006,0.0,50176,16949.0,23496.0,0.019
simple_ann,ANN_h32_l2,CPU,"{'hidden_size': 32, 'num_layers': 2}",26506,26506,0,26506,0,0,0,3,0,0,2,3,52864,106024,0.1011,3,32,0,0,0,16,4.2,31.1,0.0,1,0,0,0,0,0,0.28878,0.00815,0.00546,0.00076,89.36,5,52928,109672,552,106024,0.0,0.9988,0.0,0.0,0.0,0.0012,0.0,50176,10586.0,19809.0,0.0216
simple_ann,ANN_h32_l3,CPU,"{'hidden_size': 32, 'num_layers': 3}",27562,27562,0,27562,0,0,0,4,0,0,3,4,54912,110248,0.1051,4,32,0,0,0,16,4.2,31.1,0.0,1,0,0,0,0,0,0.33692,0.00275,0.00525,0.001,86.03,7,55008,114152,808,110248,0.0,0.9983,0.0,0.0,0.0,0.0017,0.0,50176,7858.0,17296.0,0.0398
simple_ann,ANN_h32_l4,CPU,"{'hidden_size': 32, 'num_layers': 4}",28618,28618,0,28618,0,0,0,5,0,0,4,5,56960,114472,0.1092,5,32,0,0,0,16,4.2,31.1,0.0,1,0,0,0,0,0,0.36976,0.00659,0.00537,0.00085,64.62,9,57088,118632,1064,114472,0.0,0.9978,0.0,0.0,0.0,0.0022,0.0,50176,6343.0,15522.0,0.0366
simple_ann,ANN_h32_l5,CPU,"{'hidden_size': 32, 'num_layers': 5}",29674,29674,0,29674,0,0,0,6,0,0,5,6,59008,118696,0.1132,6,32,0,0,0,16,4.2,31.1,0.0,1,0,0,0,0,0,0.42886,0.00942,0.00608,0.00088,27.05,11,59168,123112,1320,118696,0.0,0.9973,0.0,0.0,0.0,0.0027,0.0,50176,5379.0,14195.0,0.0437
simple_ann,ANN_h32_l6,CPU,"{'hidden_size': 32, 'num_layers': 6}",30730,30730,0,30730,0,0,0,7,0,0,6,7,61056,122920,0.1172,7,32,0,0,0,16,4.2,31.1,0.0,1,0,0,0,0,0,0.47696,0.01278,0.00578,0.00069,10.99,13,61248,127592,1576,122920,0.0,0.9969,0.0,0.0,0.0,0.0031,0.0,50176,4711.0,13157.0,0.0511
simple_ann,ANN_h32_l8,CPU,"{'hidden_size': 32, 'num_layers': 8}",32842,32842,0,32842,0,0,0,9,0,0,8,9,65152,131368,0.1253,9,32,0,0,0,16,4.2,31.1,0.0,1,0,0,0,0,0,0.55566,0.01796,0.00638,0.00047,10.65,17,65408,136552,2088,131368,0.0,0.9961,0.0,0.0,0.0,0.0039,0.0,50176,3848.0,11621.0,0.0653
simple_ann,ANN_h64_l1,CPU,"{'hidden_size': 64, 'num_layers': 1}",50890,50890,0,50890,0,0,0,2,0,0,1,2,101632,203560,0.1941,2,64,0,0,0,16,4.2,31.1,0.0,1,0,0,0,0,0,0.26765,0.00362,0.00507,0.00075,90.86,3,101696,207208,552,203560,0.0,0.9994,0.0,0.0,0.0,0.0006,0.0,100352,33899.0,46992.0,0.0187
simple_ann,ANN_h64_l2,CPU,"{'hidden_size': 64, 'num_layers': 2}",55050,55050,0,55050,0,0,0,3,0,0,2,3,109824,220200,0.21,3,64,0,0,0,16,4.2,31.1,0.0,1,0,0,0,0,0,0.31915,0.00376,0.00626,0.00011,89.86,5,109952,224360,1064,220200,0.0,0.9988,0.0,0.0,0.0,0.0012,0.0,100352,21990.0,39297.0,0.0238
simple_ann,ANN_h64_l3,CPU,"{'hidden_size': 64, 'num_layers': 3}",59210,59210,0,59210,0,0,0,4,0,0,3,4,118016,236840,0.2259,4,64,0,0,0,16,4.2,31.1,0.0,1,0,0,0,0,0,0.36452,0.00591,0.0067,0.00015,87.36,7,118208,241512,1576,236840,0.0,0.9984,0.0,0.0,0.0,0.0016,0.0,100352,16887.0,34247.0,0.0305
simple_ann,ANN_h64_l4,CPU,"{'hidden_size': 64, 'num_layers': 4}",63370,63370,0,63370,0,0,0,5,0,0,4,5,126208,253480,0.2417,5,64,0,0,0,16,4.2,31.1,0.0,1,0,0,0,0,0,0.41172,0.00595,0.00688,0.00081,71.18,9,126464,258664,2088,253480,0.0,0.998,0.0,0.0,0.0,0.002,0.0,100352,14052.0,30725.0,0.0391
simple_ann,ANN_h64_l5,CPU,"{'hidden_size': 64, 'num_layers': 5}",67530,67530,0,67530,0,0,0,6,0,0,5,6,134400,270120,0.2576,6,64,0,0,0,16,4.2,31.1,0.0,1,0,0,0,0,0,0.47293,0.00208,0.00686,0.00106,17.51,11,134720,275816,2600,270120,0.0,0.9976,0.0,0.0,0.0,0.0024,0.0,100352,12247.0,28108.0,0.0489
simple_ann,ANN_h64_l6,CPU,"{'hidden_size': 64, 'num_layers': 6}",71690,71690,0,71690,0,0,0,7,0,0,6,7,142592,286760,0.2735,7,64,0,0,0,16,4.2,31.1,0.0,1,0,0,0,0,0,0.51248,0.01434,0.00686,0.001,11.36,13,142976,292968,3112,286760,0.0,0.9973,0.0,0.0,0.0,0.0027,0.0,100352,10998.0,26070.0,0.0543
simple_ann,ANN_h64_l8,CPU,"{'hidden_size': 64, 'num_layers': 8}",80010,80010,0,80010,0,0,0,9,0,0,8,9,158976,320040,0.3052,9,64,0,0,0,16,4.2,31.1,0.0,1,0,0,0,0,0,0.6278,0.00223,0.00933,0.00038,11.35,17,159488,327272,4136,320040,0.0,0.9968,0.0,0.0,0.0,0.0032,0.0,100352,9382.0,23067.0,0.0686
simple_ann,ANN_h128_l1,CPU,"{'hidden_size': 128, 'num_layers': 1}",101770,101770,0,101770,0,0,0,2,0,0,1,2,203264,407080,0.3882,2,128,0,0,0,16,4.2,31.1,0.0,1,0,0,0,0,0,0.30286,0.00721,0.00685,0.00109,90.95,3,203392,411240,1064,407080,0.0,0.9994,0.0,0.0,0.0,0.0006,0.0,200704,67797.0,93984.0,0.0257
simple_ann,ANN_h128_l2,CPU,"{'hidden_size': 128, 'num_layers': 2}",118282,118282,0,118282,0,0,0,3,0,0,2,3,236032,473128,0.4512,3,128,0,0,0,16,4.2,31.1,0.0,1,0,0,0,0,0,0.37045,0.00796,0.00902,0.0001,90.1,5,236288,478312,2088,473128,0.0,0.9989,0.0,0.0,0.0,0.0011,0.0,200704,47258.0,77712.0,0.0277
simple_ann,ANN_h128_l3,CPU,"{'hidden_size': 128, 'num_layers': 3}",134794,134794,0,134794,0,0,0,4,0,0,3,4,268800,539176,0.5142,4,128,0,0,0,16,4.2,31.1,0.0,1,0,0,0,0,0,0.43478,0.00352,0.00963,0.00015,88.03,7,269184,545384,3112,539176,0.0,0.9986,0.0,0.0,0.0,0.0014,0.0,200704,38455.0,67702.0,0.0368
simple_ann,ANN_h128_l4,CPU,"{'hidden_size': 128, 'num_layers': 4}",151306,151306,0,151306,0,0,0,5,0,0,4,5,301568,605224,0.5772,5,128,0,0,0,16,4.2,31.1,0.0,1,0,0,0,0,0,0.56442,0.07601,0.01156,0.00068,76.22,9,302080,612456,4136,605224,0.0,0.9983,0.0,0.0,0.0,0.0017,0.0,200704,33564.0,60892.0,0.0483
simple_ann,ANN_h128_l5,CPU,"{'hidden_size': 128, 'num_layers': 5}",167818,167818,0,167818,0,0,0,6,0,0,5,6,334336,671272,0.6402,6,128,0,0,0,16,4.2,31.1,0.0,1,0,0,0,0,0,0.62048,0.0166,0.01287,0.00085,29.37,11,334976,679528,5160,671272,0.0,0.9981,0.0,0.0,0.0,0.0019,0.0,200704,30452.0,55908.0,0.0751
simple_ann,ANN_h128_l6,CPU,"{'hidden_size': 128, 'num_layers': 6}",184330,184330,0,184330,0,0,0,7,0,0,6,7,367104,737320,0.7032,7,128,0,0,0,16,4.2,31.1,0.0,1,0,0,0,0,0,0.64693,0.01276,0.01123,0.00181,11.35,13,367872,746600,6184,737320,0.0,0.9979,0.0,0.0,0.0,0.0021,0.0,200704,28298.0,52071.0,0.0638
simple_ann,ANN_h128_l8,CPU,"{'hidden_size': 128, 'num_layers': 8}",217354,217354,0,217354,0,0,0,9,0,0,8,9,432640,869416,0.8291,9,128,0,0,0,16,4.2,31.1,0.0,1,0,0,0,0,0,0.77855,0.02632,0.01454,0.00183,11.35,17,433664,880744,8232,869416,0.0,0.9976,0.0,0.0,0.0,0.0024,0.0,200704,25510.0,46490.0,0.0896
simple_ann,ANN_h256_l1,CPU,"{'hidden_size': 256, 'num_layers': 1}",203530,203530,0,203530,0,0,0,2,0,0,1,2,406528,814120,0.7764,2,256,0,0,0,16,4.2,31.1,0.0,1,0,0,0,0,0,0.37729,0.00871,0.01143,0.00047,91.03,3,406784,819304,2088,814120,0.0,0.9994,0.0,0.0,0.0,0.0006,0.0,401408,135595.0,187969.0,0.027
simple_ann,ANN_h256_l2,CPU,"{'hidden_size': 256, 'num_layers': 2}",269322,269322,0,269322,0,0,0,3,0,0,2,3,537600,1077288,1.0274,3,256,0,0,0,16,4.2,31.1,0.0,1,0,0,0,0,0,0.49719,0.006,0.01339,0.0019,90.22,5,538112,1084520,4136,1077288,0.0,0.999,0.0,0.0,0.0,0.001,0.0,401408,107622.0,155191.0,0.0463
simple_ann,ANN_h256_l3,CPU,"{'hidden_size': 256, 'num_layers': 3}",335114,335114,0,335114,0,0,0,4,0,0,3,4,668672,1340456,1.2784,4,256,0,0,0,16,4.2,31.1,0.0,1,0,0,0,0,0,0.59736,0.00994,0.01717,0.00077,88.41,7,669440,1349736,6184,1340456,0.0,0.9989,0.0,0.0,0.0,0.0011,0.0,401408,95634.0,137057.0,0.0595
simple_ann,ANN_h256_l4,CPU,"{'hidden_size': 256, 'num_layers': 4}",400906,400906,0,400906,0,0,0,5,0,0,4,5,799744,1603624,1.5293,5,256,0,0,0,16,4.2,31.1,0.0,1,0,0,0,0,0,0.77185,0.02792,0.01893,0.00121,81.24,9,800768,1614952,8232,1603624,0.0,0.9987,0.0,0.0,0.0,0.0013,0.0,401408,88974.0,125365.0,0.0686
simple_ann,ANN_h256_l5,CPU,"{'hidden_size': 256, 'num_layers': 5}",466698,466698,0,466698,0,0,0,6,0,0,5,6,930816,1866792,1.7803,6,256,0,0,0,16,4.2,31.1,0.0,1,0,0,0,0,0,0.93362,0.04011,0.02352,0.00028,36.48,11,932096,1880168,10280,1866792,0.0,0.9986,0.0,0.0,0.0,0.0014,0.0,401408,84736.0,117122.0,0.1457
simple_ann,ANN_h256_l6,CPU,"{'hidden_size': 256, 'num_layers': 6}",532490,532490,0,532490,0,0,0,7,0,0,6,7,1061888,2129960,2.0313,7,256,0,0,0,16,4.2,31.1,0.0,1,0,0,0,0,0,1.00892,0.00816,0.02582,0.00048,11.35,13,1063424,2145384,12328,2129960,0.0,0.9986,0.0,0.0,0.0,0.0014,0.0,401408,81802.0,110962.0,0.1336
simple_ann,ANN_h256_l8,CPU,"{'hidden_size': 256, 'num_layers': 8}",664074,664074,0,664074,0,0,0,9,0,0,8,9,1324032,2656296,2.5332,9,256,0,0,0,16,4.2,31.1,0.0,1,0,0,0,0,0,1.31504,0.12746,0.03242,0.00141,11.35,17,1326080,2675816,16424,2656296,0.0,0.9985,0.0,0.0,0.0,0.0015,0.0,401408,78005.0,102318.0,0.1625
simple_ann,ANN_h512_l1,CPU,"{'hidden_size': 512, 'num_layers': 1}",407050,407050,0,407050,0,0,0,2,0,0,1,2,813056,1628200,1.5528,2,512,0,0,0,16,4.2,31.1,0.0,1,0,0,0,0,0,0.51876,0.0105,0.01982,0.00038,91.28,3,813568,1635432,4136,1628200,0.0,0.9994,0.0,0.0,0.0,0.0006,0.0,802816,271189.0,375938.0,0.0395
simple_ann,ANN_h512_l2,CPU,"{'hidden_size': 512, 'num_layers': 2}",669706,669706,0,669706,0,0,0,3,0,0,2,3,1337344,2678824,2.5547,3,512,0,0,0,16,4.2,31.1,0.0,1,0,0,0,0,0,0.79483,0.01463,0.02726,0.00318,90.67,5,1338368,2690152,8232,2678824,0.0,0.9992,0.0,0.0,0.0,0.0008,0.0,802816,267674.0,335038.0,0.0906
simple_ann,ANN_h512_l3,CPU,"{'hidden_size': 512, 'num_layers': 3}",932362,932362,0,932362,0,0,0,4,0,0,3,4,1861632,3729448,3.5567,4,512,0,0,0,16,4.2,31.1,0.0,1,0,0,0,0,0,1.04042,0.00407,0.03397,0.00769,89.25,7,1863168,3744872,12328,3729448,0.0,0.9992,0.0,0.0,0.0,0.0008,0.0,802816,266167.0,315880.0,0.0939
simple_ann,ANN_h512_l4,CPU,"{'hidden_size': 512, 'num_layers': 4}",1195018,1195018,0,1195018,0,0,0,5,0,0,4,5,2385920,4780072,4.5586,5,512,0,0,0,16,4.2,31.1,0.0,1,0,0,0,0,0,1.36243,0.0211,0.04239,0.00683,84.91,9,2387968,4799592,16424,4780072,0.0,0.9991,0.0,0.0,0.0,0.0009,0.0,802816,265330.0,304714.0,0.1258
simple_ann,ANN_h512_l5,CPU,"{'hidden_size': 512, 'num_layers': 5}",1457674,1457674,0,1457674,0,0,0,6,0,0,5,6,2910208,5830696,5.5606,6,512,0,0,0,16,4.2,31.1,0.0,1,0,0,0,0,0,1.59258,0.00393,0.05419,0.00235,46.08,11,2912768,5854312,20520,5830696,0.0,0.9991,0.0,0.0,0.0,0.0009,0.0,802816,264797.0,297388.0,0.1529
simple_ann,ANN_h512_l6,CPU,"{'hidden_size': 512, 'num_layers': 6}",1720330,1720330,0,1720330,0,0,0,7,0,0,6,7,3434496,6881320,6.5625,7,512,0,0,0,16,4.2,31.1,0.0,1,0,0,0,0,0,1.87349,0.02942,0.06908,0.00114,11.35,13,3437568,6909032,24616,6881320,0.0,0.9991,0.0,0.0,0.0,0.0009,0.0,802816,264428.0,292209.0,0.2118
simple_ann,ANN_h512_l8,CPU,"{'hidden_size': 512, 'num_layers': 8}",2245642,2245642,0,2245642,0,0,0,9,0,0,8,9,4483072,8982568,8.5664,9,512,0,0,0,16,4.2,31.1,0.0,1,0,0,0,0,0,2.529,0.07938,0.08642,0.00537,11.35,17,4487168,9018472,32808,8982568,0.0,0.9991,0.0,0.0,0.0,0.0009,0.0,802816,263951.0,285366.0,0.2786
simple_cnn,CNN_f8_l1_bn0,CPU,"{'num_filters': 8, 'num_conv_layers': 1, 'use_batchnorm': False}",2522,2522,80,2442,0,0,1,2,0,1,2,3,117504,10088,0.0096,3,128,0,0,0,16,4.2,31.1,0.0,0,1,0,0,0,0,0.79546,0.02164,0.02283,0.0002,16.84,6,123912,64456,51272,10088,0.9111,0.0372,0.0,0.0,0.0,0.0516,0.0,112896,20652.0,41305.0,0.0594
simple_cnn,CNN_f8_l1_bn1,CPU,"{'num_filters': 8, 'num_conv_layers': 1, 'use_batchnorm': True}",2538,2538,80,2442,16,0,1,2,1,1,2,4,130048,10152,0.0097,3,128,0,0,0,16,4.2,31.1,0.0,0,1,0,0,0,0,0.99642,0.01785,0.02516,0.00094,21.19,7,136456,89608,76360,10152,0.8273,0.0338,0.0919,0.0,0.0,0.0469,0.0,112896,19494.0,38346.0,0.1019
simple_cnn,CNN_f8_l2_bn0,CPU,"{'num_filters': 8, 'num_conv_layers': 2, 'use_batchnorm': False}",4714,4714,1248,3466,0,0,2,2,0,2,3,4,1925888,18856,0.018,4,128,0,0,0,16,4.2,31.1,0.0,0,1,0,0,0,0,2.42166,0.04858,0.155,0.01093,16.72,9,1947984,186152,164200,18856,0.9852,0.0034,0.0,0.0,0.0016,0.0097,0.0,1806336,216443.0,563146.0,0.1156
simple_cnn,CNN_f8_l2_bn1,CPU,"{'num_filters': 8, 'num_conv_layers': 2, 'use_batchnorm': True}",4762,4762,1248,3466,48,0,2,2,2,2,3,6,1963520,19048,0.0182,4,128,0,0,0,16,4.2,31.1,0.0,0,1,0,0,0,0,3.0205,0.02857,0.18853,0.00808,24.5,11,1985616,261608,239464,19048,0.9666,0.0034,0.019,0.0,0.0016,0.0095,0.0,1806336,180511.0,515063.0,0.1318
simple_cnn,CNN_f8_l3_bn0,CPU,"{'num_filters': 8, 'num_conv_layers': 3, 'use_batchnorm': False}",11402,11402,5888,5514,0,0,3,2,0,2,4,5,3736320,45608,0.0435,5,128,0,0,0,16,4.2,31.1,0.0,0,1,0,0,0,0,3.26271,0.08777,0.18609,0.00845,12.54,11,3764704,263144,214440,45608,0.9896,0.0029,0.0,0.0,0.0008,0.0067,0.0,1806336,342246.0,690870.0,0.1142
simple_cnn,CNN_f8_l3_bn1,CPU,"{'num_filters': 8, 'num_conv_layers': 3, 'use_batchnorm': True}",11514,11514,5888,5514,112,0,3,2,3,2,4,8,3786496,46056,0.0439,5,128,0,0,0,16,4.2,31.1,0.0,0,1,0,0,0,0,4.01253,0.09838,0.22525,0.00837,28.56,14,3814880,363944,314792,46056,0.9766,0.0028,0.0132,0.0,0.0008,0.0066,0.0,1806336,272491.0,626794.0,0.2119
simple_cnn,CNN_f8_l4_bn0,CPU,"{'num_filters': 8, 'num_conv_layers': 4, 'use_batchnorm': False}",20650,20650,15136,5514,0,0,4,2,0,3,5,6,7348992,82600,0.0788,6,128,0,0,0,16,4.2,31.1,0.0,0,1,0,0,0,0,4.62145,0.08442,0.26991,0.01303,15.91,14,7385216,356584,270888,82600,0.9936,0.0015,0.0,0.0,0.0006,0.0043,0.0,3612672,527515.0,1058786.0,0.181
simple_cnn,CNN_f8_l4_bn1,CPU,"{'num_filters': 8, 'num_conv_layers': 4, 'use_batchnorm': True}",20826,20826,15136,5514,176,0,4,2,4,3,5,10,7411712,83304,0.0794,6,128,0,0,0,16,4.2,31.1,0.0,0,1,0,0,0,0,5.77652,0.05812,0.30901,0.01292,57.24,18,7447936,482728,396328,83304,0.9853,0.0014,0.0084,0.0,0.0006,0.0042,0.0,3612672,413774.0,957704.0,0.2364
simple_cnn,CNN_f8_l5_bn0,CPU,"{'num_filters': 8, 'num_conv_layers': 5, 'use_batchnorm': False}",29898,29898,24384,5514,0,0,5,2,0,3,6,7,8252160,119592,0.1141,7,128,0,0,0,16,4.2,31.1,0.0,0,1,0,0,0,0,5.11191,0.01587,0.29566,0.01116,11.35,16,8289952,406120,283432,119592,0.9941,0.0013,0.0,0.0,0.0006,0.004,0.0,3612672,518122.0,1003454.0,0.182
simple_cnn,CNN_f8_l5_bn1,CPU,"{'num_filters': 8, 'num_conv_layers': 5, 'use_batchnorm': True}",30138,30138,24384,5514,240,0,5,2,5,3,6,12,8318016,120552,0.115,7,128,0,0,0,16,4.2,31.1,0.0,0,1,0,0,0,0,6.42917,0.05855,0.34578,0.01172,60.73,21,8355808,538792,415144,120552,0.9863,0.0013,0.0079,0.0,0.0006,0.004,0.0,3612672,397896.0,901910.0,0.246
simple_cnn,CNN_f8_l6_bn0,CPU,"{'num_filters': 8, 'num_conv_layers': 6, 'use_batchnorm': False}",39146,39146,33632,5514,0,0,6,2,0,4,7,8,9155328,156584,0.1493,8,128,0,0,0,16,4.2,31.1,0.0,0,1,0,0,0,0,5.79168,0.11073,0.33078,0.01293,11.35,19,9194976,456808,297128,156584,0.9945,0.0012,0.0,0.0,0.0005,0.0038,0.0,3612672,483946.0,939534.0,0.2771
simple_cnn,CNN_f8_l6_bn1,CPU,"{'num_filters': 8, 'num_conv_layers': 6, 'use_batchnorm': True}",39450,39450,33632,5514,304,0,6,2,6,4,7,14,9224320,157800,0.1505,8,128,0,0,0,16,4.2,31.1,0.0,0,1,0,0,0,0,7.16768,0.10502,0.3671,0.01278,93.66,25,9263968,596008,435112,157800,0.9871,0.0012,0.0074,0.0,0.0005,0.0037,0.0,3612672,370559.0,843562.0,0.3161
simple_cnn,CNN_f16_l1_bn0,CPU,"{'num_filters': 16, 'num_conv_layers': 1, 'use_batchnorm': False}",3626,3626,160,3466,0,0,1,2,0,1,2,3,232448,14504,0.0138,3,128,0,0,0,16,4.2,31.1,0.0,0,1,0,0,0,0,0.74098,0.00949,0.03247,0.00012,16.34,6,245136,119080,101480,14504,0.9211,0.0272,0.0,0.0,0.0,0.0517,0.0,225792,40856.0,82812.0,0.0568
simple_cnn,CNN_f16_l1_bn1,CPU,"{'num_filters': 16, 'num_conv_layers': 1, 'use_batchnorm': True}",3658,3658,160,3466,32,0,1,2,1,1,2,4,257536,14632,0.014,3,128,0,0,0,16,4.2,31.1,0.0,0,1,0,0,0,0,1.10168,0.01316,0.03852,0.00099,21.02,7,270224,169384,151656,14632,0.8356,0.0246,0.0928,0.0,0.0,0.0469,0.0,225792,38603.0,76868.0,0.0943
simple_cnn,CNN_f16_l2_bn0,CPU,"{'num_filters': 16, 'num_conv_layers': 2, 'use_batchnorm': False}",10314,10314,4800,5514,0,0,2,2,0,2,3,4,7461888,41256,0.0393,4,128,0,0,0,16,4.2,31.1,0.0,0,1,0,0,0,0,3.90018,0.04078,0.41821,0.01384,16.87,9,7505952,371688,327336,41256,0.9927,0.0014,0.0,0.0,0.0008,0.005,0.0,7225344,833995.0,2260717.0,0.1309
simple_cnn,CNN_f16_l2_bn1,CPU,"{'num_filters': 16, 'num_conv_layers': 2, 'use_batchnorm': True}",10410,10410,4800,5514,96,0,2,2,2,2,3,6,7537152,41640,0.0397,4,128,0,0,0,16,4.2,31.1,0.0,0,1,0,0,0,0,5.11096,0.20842,0.47486,0.01601,28.67,11,7581216,522600,477864,41640,0.9828,0.0014,0.0099,0.0,0.0008,0.005,0.0,7225344,689201.0,2067841.0,0.164
simple_cnn,CNN_f16_l3_bn0,CPU,"{'num_filters': 16, 'num_conv_layers': 3, 'use_batchnorm': False}",32906,32906,23296,9610,0,0,3,2,0,2,4,5,14695424,131624,0.1255,5,128,0,0,0,16,4.2,31.1,0.0,0,1,0,0,0,0,6.00986,0.08573,0.52516,0.0155,14.41,11,14752064,562536,427816,131624,0.9949,0.0013,0.0,0.0,0.0004,0.0034,0.0,7225344,1341097.0,2774551.0,0.2239
simple_cnn,CNN_f16_l3_bn1,CPU,"{'num_filters': 16, 'num_conv_layers': 3, 'use_batchnorm': True}",33130,33130,23296,9610,224,0,3,2,3,2,4,8,14795776,132520,0.1264,5,128,0,0,0,16,4.2,31.1,0.0,0,1,0,0,0,0,7.55816,0.10137,0.57719,0.01001,29.5,14,14852416,764136,628520,132520,0.9882,0.0013,0.0068,0.0,0.0004,0.0034,0.0,7225344,1060887.0,2517233.0,0.242
simple_cnn,CNN_f16_l4_bn0,CPU,"{'num_filters': 16, 'num_conv_layers': 4, 'use_batchnorm': False}",69834,69834,60224,9610,0,0,4,2,0,3,5,6,29146112,279336,0.2664,6,128,0,0,0,16,4.2,31.1,0.0,0,1,0,0,0,0,10.11176,0.07458,0.81379,0.01045,12.83,14,29218432,823144,540712,279336,0.9969,0.0006,0.0,0.0,0.0003,0.0022,0.0,14450688,2087031.0,4245218.0,0.3073
simple_cnn,CNN_f16_l4_bn1,CPU,"{'num_filters': 16, 'num_conv_layers': 4, 'use_batchnorm': True}",70186,70186,60224,9610,352,0,4,2,4,3,5,10,29271552,280744,0.2677,6,128,0,0,0,16,4.2,31.1,0.0,0,1,0,0,0,0,12.02005,0.06971,0.91929,0.02308,63.83,18,29343872,1075432,791592,280744,0.9926,0.0006,0.0043,0.0,0.0003,0.0021,0.0,14450688,1630215.0,3840237.0,0.2768
simple_cnn,CNN_f16_l5_bn0,CPU,"{'num_filters': 16, 'num_conv_layers': 5, 'use_batchnorm': False}",106762,106762,97152,9610,0,0,5,2,0,3,6,7,32758784,427048,0.4073,7,128,0,0,0,16,4.2,31.1,0.0,0,1,0,0,0,0,11.15034,0.14123,0.8585,0.0275,11.35,16,32834240,995944,565800,427048,0.9971,0.0006,0.0,0.0,0.0003,0.002,0.0,14450688,2052140.0,4023035.0,0.2453
simple_cnn,CNN_f16_l5_bn1,CPU,"{'num_filters': 16, 'num_conv_layers': 5, 'use_batchnorm': True}",107242,107242,97152,9610,480,0,5,2,5,3,6,12,32890496,428968,0.4091,7,128,0,0,0,16,4.2,31.1,0.0,0,1,0,0,0,0,13.46552,0.04887,0.98872,0.0538,80.11,21,32965952,1261288,829224,428968,0.9931,0.0006,0.004,0.0,0.0003,0.002,0.0,14450688,1569807.0,3616047.0,0.426
simple_cnn,CNN_f16_l6_bn0,CPU,"{'num_filters': 16, 'num_conv_layers': 6, 'use_batchnorm': False}",143690,143690,134080,9610,0,0,6,2,0,4,7,8,36371456,574760,0.5481,8,128,0,0,0,16,4.2,31.1,0.0,0,1,0,0,0,0,12.4513,0.05698,0.97611,0.02188,11.35,19,36450624,1171048,593192,574760,0.9973,0.0005,0.0,0.0,0.0003,0.0019,0.0,14450688,1918454.0,3765913.0,0.371
simple_cnn,CNN_f16_l6_bn1,CPU,"{'num_filters': 16, 'num_conv_layers': 6, 'use_batchnorm': True}",144298,144298,134080,9610,608,0,6,2,6,4,7,14,36509440,577192,0.5505,8,128,0,0,0,16,4.2,31.1,0.0,0,1,0,0,0,0,14.9824,0.1785,1.0306,0.01697,96.97,25,36588608,1449448,869160,577192,0.9935,0.0005,0.0038,0.0,0.0003,0.0019,0.0,14450688,1463544.0,3381386.0,0.3931
simple_cnn,CNN_f32_l1_bn0,CPU,"{'num_filters': 32, 'num_conv_layers': 1, 'use_batchnorm': False}",5834,5834,320,5514,0,0,1,2,0,1,2,3,462336,23336,0.0223,3,128,0,0,0,16,4.2,31.1,0.0,0,1,0,0,0,0,0.99205,0.00823,0.11248,0.00051,18.97,6,487584,228328,201896,23336,0.9262,0.0221,0.0,0.0,0.0,0.0517,0.0,451584,81264.0,165835.0,0.0606
simple_cnn,CNN_f32_l1_bn1,CPU,"{'num_filters': 32, 'num_conv_layers': 1, 'use_batchnorm': True}",5898,5898,320,5514,64,0,1,2,1,1,2,4,512512,23592,0.0225,3,128,0,0,0,16,4.2,31.1,0.0,0,1,0,0,0,0,1.63329,0.00929,0.16214,0.00243,21.47,7,537760,328936,302248,23592,0.8398,0.02,0.0933,0.0,0.0,0.0469,0.0,451584,76823.0,153919.0,0.0824
simple_cnn,CNN_f32_l2_bn0,CPU,"{'num_filters': 32, 'num_conv_layers': 2, 'use_batchnorm': False}",28426,28426,18816,9610,0,0,2,2,0,2,3,4,29371904,113704,0.1084,4,128,0,0,0,16,4.2,31.1,0.0,0,1,0,0,0,0,10.03181,0.07253,1.01732,0.01621,20.14,9,29459904,770408,653608,113704,0.9964,0.0006,0.0,0.0,0.0004,0.0026,0.0,28901376,3273323.0,9061918.0,0.3058
simple_cnn,CNN_f32_l2_bn1,CPU,"{'num_filters': 32, 'num_conv_layers': 2, 'use_batchnorm': True}",28618,28618,18816,9610,192,0,2,2,2,2,3,6,29522432,114472,0.1092,4,128,0,0,0,16,4.2,31.1,0.0,0,1,0,0,0,0,13.26695,0.88508,1.23869,0.04699,31.97,11,29610432,1072232,954664,114472,0.9913,0.0006,0.0051,0.0,0.0004,0.0025,0.0,28901376,2691857.0,8289109.0,0.3254
simple_cnn,CNN_f32_l3_bn0,CPU,"{'num_filters': 32, 'num_conv_layers': 3, 'use_batchnorm': False}",110474,110474,92672,17802,0,0,3,2,0,2,4,5,58289664,441896,0.4214,5,128,0,0,0,16,4.2,31.1,0.0,0,1,0,0,0,0,18.48987,0.25109,1.46034,0.08711,18.98,11,58402816,1299560,854568,441896,0.9975,0.0006,0.0,0.0,0.0002,0.0017,0.0,28901376,5309347.0,11122080.0,0.4025
simple_cnn,CNN_f32_l3_bn1,CPU,"{'num_filters': 32, 'num_conv_layers': 3, 'use_batchnorm': True}",110922,110922,92672,17802,448,0,3,2,3,2,4,8,58490368,443688,0.4231,5,128,0,0,0,16,4.2,31.1,0.0,0,1,0,0,0,0,19.73369,0.76179,1.5974,0.02647,40.8,14,58603520,1702760,1255976,443688,0.994,0.0006,0.0034,0.0,0.0002,0.0017,0.0,28901376,4185966.0,10090628.0,0.4566
simple_cnn,CNN_f32_l4_bn0,CPU,"{'num_filters': 32, 'num_conv_layers': 4, 'use_batchnorm': False}",258058,258058,240256,17802,0,0,4,2,0,3,5,6,116092416,1032232,0.9844,6,128,0,0,0,16,4.2,31.1,0.0,0,1,0,0,0,0,30.49209,0.49447,2.32427,0.03672,21.41,14,116236928,2115688,1080360,1032232,0.9985,0.0003,0.0,0.0,0.0002,0.0011,0.0,57802752,8302638.0,17001835.0,0.5803
simple_cnn,CNN_f32_l4_bn1,CPU,"{'num_filters': 32, 'num_conv_layers': 4, 'use_batchnorm': True}",258762,258762,240256,17802,704,0,4,2,4,3,5,10,116343296,1035048,0.9871,6,128,0,0,0,16,4.2,31.1,0.0,0,1,0,0,0,0,35.87254,0.41748,2.54222,0.01942,80.73,18,116487808,2620264,1582120,1035048,0.9963,0.0003,0.0022,0.0,0.0002,0.0011,0.0,57802752,6471545.0,15380558.0,0.6518
simple_cnn,CNN_f32_l5_bn0,CPU,"{'num_filters': 32, 'num_conv_layers': 5, 'use_batchnorm': False}",405642,405642,387840,17802,0,0,5,2,0,3,6,7,130543104,1622568,1.5474,7,128,0,0,0,16,4.2,31.1,0.0,0,1,0,0,0,0,33.64898,0.51319,2.43485,0.0489,11.35,16,130693888,2756200,1130536,1622568,0.9986,0.0003,0.0,0.0,0.0001,0.001,0.0,57802752,8168368.0,16111358.0,0.7095
simple_cnn,CNN_f32_l5_bn1,CPU,"{'num_filters': 32, 'num_conv_layers': 5, 'use_batchnorm': True}",406602,406602,387840,17802,960,0,5,2,5,3,6,12,130806528,1626408,1.5511,7,128,0,0,0,16,4.2,31.1,0.0,0,1,0,0,0,0,38.18911,0.41623,2.5872,0.05066,89.56,21,130957312,3286888,1657384,1626408,0.9966,0.0003,0.002,0.0,0.0001,0.001,0.0,57802752,6236062.0,14481727.0,0.8028
simple_cnn,CNN_f32_l6_bn0,CPU,"{'num_filters': 32, 'num_conv_layers': 6, 'use_batchnorm': False}",553226,553226,535424,17802,0,0,6,2,0,4,7,8,144993792,2212904,2.1104,8,128,0,0,0,16,4.2,31.1,0.0,0,1,0,0,0,0,35.98748,0.23492,2.52019,0.03086,11.35,19,145152000,3401320,1185320,2212904,0.9987,0.0002,0.0,0.0,0.0001,0.001,0.0,57802752,7639579.0,15079947.0,0.8471
simple_cnn,CNN_f32_l6_bn1,CPU,"{'num_filters': 32, 'num_conv_layers': 6, 'use_batchnorm': True}",554442,554442,535424,17802,1216,0,6,2,6,4,7,14,145269760,2217768,2.115,8,128,0,0,0,16,4.2,31.1,0.0,0,1,0,0,0,0,41.79051,0.34566,2.78286,0.06581,97.7,25,145427968,3958120,1737256,2217768,0.9968,0.0002,0.0019,0.0,0.0001,0.0009,0.0,57802752,5817119.0,13540514.0,0.9799
simple_cnn,CNN_f64_l1_bn0,CPU,"{'num_filters': 64, 'num_conv_layers': 1, 'use_batchnorm': False}",10250,10250,640,9610,0,0,1,2,0,1,2,3,922112,41000,0.0391,3,128,0,0,0,16,4.2,31.1,0.0,0,1,0,0,0,0,1.4428,0.00689,0.28586,0.00188,19.23,6,972480,446824,402728,41000,0.9287,0.0195,0.0,0.0,0.0,0.0517,0.0,903168,162080.0,331885.0,0.071
simple_cnn,CNN_f64_l1_bn1,CPU,"{'num_filters': 64, 'num_conv_layers': 1, 'use_batchnorm': True}",10378,10378,640,9610,128,0,1,2,1,1,2,4,1022464,41512,0.0396,3,128,0,0,0,16,4.2,31.1,0.0,0,1,0,0,0,0,2.64689,0.05772,0.40484,0.00062,20.75,7,1072832,648040,603432,41512,0.8419,0.0177,0.0935,0.0,0.0,0.0469,0.0,903168,153262.0,308024.0,0.0934
simple_cnn,CNN_f64_l2_bn0,CPU,"{'num_filters': 64, 'num_conv_layers': 2, 'use_batchnorm': False}",92298,92298,74496,17802,0,0,2,2,0,2,3,4,116544000,369192,0.3521,4,128,0,0,0,16,4.2,31.1,0.0,0,1,0,0,0,0,31.87154,0.10757,2.456,0.0474,21.33,9,116719872,1678440,1306152,369192,0.9982,0.0003,0.0,0.0,0.0002,0.0013,0.0,115605504,12968875.0,36288561.0,0.5237
simple_cnn,CNN_f64_l2_bn1,CPU,"{'num_filters': 64, 'num_conv_layers': 2, 'use_batchnorm': True}",92682,92682,74496,17802,384,0,2,2,2,2,3,6,116845056,370728,0.3536,4,128,0,0,0,16,4.2,31.1,0.0,0,1,0,0,0,0,37.85754,0.22026,3.15269,0.02444,37.36,11,117020928,2282088,1908264,370728,0.9956,0.0003,0.0026,0.0,0.0002,0.0013,0.0,115605504,10638266.0,33194486.0,0.4907
simple_cnn,CNN_f64_l3_bn0,CPU,"{'num_filters': 64, 'num_conv_layers': 3, 'use_batchnorm': False}",403850,403850,369664,34186,0,0,3,2,0,2,4,5,232182272,1615400,1.5406,5,256,0,0,0,16,4.2,31.1,0.0,0,1,0,0,0,0,57.19428,0.10088,4.0029,0.04804,19.89,11,232408448,3326568,1708072,1615400,0.9987,0.0003,0.0,0.0,0.0001,0.0009,0.0,115605504,21128041.0,44537794.0,0.7765
simple_cnn,CNN_f64_l3_bn1,CPU,"{'num_filters': 64, 'num_conv_layers': 3, 'use_batchnorm': True}",404746,404746,369664,34186,896,0,3,2,3,2,4,8,232583680,1618984,1.544,5,256,0,0,0,16,4.2,31.1,0.0,0,1,0,0,0,0,66.50828,0.31935,4.65244,0.03117,49.48,14,232809856,4132968,2510888,1618984,0.997,0.0003,0.0017,0.0,0.0001,0.0009,0.0,115605504,16629275.0,40407480.0,0.8585
simple_cnn,CNN_f64_l4_bn0,CPU,"{'num_filters': 64, 'num_conv_layers': 4, 'use_batchnorm': False}",993930,993930,959744,34186,0,0,4,2,0,3,5,6,463393280,3975720,3.7915,6,256,0,0,0,16,4.2,31.1,0.0,0,1,0,0,0,0,109.79612,1.4164,6.8279,0.06676,17.2,14,463682176,6138472,2159656,3975720,0.9992,0.0001,0.0,0.0,0.0001,0.0005,0.0,231211008,33120155.0,68050091.0,0.8658
simple_cnn,CNN_f64_l4_bn1,CPU,"{'num_filters': 64, 'num_conv_layers': 4, 'use_batchnorm': True}",995338,995338,959744,34186,1408,0,4,2,4,3,5,10,463895040,3981352,3.7969,6,256,0,0,0,16,4.2,31.1,0.0,0,1,0,0,0,0,120.51767,0.40729,7.51064,0.10953,91.99,18,464183936,7147624,3163176,3981352,0.9981,0.0001,0.0011,0.0,0.0001,0.0005,0.0,231211008,25787996.0,61562223.0,1.3571
simple_cnn,CNN_f64_l5_bn0,CPU,"{'num_filters': 64, 'num_conv_layers': 5, 'use_batchnorm': False}",1584010,1584010,1549824,34186,0,0,5,2,0,3,6,7,521196032,6336040,6.0425,7,256,0,0,0,16,4.2,31.1,0.0,0,1,0,0,0,0,123.94387,0.20601,7.47383,0.03246,11.93,16,521497472,8599144,2260008,6336040,0.9993,0.0001,0.0,0.0,0.0001,0.0005,0.0,231211008,32593592.0,64484648.0,1.6694
simple_cnn,CNN_f64_l5_bn1,CPU,"{'num_filters': 64, 'num_conv_layers': 5, 'use_batchnorm': True}",1585930,1585930,1549824,34186,1920,0,5,2,5,3,6,12,521722880,6343720,6.0498,7,256,0,0,0,16,4.2,31.1,0.0,0,1,0,0,0,0,136.99667,2.09386,8.39894,0.36921,93.91,21,522024320,9660520,3313704,6343720,0.9983,0.0001,0.001,0.0,0.0001,0.0005,0.0,231211008,24858301.0,57962724.0,1.6772
simple_cnn,CNN_f64_l6_bn0,CPU,"{'num_filters': 64, 'num_conv_layers': 6, 'use_batchnorm': False}",2174090,2174090,2139904,34186,0,0,6,2,0,4,7,8,578998784,8696360,8.2935,8,256,0,0,0,16,4.2,31.1,0.0,0,1,0,0,0,0,136.23405,0.68973,8.2977,0.42071,13.41,19,579315072,11069032,2369576,8696360,0.9993,0.0001,0.0,0.0,0.0001,0.0005,0.0,231211008,30490267.0,60353118.0,1.879
simple_cnn,CNN_f64_l6_bn1,CPU,"{'num_filters': 64, 'num_conv_layers': 6, 'use_batchnorm': True}",2176522,2176522,2139904,34186,2432,0,6,2,6,4,7,14,579550720,8706088,8.3028,8,256,0,0,0,16,4.2,31.1,0.0,0,1,0,0,0,0,143.28072,1.6929,8.5727,0.02208,98.05,25,579867008,12182632,3473448,8706088,0.9984,0.0001,0.001,0.0,0.0001,0.0005,0.0,231211008,23194680.0,54192690.0,2.1477
simple_cnn,CNN_f128_l1_bn0,CPU,"{'num_filters': 128, 'num_conv_layers': 1, 'use_batchnorm': False}",19082,19082,1280,17802,0,0,1,2,0,1,2,3,1841664,76328,0.0728,3,128,0,0,0,16,4.2,31.1,0.0,0,1,0,0,0,0,2.47322,0.06336,0.68425,0.00379,19.99,6,1942272,883816,804392,76328,0.93,0.0182,0.0,0.0,0.0,0.0517,0.0,1806336,323712.0,663986.0,0.1011
simple_cnn,CNN_f128_l1_bn1,CPU,"{'num_filters': 128, 'num_conv_layers': 1, 'use_batchnorm': True}",19338,19338,1280,17802,256,0,1,2,1,1,2,4,2042368,77352,0.0738,3,128,0,0,0,16,4.2,31.1,0.0,0,1,0,0,0,0,6.22176,0.02643,0.90816,0.00094,21.41,7,2142976,1286248,1205800,77352,0.8429,0.0165,0.0937,0.0,0.0,0.0469,0.0,1806336,306139.0,616237.0,0.1011
simple_cnn,CNN_f128_l2_bn0,CPU,"{'num_filters': 128, 'num_conv_layers': 2, 'use_batchnorm': False}",330634,330634,296448,34186,0,0,2,2,0,2,3,4,464296448,1322536,1.2613,4,256,0,0,0,16,4.2,31.1,0.0,0,1,0,0,0,0,122.52053,6.0777,8.99959,1.52507,21.69,9,464648064,3936872,2611240,1322536,0.9991,0.0001,0.0,0.0,0.0001,0.0006,0.0,462422016,51627563.0,145238805.0,1.2073
simple_cnn,CNN_f128_l2_bn1,CPU,"{'num_filters': 128, 'num_conv_layers': 2, 'use_batchnorm': True}",331402,331402,296448,34186,768,0,2,2,2,2,3,6,464898560,1325608,1.2642,4,256,0,0,0,16,4.2,31.1,0.0,0,1,0,0,0,0,138.46243,11.56752,9.00678,0.14014,42.69,11,465250176,5144168,3815464,1325608,0.9978,0.0001,0.0013,0.0,0.0001,0.0006,0.0,462422016,42295471.0,132856610.0,1.2262
simple_cnn,CNN_f128_l3_bn0,CPU,"{'num_filters': 128, 'num_conv_layers': 3, 'use_batchnorm': False}",1543562,1543562,1476608,66954,0,0,3,2,0,2,4,5,926784000,6174248,5.8882,5,512,0,0,0,16,4.2,31.1,0.0,0,1,0,0,0,0,205.27733,0.53417,12.56482,0.07751,20.94,11,927236224,9592424,3415080,6174248,0.9994,0.0001,0.0,0.0,0.0001,0.0004,0.0,462422016,84294202.0,178251851.0,2.1711
simple_cnn,CNN_f128_l3_bn1,CPU,"{'num_filters': 128, 'num_conv_layers': 3, 'use_batchnorm': True}",1545354,1545354,1476608,66954,1792,0,3,2,3,2,4,8,927586816,6181416,5.8951,5,512,0,0,0,16,4.2,31.1,0.0,0,1,0,0,0,0,219.6998,0.37666,14.19107,0.0764,47.58,14,928039040,11205224,5020712,6181416,0.9985,0.0001,0.0009,0.0,0.0001,0.0004,0.0,462422016,66288503.0,161721433.0,2.0094
simple_cnn,CNN_f128_l4_bn0,CPU,"{'num_filters': 128, 'num_conv_layers': 4, 'use_batchnorm': False}",3903370,3903370,3836416,66954,0,0,4,2,0,3,5,6,1851628032,15613480,14.8902,6,512,0,0,0,16,4.2,31.1,0.0,0,1,0,0,0,0,384.33795,1.05429,22.43471,0.09916,18.39,14,1852205696,19934824,4318248,15613480,0.9996,0.0001,0.0,0.0,0.0,0.0003,0.0,924844032,132300407.0,272286681.0,2.3894
simple_cnn,CNN_f128_l4_bn1,CPU,"{'num_filters': 128, 'num_conv_layers': 4, 'use_batchnorm': True}",3906186,3906186,3836416,66954,2816,0,4,2,4,3,5,10,1852631552,15624744,14.9009,6,512,0,0,0,16,4.2,31.1,0.0,0,1,0,0,0,0,395.74546,2.33777,23.84683,0.16803,94.2,18,1853209216,21953128,6325288,15624744,0.9991,0.0001,0.0005,0.0,0.0,0.0003,0.0,924844032,102956068.0,246329638.0,2.8061
simple_cnn,CNN_f128_l5_bn0,CPU,"{'num_filters': 128, 'num_conv_layers': 5, 'use_batchnorm': False}",6263178,6263178,6196224,66954,0,0,5,2,0,3,6,7,2082839040,25052712,23.8921,7,512,0,0,0,16,4.2,31.1,0.0,0,1,0,0,0,0,434.00534,8.7211,24.11739,0.32875,19.48,16,2083441792,29574760,4518952,25052712,0.9996,0.0001,0.0,0.0,0.0,0.0003,0.0,924844032,130215112.0,258017805.0,2.8245
simple_cnn,CNN_f128_l5_bn1,CPU,"{'num_filters': 128, 'num_conv_layers': 5, 'use_batchnorm': True}",6267018,6267018,6196224,66954,3840,0,5,2,5,3,6,12,2083892736,25068072,23.9068,7,512,0,0,0,16,4.2,31.1,0.0,0,1,0,0,0,0,452.21994,8.4192,26.088,0.38595,94.42,21,2084495488,31697512,6626344,25068072,0.9991,0.0001,0.0005,0.0,0.0,0.0003,0.0,924844032,99261690.0,231923258.0,4.5051
simple_cnn,CNN_f128_l6_bn0,CPU,"{'num_filters': 128, 'num_conv_layers': 6, 'use_batchnorm': False}",8622986,8622986,8556032,66954,0,0,6,2,0,4,7,8,2314050048,34491944,32.8941,8,512,0,0,0,16,4.2,31.1,0.0,0,1,0,0,0,0,625.23131,71.32595,35.95429,1.84677,16.52,19,2314682496,39233128,4738088,34491944,0.9997,0.0001,0.0,0.0,0.0,0.0002,0.0,924844032,121825395.0,241479871.0,4.6065
simple_cnn,CNN_f128_l6_bn1,CPU,"{'num_filters': 128, 'num_conv_layers': 6, 'use_batchnorm': True}",8627850,8627850,8556032,66954,4864,0,6,2,6,4,7,14,2315153920,34511400,32.9126,8,512,0,0,0,16,4.2,31.1,0.0,0,1,0,0,0,0,686.45112,18.43386,41.69134,0.66008,98.52,25,2315786368,41460328,6945832,34511400,0.9992,0.0001,0.0005,0.0,0.0,0.0002,0.0,924844032,92631455.0,216832725.0,5.2634
resnet_mnist,ResNet_1111_w16,CPU,"{'layers': [1, 1, 1, 1], 'base_width': 16}",308538,308538,305808,1290,1440,0,12,1,12,1,5,25,26177152,1234152,1.177,13,128,1,0,0,16,4.2,31.1,0.0,0,0,1,0,0,0,16.70607,0.15306,0.73463,0.00912,96.6,35,26237824,2097960,818728,1234152,0.9921,0.0001,0.0055,0.0,0.0,0.0023,0.0,4718592,749652.0,1384576.0,0.6498
resnet_mnist,ResNet_1111_w32,CPU,"{'layers': [1, 1, 1, 1], 'base_width': 32}",1228394,1228394,1222944,2570,2880,0,12,1,12,1,5,25,103963904,4913576,4.686,13,256,1,0,0,16,4.2,31.1,0.0,0,0,1,0,0,0,45.10631,0.90949,2.53386,0.01458,97.47,35,104085248,6638056,1637416,4913576,0.996,0.0,0.0028,0.0,0.0,0.0012,0.0,18874368,2973864.0,5549961.0,1.347
resnet_mnist,ResNet_1111_w64,CPU,"{'layers': [1, 1, 1, 1], 'base_width': 64}",4902090,4902090,4891200,5130,5760,0,12,1,12,1,5,25,414366208,19608360,18.7,13,512,1,0,0,16,4.2,31.1,0.0,0,0,1,0,0,0,150.37148,1.08378,8.01765,0.56552,98.03,35,414608896,23054184,3274792,19608360,0.998,0.0,0.0014,0.0,0.0,0.0006,0.0,75497472,11845968.0,22224623.0,2.8117
resnet_mnist,ResNet_2111_w16,CPU,"{'layers': [2, 1, 1, 1], 'base_width': 16}",313210,313210,310416,1290,1504,0,14,1,14,1,6,29,33452672,1252840,1.1948,15,128,1,0,0,16,4.2,31.1,0.0,0,0,1,0,0,0,21.50069,0.04012,1.0833,0.0096,95.89,41,33538432,2417704,1119784,1252840,0.9916,0.0001,0.0058,0.0,0.0,0.0026,0.0,4718592,818011.0,1443536.0,0.6997
resnet_mnist,ResNet_2111_w32,CPU,"{'layers': [2, 1, 1, 1], 'base_width': 32}",1246954,1246954,1241376,2570,3008,0,14,1,14,1,6,29,132965632,4987816,4.7568,15,256,1,0,0,16,4.2,31.1,0.0,0,0,1,0,0,0,58.81313,0.02188,3.38593,0.01126,96.48,41,133137152,7314408,2239528,4987816,0.9958,0.0,0.0029,0.0,0.0,0.0013,0.0,18874368,3247248.0,5786717.0,1.597
resnet_mnist,ResNet_2111_w64,CPU,"{'layers': [2, 1, 1, 1], 'base_width': 64}",4976074,4976074,4964928,5130,6016,0,14,1,14,1,6,29,530172416,19904296,18.9822,15,512,1,0,0,16,4.2,31.1,0.0,0,0,1,0,0,0,177.31896,10.43368,9.58254,0.50323,98.14,41,530515456,24554344,4479016,19904296,0.9979,0.0,0.0015,0.0,0.0,0.0006,0.0,75497472,12939401.0,23173217.0,3.1936
resnet_mnist,ResNet_2211_w16,CPU,"{'layers': [2, 2, 1, 1], 'base_width': 16}",331770,331770,328848,1290,1632,0,16,1,16,1,7,33,40703104,1327080,1.2656,17,128,1,0,0,16,4.2,31.1,0.0,0,0,1,0,0,0,21.4719,0.18422,1.03953,0.01488,96.22,47,40801408,2642472,1270312,1327080,0.9922,0.0001,0.0054,0.0,0.0,0.0024,0.0,4718592,868115.0,1484339.0,0.6646
resnet_mnist,ResNet_2211_w32,CPU,"{'layers': [2, 2, 1, 1], 'base_width': 32}",1320938,1320938,1315104,2570,3264,0,16,1,16,1,7,33,161917184,5283752,5.039,17,256,1,0,0,16,4.2,31.1,0.0,0,0,1,0,0,0,60.05546,0.15193,3.49303,0.06937,98.11,47,162113792,7911400,2540584,5283752,0.9961,0.0,0.0027,0.0,0.0,0.0012,0.0,18874368,3449230.0,5949678.0,1.4433
resnet_mnist,ResNet_2211_w64,CPU,"{'layers': [2, 2, 1, 1], 'base_width': 64}",5271498,5271498,5259840,5130,6528,0,16,1,16,1,7,33,645878272,21085992,20.1092,17,512,1,0,0,16,4.2,31.1,0.0,0,0,1,0,0,0,193.21436,0.89536,10.59969,0.04621,98.47,47,646271488,26338152,5081128,21085992,0.998,0.0,0.0014,0.0,0.0,0.0006,0.0,75497472,13750457.0,23824386.0,3.2427
resnet_mnist,ResNet_2221_w16,CPU,"{'layers': [2, 2, 2, 1], 'base_width': 16}",405754,405754,402576,1290,1888,0,18,1,18,1,8,37,47940992,1623016,1.5478,19,128,1,0,0,16,4.2,31.1,0.0,0,0,1,0,0,0,24.65039,0.15341,1.14486,0.01599,97.17,53,48045568,3013672,1345576,1623016,0.9929,0.0001,0.0048,0.0,0.0,0.0022,0.0,4718592,906520.0,1514223.0,0.7578
resnet_mnist,ResNet_2221_w32,CPU,"{'layers': [2, 2, 2, 1], 'base_width': 32}",1616362,1616362,1610016,2570,3776,0,18,1,18,1,8,37,190843648,6465448,6.1659,19,256,1,0,0,16,4.2,31.1,0.0,0,0,1,0,0,0,68.48667,0.31093,3.7809,0.01683,98.41,53,191052800,9243624,2691112,6465448,0.9965,0.0,0.0024,0.0,0.0,0.0011,0.0,18874368,3604770.0,6068553.0,1.8141
resnet_mnist,ResNet_2221_w64,CPU,"{'layers': [2, 2, 2, 1], 'base_width': 64}",6452170,6452170,6439488,5130,7552,0,18,1,18,1,8,37,761533952,25808680,24.6131,19,512,1,0,0,16,4.2,31.1,0.0,0,0,1,0,0,0,220.68244,0.99856,11.89808,0.06911,98.63,53,761952256,31361896,5382184,25808680,0.9982,0.0,0.0012,0.0,0.0,0.0005,0.0,75497472,14376458.0,24298434.0,4.1139
resnet_mnist,ResNet_2222_w16,CPU,"{'layers': [2, 2, 2, 2], 'base_width': 16}",701178,701178,697488,1290,2400,0,20,1,20,1,9,41,57386368,2804712,2.6748,21,128,1,0,0,16,4.2,31.1,0.0,0,0,1,0,0,0,28.14988,0.09621,1.24409,0.03483,98.04,59,57495040,4244520,1394728,2804712,0.9939,0.0,0.0042,0.0,0.0,0.0019,0.0,4718592,974492.0,1613388.0,0.8794
resnet_mnist,ResNet_2222_w32,CPU,"{'layers': [2, 2, 2, 2], 'base_width': 32}",2797034,2797034,2789664,2570,4800,0,20,1,20,1,9,41,228608768,11188136,10.6698,21,256,1,0,0,16,4.2,31.1,0.0,0,0,1,0,0,0,79.5469,0.27528,4.16245,0.04653,98.56,59,228826112,14064616,2789416,11188136,0.9969,0.0,0.0021,0.0,0.0,0.0009,0.0,18874368,3878409.0,6464444.0,1.8551
resnet_mnist,ResNet_2222_w64,CPU,"{'layers': [2, 2, 2, 2], 'base_width': 64}",11172810,11172810,11158080,5130,9600,0,20,1,20,1,9,41,912561664,44691240,42.6209,21,512,1,0,0,16,4.2,31.1,0.0,0,0,1,0,0,0,257.43127,2.22892,13.19827,0.17616,98.74,59,912996352,50441064,5578792,44691240,0.9985,0.0,0.0011,0.0,0.0,0.0005,0.0,75497472,15474514.0,25880322.0,5.145
resnet_mnist,ResNet_3333_w16,CPU,"{'layers': [3, 3, 3, 3], 'base_width': 16}",1093818,1093818,1089168,1290,3360,0,28,1,28,1,13,57,88595584,4375272,4.1726,29,128,1,0,0,16,4.2,31.1,0.0,0,0,1,0,0,0,41.51395,0.17242,1.76928,0.01849,98.34,83,88752256,6391080,1970728,4375272,0.9944,0.0,0.0038,0.0,0.0,0.0018,0.0,4718592,1069304.0,1691739.0,1.4044
resnet_mnist,ResNet_3333_w32,CPU,"{'layers': [3, 3, 3, 3], 'base_width': 32}",4365674,4365674,4356384,2570,6720,0,28,1,28,1,13,57,353253632,17462696,16.6537,29,256,1,0,0,16,4.2,31.1,0.0,0,0,1,0,0,0,116.20379,0.26804,6.11018,0.07201,98.56,83,353566976,21491176,3941416,17462696,0.9972,0.0,0.0019,0.0,0.0,0.0009,0.0,18874368,4259843.0,6777284.0,3.5824
resnet_mnist,ResNet_3333_w64,CPU,"{'layers': [3, 3, 3, 3], 'base_width': 64}",17443530,17443530,17424960,5130,13440,0,28,1,28,1,13,57,1410757120,69774120,66.5418,29,512,1,0,0,16,4.2,31.1,0.0,0,0,1,0,0,0,450.96259,46.50235,25.46281,1.02451,98.5,83,1411383808,77827944,7882792,69774120,0.9986,0.0,0.001,0.0,0.0,0.0004,0.0,75497472,17004624.0,27130323.0,8.1125
mobilenet_mnist,MobileNet_w0.25_b3,CPU,"{'width_mult': 0.25, 'num_blocks': 3}",4362,4362,3120,650,592,0,10,1,10,1,7,21,2121216,17448,0.0166,11,64,1,1,0,16,4.2,31.1,0.0,0,0,0,1,0,0,14.28187,0.17366,0.92899,0.00791,30.0,29,2212224,1187432,1166888,17448,0.8676,0.0006,0.0907,0.0,0.0,0.0,0.0,602112,76284.0,118136.0,0.7885
mobilenet_mnist,MobileNet_w0.25_b5,CPU,"{'width_mult': 0.25, 'num_blocks': 5}",12330,12330,10432,650,1248,0,16,1,16,1,11,33,2827600,49320,0.047,17,96,1,1,0,16,4.2,31.1,0.0,0,0,0,1,0,0,18.96552,0.32983,0.98584,0.01145,52.59,45,2930368,1376104,1323688,49320,0.8866,0.0004,0.0779,0.0,0.0,0.0,0.0,602112,65119.0,102840.0,1.1876
mobilenet_mnist,MobileNet_w0.25_b7,CPU,"{'width_mult': 0.25, 'num_blocks': 7}",39754,39754,36368,650,2736,0,22,1,22,1,15,45,5442240,159016,0.1516,23,192,1,1,0,16,4.2,31.1,0.0,0,0,0,1,0,0,26.73025,0.18215,1.2242,0.01392,77.14,61,5577936,1909160,1747048,159016,0.9215,0.0002,0.054,0.0,0.0,0.0,0.0,752640,91442.0,156333.0,1.4915
mobilenet_mnist,MobileNet_w0.25_b10,CPU,"{'width_mult': 0.25, 'num_blocks': 10}",144250,144250,137072,650,6528,0,31,1,31,1,21,63,15497040,577000,0.5503,32,336,1,1,0,16,4.2,31.1,0.0,0,0,0,1,0,0,44.57211,0.40893,2.0636,0.02414,90.38,85,15717408,3409064,2828968,577000,0.9549,0.0001,0.031,0.0,0.0,0.0,0.0,2107392,184911.0,401915.0,2.3855
mobilenet_mnist,MobileNet_w0.5_b3,CPU,"{'width_mult': 0.5, 'num_blocks': 3}",8682,8682,6520,1290,872,0,10,1,10,1,7,21,3773600,34728,0.0331,11,128,1,1,0,16,4.2,31.1,0.0,0,0,0,1,0,0,17.66867,0.12028,1.26897,0.00927,40.57,29,3899168,1637736,1599912,34728,0.8968,0.0007,0.0704,0.0,0.0,0.0,0.0,802816,134454.0,194964.0,0.7216
mobilenet_mnist,MobileNet_w0.5_b5,CPU,"{'width_mult': 0.5, 'num_blocks': 5}",36650,36650,33176,1290,2184,0,16,1,16,1,11,33,6290240,146600,0.1398,17,192,1,1,0,16,4.2,31.1,0.0,0,0,0,1,0,0,24.69491,0.24101,1.4957,0.01208,73.54,45,6439328,2063208,1913512,146600,0.9253,0.0004,0.0511,0.0,0.0,0.0,0.0,903168,143096.0,215524.0,1.1057
mobilenet_mnist,MobileNet_w0.5_b7,CPU,"{'width_mult': 0.5, 'num_blocks': 7}",137322,137322,130872,1290,5160,0,22,1,22,1,15,45,16010272,549288,0.5238,23,384,1,1,0,16,4.2,31.1,0.0,0,0,0,1,0,0,38.38354,0.05647,2.19746,0.01593,93.48,61,16225216,3312616,2760232,549288,0.9573,0.0002,0.0293,0.0,0.0,0.0,0.0,3010560,265987.0,565217.0,1.6852
mobilenet_mnist,MobileNet_w0.5_b10,CPU,"{'width_mult': 0.5, 'num_blocks': 10}",532170,532170,518136,1290,12744,0,31,1,31,1,21,63,54333760,2128680,2.0301,32,672,1,1,0,16,4.2,31.1,0.0,0,0,0,1,0,0,78.08429,0.12464,4.41664,0.14253,96.17,85,54718048,7055848,4924072,2128680,0.9775,0.0,0.0155,0.0,0.0,0.0,0.0,8429568,643742.0,1609949.0,2.6134
mobilenet_mnist,MobileNet_w0.75_b3,CPU,"{'width_mult': 0.75, 'num_blocks': 3}",16882,16882,13644,1930,1308,0,10,1,10,1,7,21,7626672,67528,0.0644,11,192,1,1,0,16,4.2,31.1,0.0,0,0,0,1,0,0,27.83014,1.04428,2.21211,0.06167,49.08,29,7815024,2470472,2399848,67528,0.9227,0.0005,0.0527,0.0,0.0,0.0,0.0,1806336,269484.0,437034.0,0.8277
mobilenet_mnist,MobileNet_w0.75_b5,CPU,"{'width_mult': 0.75, 'num_blocks': 5}",76882,76882,71676,1930,3276,0,16,1,16,1,11,33,13057440,307528,0.2933,17,288,1,1,0,16,4.2,31.1,0.0,0,0,0,1,0,0,37.02567,0.30573,2.64522,0.13442,84.11,45,13281072,3180872,2870248,307528,0.9457,0.0003,0.0372,0.0,0.0,0.0,0.0,2032128,295135.0,486191.0,1.3084
mobilenet_mnist,MobileNet_w0.75_b7,CPU,"{'width_mult': 0.75, 'num_blocks': 7}",296626,296626,286956,1930,7740,0,22,1,22,1,15,45,34373616,1186504,1.1315,23,576,1,1,0,16,4.2,31.1,0.0,0,0,0,1,0,0,58.27291,1.21825,3.75332,0.23833,94.93,61,34696032,5329928,4140328,1186504,0.9701,0.0001,0.0205,0.0,0.0,0.0,0.0,6773760,568787.0,1277550.0,6.2357
mobilenet_mnist,MobileNet_w0.75_b10,CPU,"{'width_mult': 0.75, 'num_blocks': 10}",1167682,1167682,1146636,1930,19116,0,31,1,31,1,21,63,119179680,4670728,4.4544,32,1008,1,1,0,16,4.2,31.1,0.0,0,0,0,1,0,0,123.54479,0.79761,8.10836,0.11192,96.29,85,119756112,12059912,7386088,4670728,0.9845,0.0,0.0106,0.0,0.0,0.0,0.0,18966528,1408895.0,3632281.0,3.1374
mobilenet_mnist,MobileNet_w1.0_b3,CPU,"{'width_mult': 1.0, 'num_blocks': 3}",27658,27658,23344,2570,1744,0,10,1,10,1,7,21,12790592,110632,0.1055,11,256,1,1,0,16,4.2,31.1,0.0,0,0,0,1,0,0,34.57081,0.44401,2.89282,0.00839,56.39,29,13041728,3313512,3199784,110632,0.9383,0.0004,0.0421,0.0,0.0,0.0,0.0,3211264,449715.0,780025.0,1.018
mobilenet_mnist,MobileNet_w1.0_b5,CPU,"{'width_mult': 1.0, 'num_blocks': 5}",131722,131722,124784,2570,4368,0,16,1,16,1,11,33,22239360,526888,0.5025,17,384,1,1,0,16,4.2,31.1,0.0,0,0,0,1,0,0,47.72996,0.14458,3.62999,0.0302,88.55,45,22537536,4356968,3826984,526888,0.9573,0.0002,0.0292,0.0,0.0,0.0,0.0,3612672,500834.0,868667.0,1.4627
mobilenet_mnist,MobileNet_w1.0_b7,CPU,"{'width_mult': 1.0, 'num_blocks': 7}",516362,516362,503472,2570,10320,0,22,1,22,1,15,45,59642432,2065448,1.9698,23,768,1,1,0,16,4.2,31.1,0.0,0,0,0,1,0,0,80.13146,0.45578,5.58542,0.02096,95.94,61,60072320,7588968,5520424,2065448,0.9769,0.0001,0.0158,0.0,0.0,0.0,0.0,12042240,984792.0,2277954.0,2.5955
mobilenet_mnist,MobileNet_w1.0_b10,CPU,"{'width_mult': 1.0, 'num_blocks': 10}",2049482,2049482,2021424,2570,25488,0,31,1,31,1,21,63,209144960,8197928,7.8182,32,1344,1,1,0,16,4.2,31.1,0.0,0,0,0,1,0,0,180.40635,1.69112,11.73578,0.33474,97.39,85,209913536,18049128,9848104,8197928,0.9882,0.0,0.0081,0.0,0.0,0.0,0.0,33718272,2469571.0,6467387.0,3.971
mobilenet_mnist,MobileNet_w1.5_b3,CPU,"{'width_mult': 1.5, 'num_blocks': 3}",56938,56938,50472,3850,2616,0,10,1,10,1,7,21,27050976,227752,0.2172,11,384,1,1,0,16,4.2,31.1,0.0,0,0,0,1,0,0,55.6799,0.18889,5.24647,0.02175,67.48,29,27427680,5030504,4799656,227752,0.956,0.0003,0.03,0.0,0.0,0.0,0.0,7225344,945782.0,1768687.0,1.0759
mobilenet_mnist,MobileNet_w1.5_b5,CPU,"{'width_mult': 1.5, 'num_blocks': 5}",285226,285226,274824,3850,6552,0,16,1,16,1,11,33,47847360,1140904,1.0881,17,576,1,1,0,16,4.2,31.1,0.0,0,0,0,1,0,0,75.54016,0.42287,6.44213,0.02008,93.48,45,48294624,6884456,5740456,1140904,0.9701,0.0002,0.0205,0.0,0.0,0.0,0.0,8128512,1073214.0,1968960.0,1.7838
mobilenet_mnist,MobileNet_w1.5_b7,CPU,"{'width_mult': 1.5, 'num_blocks': 7}",1137130,1137130,1117800,3850,15480,0,22,1,22,1,15,45,130896480,4548520,4.3378,23,1152,1,1,0,16,4.2,31.1,0.0,0,0,0,1,0,0,131.36259,0.26797,10.17962,0.17472,96.65,61,131541312,12832232,8280616,4548520,0.9842,0.0001,0.0108,0.0,0.0,0.0,0.0,27095040,2156415.0,5142947.0,2.6447
mobilenet_mnist,MobileNet_w1.5_b10,CPU,"{'width_mult': 1.5, 'num_blocks': 10}",4551946,4551946,4509864,3850,38232,0,31,1,31,1,21,63,464433600,18207784,17.3643,32,2016,1,1,0,16,4.2,31.1,0.0,0,0,0,1,0,0,315.41387,3.18286,19.88845,0.369,97.68,85,465586464,32983016,14772136,18207784,0.9921,0.0,0.0055,0.0,0.0,0.0,0.0,75866112,5477488.0,14575916.0,4.78
transformer,ViT_d64_l2_h4_p4,CPU,"{'img_size': 32, 'patch_size': 4, 'in_channels': 3, 'num_classes': 10, 'embed_dim': 64, 'num_layers': 2, 'num_heads': 4}",108106,108106,3136,100106,0,4864,1,9,0,0,2,10,3027304,432424,0.4124,10,256,1,0,1,16,4.2,31.1,0.0,0,0,0,0,1,0,12.17433,0.48031,1.143,0.06331,36.17,24,728384,1195592,850504,415528,0.5398,0.2717,0.0,0.1428,0.0,0.0,0.0457,393216,42846.0,88039.0,0.4357
transformer,ViT_d64_l4_h4_p4,CPU,"{'img_size': 32, 'patch_size': 4, 'in_channels': 3, 'num_classes': 10, 'embed_dim': 64, 'num_layers': 4, 'num_heads': 4}",208074,208074,3136,199562,0,5376,1,17,0,0,4,18,5639312,832296,0.7937,18,256,1,0,1,16,4.2,31.1,0.0,0,0,0,0,1,0,25.11061,0.32074,2.23612,0.07761,36.35,44,1041472,2329704,1651304,815400,0.3776,0.3788,0.0,0.1797,0.0,0.0,0.0639,393216,33596.0,66212.0,0.8123
transformer,ViT_d64_l2_h4_p8,CPU,"{'img_size': 32, 'patch_size': 8, 'in_channels': 3, 'num_classes': 10, 'embed_dim': 64, 'num_layers': 2, 'num_heads': 4}",114250,114250,12352,100106,0,1792,1,9,0,0,2,10,777832,457000,0.4358,10,256,1,0,1,16,4.2,31.1,0.0,0,0,0,0,1,0,4.40828,0.01644,0.19433,0.00839,36.73,24,627008,639560,196168,452392,0.6271,0.3156,0.0,0.0434,0.0,0.0,0.0139,393216,36883.0,89875.0,0.3672
transformer,ViT_d128_l2_h4_p4,CPU,"{'img_size': 32, 'patch_size': 4, 'in_channels': 3, 'num_classes': 10, 'embed_dim': 128, 'num_layers': 2, 'num_heads': 4}",412810,412810,6272,396810,0,9728,1,9,0,0,2,10,6278824,1651240,1.5747,10,512,1,0,1,16,4.2,31.1,0.0,0,0,0,0,1,0,27.55954,0.45357,2.3716,0.04076,37.34,24,1849984,3030088,1565768,1617448,0.4251,0.4265,0.0,0.1124,0.0,0.0,0.036,786432,108823.0,174596.0,0.5867
transformer,ViT_d128_l4_h4_p4,CPU,"{'img_size': 32, 'patch_size': 4, 'in_channels': 3, 'num_classes': 10, 'embed_dim': 128, 'num_layers': 4, 'num_heads': 4}",809354,809354,6272,792330,0,10752,1,17,0,0,4,18,11727056,3237416,3.0874,18,512,1,0,1,16,4.2,31.1,0.0,0,0,0,0,1,0,57.21775,0.54936,4.61675,0.00329,36.91,44,2869376,5949544,3032168,3203624,0.2741,0.549,0.0,0.1305,0.0,0.0,0.0464,786432,92561.0,133596.0,1.0457
transformer,ViT_d128_l6_h4_p4,CPU,"{'img_size': 32, 'patch_size': 4, 'in_channels': 3, 'num_classes': 10, 'embed_dim': 128, 'num_layers': 6, 'num_heads': 4}",1205898,1205898,6272,1187850,0,11776,1,25,0,0,6,26,17175288,4823592,4.6001,26,512,1,0,1,16,4.2,31.1,0.0,0,0,0,0,1,0,85.19905,0.31207,6.97114,0.03368,36.23,64,3888768,8869000,4498568,4789800,0.2022,0.6074,0.0,0.1391,0.0,0.0,0.0513,786432,86417.0,113740.0,1.6454
transformer,ViT_d128_l2_h8_p4,CPU,"{'img_size': 32, 'patch_size': 4, 'in_channels': 3, 'num_classes': 10, 'embed_dim': 128, 'num_layers': 2, 'num_heads': 8}",412810,412810,6272,396810,0,9728,1,9,0,0,2,10,6447824,1651240,1.5747,10,512,1,0,1,16,4.2,31.1,0.0,0,0,0,0,1,0,31.65795,0.49263,2.79281,0.04346,36.04,24,1849984,3165288,1700968,1617448,0.4251,0.4265,0.0,0.1124,0.0,0.0,0.036,786432,108823.0,174596.0,0.6009
transformer,ViT_d128_l4_h8_p4,CPU,"{'img_size': 32, 'patch_size': 4, 'in_channels': 3, 'num_classes': 10, 'embed_dim': 128, 'num_layers': 4, 'num_heads': 8}",809354,809354,6272,792330,0,10752,1,17,0,0,4,18,12065056,3237416,3.0874,18,512,1,0,1,16,4.2,31.1,0.0,0,0,0,0,1,0,62.32085,0.62166,5.40592,0.01888,36.07,44,2869376,6219944,3302568,3203624,0.2741,0.549,0.0,0.1305,0.0,0.0,0.0464,786432,92561.0,133596.0,1.1064
transformer,ViT_d256_l2_h8_p4,CPU,"{'img_size': 32, 'patch_size': 4, 'in_channels': 3, 'num_classes': 10, 'embed_dim': 256, 'num_layers': 2, 'num_heads': 8}",1612042,1612042,12544,1580042,0,19456,1,9,0,0,2,10,14130512,6448168,6.1495,10,1024,1,0,1,16,4.2,31.1,0.0,0,0,0,0,1,0,85.16845,0.62948,6.61165,0.0246,37.99,24,5272832,9193576,3131496,6380584,0.2983,0.5976,0.0,0.0789,0.0,0.0,0.0252,1572864,310167.0,369821.0,1.0994
transformer,ViT_d256_l4_h8_p4,CPU,"{'img_size': 32, 'patch_size': 4, 'in_channels': 3, 'num_classes': 10, 'embed_dim': 256, 'num_layers': 4, 'num_heads': 8}",3191562,3191562,12544,3157514,0,21504,1,17,0,0,4,18,26599840,12766248,12.1748,18,1024,1,0,1,16,4.2,31.1,0.0,0,0,0,0,1,0,165.77404,0.86482,13.36112,0.2545,36.62,44,8884480,18178216,6064296,12698664,0.177,0.7087,0.0,0.0843,0.0,0.0,0.03,1572864,286596.0,305535.0,2.0189
gan,GAN_z64_G128_256,CPU,"{'latent_dim': 64, 'img_size': 32, 'img_channels': 3, 'g_hidden_dims': [128, 256], 'd_hidden_dims': [256, 128]}",1651329,1651329,0,1650561,768,0,0,6,2,0,4,8,0,6605316,6.2993,6,3072,0,0,0,16,4.2,31.1,0.0,0,0,0,0,0,1,4.45761,0.03594,0.3414,0.00327,0.0,,,,,,,,,,,,,,,,
gan,GAN_z64_G128_256_512,CPU,"{'latent_dim': 64, 'img_size': 32, 'img_channels': 3, 'g_hidden_dims': [128, 256, 512], 'd_hidden_dims': [512, 256, 128]}",3488385,3488385,0,3486593,1792,0,0,8,3,0,6,11,0,13953540,13.3071,8,3072,0,0,0,16,4.2,31.1,0.0,0,0,0,0,0,1,9.10258,0.13794,0.61694,0.00909,0.0,,,,,,,,,,,,,,,,
gan,GAN_z128_G256_512,CPU,"{'latent_dim': 128, 'img_size': 32, 'img_channels': 3, 'g_hidden_dims': [256, 512], 'd_hidden_dims': [512, 256]}",3447041,3447041,0,3445505,1536,0,0,6,2,0,4,8,0,13788164,13.1494,6,3072,0,0,0,16,4.2,31.1,0.0,0,0,0,0,0,1,8.61309,0.06441,0.60276,0.00724,0.0,,,,,,,,,,,,,,,,
gan,GAN_z128_G256_512_1024,CPU,"{'latent_dim': 128, 'img_size': 32, 'img_channels': 3, 'g_hidden_dims': [256, 512, 1024], 'd_hidden_dims': [1024, 512, 256]}",7645441,7645441,0,7641857,3584,0,0,8,3,0,6,11,0,30581764,29.165,8,3072,0,0,0,16,4.2,31.1,0.0,0,0,0,0,0,1,21.9778,0.06802,1.25579,0.00593,0.0,,,,,,,,,,,,,,,,
gan,GAN_z128_G128_256_512_256,CPU,"{'latent_dim': 128, 'img_size': 32, 'img_channels': 3, 'g_hidden_dims': [128, 256, 512, 256], 'd_hidden_dims': [256, 512, 256, 128]}",2186881,2186881,0,2184577,2304,0,0,10,4,0,8,14,0,8747524,8.3423,10,3072,0,0,0,16,4.2,31.1,0.0,0,0,0,0,0,1,6.95074,0.13419,0.50723,0.0167,0.0,,,,,,,,,,,,,,,,
gan,GAN_z256_G256_512_1024,CPU,"{'latent_dim': 256, 'img_size': 32, 'img_channels': 3, 'g_hidden_dims': [256, 512, 1024], 'd_hidden_dims': [1024, 512, 256]}",7678209,7678209,0,7674625,3584,0,0,8,3,0,6,11,0,30712836,29.29,8,3072,0,0,0,16,4.2,31.1,0.0,0,0,0,0,0,1,22.08508,0.25255,1.32382,0.00527,0.0,,,,,,,,,,,,,,,,
gan,GAN_z256_G512_1024_512,CPU,"{'latent_dim': 256, 'img_size': 32, 'img_channels': 3, 'g_hidden_dims': [512, 1024, 512], 'd_hidden_dims': [512, 1024, 512]}",5385729,5385729,0,5381633,4096,0,0,8,3,0,6,11,0,21542916,20.5449,8,3072,0,0,0,16,4.2,31.1,0.0,0,0,0,0,0,1,15.64056,0.08368,0.94857,0.00637,0.0,,,,,,,,,,,,,,,,
gan,GAN_z256_G256_512_1024_512,CPU,"{'latent_dim': 256, 'img_size': 32, 'img_channels': 3, 'g_hidden_dims': [256, 512, 1024, 512], 'd_hidden_dims': [512, 1024, 512, 256]}",5583105,5583105,0,5578497,4608,0,0,10,4,0,8,14,0,22332420,21.2979,10,3072,0,0,0,16,4.2,31.1,0.0,0,0,0,0,0,1,16.597,0.28396,0.98333,0.00302,0.0,,,,,,,,,,,,,,,,
simple_ann,ANN_h16_l1,GPU(CUDA),"{'hidden_size': 16, 'num_layers': 1}",12730,12730,0,12730,0,0,0,2,0,0,1,2,25408,50920,0.0486,2,16,0,0,0,16,4.2,31.1,8.0,1,0,0,0,0,0,0.52853,0.03121,0.00945,0.01071,89.94,3,25424,54184,168,50920,0.0,0.9994,0.0,0.0,0.0,0.0006,0.0,25088,8475.0,11748.0,0.103
simple_ann,ANN_h16_l2,GPU(CUDA),"{'hidden_size': 16, 'num_layers': 2}",13002,13002,0,13002,0,0,0,3,0,0,2,3,25920,52008,0.0496,3,16,0,0,0,16,4.2,31.1,8.0,1,0,0,0,0,0,0.65188,0.00818,0.00539,0.00286,86.53,5,25952,55400,296,52008,0.0,0.9988,0.0,0.0,0.0,0.0012,0.0,25088,5190.0,9951.0,0.1376
simple_ann,ANN_h16_l3,GPU(CUDA),"{'hidden_size': 16, 'num_layers': 3}",13274,13274,0,13274,0,0,0,4,0,0,3,4,26432,53096,0.0506,4,16,0,0,0,16,4.2,31.1,8.0,1,0,0,0,0,0,0.77351,0.00416,0.00295,0.00086,81.42,7,26480,56616,424,53096,0.0,0.9982,0.0,0.0,0.0,0.0018,0.0,25088,3783.0,8700.0,0.1822
simple_ann,ANN_h16_l4,GPU(CUDA),"{'hidden_size': 16, 'num_layers': 4}",13546,13546,0,13546,0,0,0,5,0,0,4,5,26944,54184,0.0517,5,16,0,0,0,16,4.2,31.1,8.0,1,0,0,0,0,0,0.94249,0.01286,0.00265,5e-05,44.95,9,27008,57832,552,54184,0.0,0.9976,0.0,0.0,0.0,0.0024,0.0,25088,3001.0,7812.0,0.6832
simple_ann,ANN_h16_l5,GPU(CUDA),"{'hidden_size': 16, 'num_layers': 5}",13818,13818,0,13818,0,0,0,6,0,0,5,6,27456,55272,0.0527,6,16,0,0,0,16,4.2,31.1,8.0,1,0,0,0,0,0,1.06001,0.02879,0.0051,0.0016,13.71,11,27536,59048,680,55272,0.0,0.9971,0.0,0.0,0.0,0.0029,0.0,25088,2503.0,7145.0,0.2894
simple_ann,ANN_h16_l6,GPU(CUDA),"{'hidden_size': 16, 'num_layers': 6}",14090,14090,0,14090,0,0,0,7,0,0,6,7,27968,56360,0.0537,7,16,0,0,0,16,4.2,31.1,8.0,1,0,0,0,0,0,1.1674,0.00628,0.0046,0.00103,10.99,13,28064,60264,808,56360,0.0,0.9966,0.0,0.0,0.0,0.0034,0.0,25088,2159.0,6623.0,0.3305
simple_ann,ANN_h16_l8,GPU(CUDA),"{'hidden_size': 16, 'num_layers': 8}",14634,14634,0,14634,0,0,0,9,0,0,8,9,28992,58536,0.0558,9,16,0,0,0,16,4.2,31.1,8.0,1,0,0,0,0,0,1.36153,0.01544,0.00535,0.00091,11.01,17,29120,62696,1064,58536,0.0,0.9956,0.0,0.0,0.0,0.0044,0.0,25088,1713.0,5848.0,0.946
simple_ann,ANN_h32_l1,GPU(CUDA),"{'hidden_size': 32, 'num_layers': 1}",25450,25450,0,25450,0,0,0,2,0,0,1,2,50816,101800,0.0971,2,32,0,0,0,16,4.2,31.1,8.0,1,0,0,0,0,0,0.5063,0.00234,0.00235,0.00077,90.85,3,50848,105192,296,101800,0.0,0.9994,0.0,0.0,0.0,0.0006,0.0,50176,16949.0,23496.0,0.087
simple_ann,ANN_h32_l2,GPU(CUDA),"{'hidden_size': 32, 'num_layers': 2}",26506,26506,0,26506,0,0,0,3,0,0,2,3,52864,106024,0.1011,3,32,0,0,0,16,4.2,31.1,8.0,1,0,0,0,0,0,0.65065,0.00687,0.00238,0.0006,89.62,5,52928,109672,552,106024,0.0,0.9988,0.0,0.0,0.0,0.0012,0.0,50176,10586.0,19809.0,0.1439
simple_ann,ANN_h32_l3,GPU(CUDA),"{'hidden_size': 32, 'num_layers': 3}",27562,27562,0,27562,0,0,0,4,0,0,3,4,54912,110248,0.1051,4,32,0,0,0,16,4.2,31.1,8.0,1,0,0,0,0,0,0.81392,0.00615,0.00359,0.00091,85.33,7,55008,114152,808,110248,0.0,0.9983,0.0,0.0,0.0,0.0017,0.0,50176,7858.0,17296.0,0.201
simple_ann,ANN_h32_l4,GPU(CUDA),"{'hidden_size': 32, 'num_layers': 4}",28618,28618,0,28618,0,0,0,5,0,0,4,5,56960,114472,0.1092,5,32,0,0,0,16,4.2,31.1,8.0,1,0,0,0,0,0,0.9476,0.00158,0.00572,0.0034,51.95,9,57088,118632,1064,114472,0.0,0.9978,0.0,0.0,0.0,0.0022,0.0,50176,6343.0,15522.0,0.7025
simple_ann,ANN_h32_l5,GPU(CUDA),"{'hidden_size': 32, 'num_layers': 5}",29674,29674,0,29674,0,0,0,6,0,0,5,6,59008,118696,0.1132,6,32,0,0,0,16,4.2,31.1,8.0,1,0,0,0,0,0,1.0394,0.0192,0.00562,0.00152,19.58,11,59168,123112,1320,118696,0.0,0.9973,0.0,0.0,0.0,0.0027,0.0,50176,5379.0,14195.0,0.3203
simple_ann,ANN_h32_l6,GPU(CUDA),"{'hidden_size': 32, 'num_layers': 6}",30730,30730,0,30730,0,0,0,7,0,0,6,7,61056,122920,0.1172,7,32,0,0,0,16,4.2,31.1,8.0,1,0,0,0,0,0,1.07926,0.01007,0.00524,0.0008,13.23,13,61248,127592,1576,122920,0.0,0.9969,0.0,0.0,0.0,0.0031,0.0,50176,4711.0,13157.0,0.6856
simple_ann,ANN_h32_l8,GPU(CUDA),"{'hidden_size': 32, 'num_layers': 8}",32842,32842,0,32842,0,0,0,9,0,0,8,9,65152,131368,0.1253,9,32,0,0,0,16,4.2,31.1,8.0,1,0,0,0,0,0,1.31451,0.02029,0.00636,0.00093,11.35,17,65408,136552,2088,131368,0.0,0.9961,0.0,0.0,0.0,0.0039,0.0,50176,3848.0,11621.0,0.7476
simple_ann,ANN_h64_l1,GPU(CUDA),"{'hidden_size': 64, 'num_layers': 1}",50890,50890,0,50890,0,0,0,2,0,0,1,2,101632,203560,0.1941,2,64,0,0,0,16,4.2,31.1,8.0,1,0,0,0,0,0,0.53413,0.0077,0.00213,0.00051,91.0,3,101696,207208,552,203560,0.0,0.9994,0.0,0.0,0.0,0.0006,0.0,100352,33899.0,46992.0,0.1286
simple_ann,ANN_h64_l2,GPU(CUDA),"{'hidden_size': 64, 'num_layers': 2}",55050,55050,0,55050,0,0,0,3,0,0,2,3,109824,220200,0.21,3,64,0,0,0,16,4.2,31.1,8.0,1,0,0,0,0,0,0.66913,0.01013,0.00262,0.00073,90.19,5,109952,224360,1064,220200,0.0,0.9988,0.0,0.0,0.0,0.0012,0.0,100352,21990.0,39297.0,0.2126
simple_ann,ANN_h64_l3,GPU(CUDA),"{'hidden_size': 64, 'num_layers': 3}",59210,59210,0,59210,0,0,0,4,0,0,3,4,118016,236840,0.2259,4,64,0,0,0,16,4.2,31.1,8.0,1,0,0,0,0,0,0.81531,0.00922,0.00341,0.00075,87.28,7,118208,241512,1576,236840,0.0,0.9984,0.0,0.0,0.0,0.0016,0.0,100352,16887.0,34247.0,0.1838
simple_ann,ANN_h64_l4,GPU(CUDA),"{'hidden_size': 64, 'num_layers': 4}",63370,63370,0,63370,0,0,0,5,0,0,4,5,126208,253480,0.2417,5,64,0,0,0,16,4.2,31.1,8.0,1,0,0,0,0,0,0.93966,0.01799,0.00329,0.00046,70.14,9,126464,258664,2088,253480,0.0,0.998,0.0,0.0,0.0,0.002,0.0,100352,14052.0,30725.0,0.2427
simple_ann,ANN_h64_l5,GPU(CUDA),"{'hidden_size': 64, 'num_layers': 5}",67530,67530,0,67530,0,0,0,6,0,0,5,6,134400,270120,0.2576,6,64,0,0,0,16,4.2,31.1,8.0,1,0,0,0,0,0,0.9743,0.00652,0.00412,0.0013,15.87,11,134720,275816,2600,270120,0.0,0.9976,0.0,0.0,0.0,0.0024,0.0,100352,12247.0,28108.0,0.3051
simple_ann,ANN_h64_l6,GPU(CUDA),"{'hidden_size': 64, 'num_layers': 6}",71690,71690,0,71690,0,0,0,7,0,0,6,7,142592,286760,0.2735,7,64,0,0,0,16,4.2,31.1,8.0,1,0,0,0,0,0,0.97653,0.02953,0.00412,0.00095,11.35,13,142976,292968,3112,286760,0.0,0.9973,0.0,0.0,0.0,0.0027,0.0,100352,10998.0,26070.0,0.362
simple_ann,ANN_h64_l8,GPU(CUDA),"{'hidden_size': 64, 'num_layers': 8}",80010,80010,0,80010,0,0,0,9,0,0,8,9,158976,320040,0.3052,9,64,0,0,0,16,4.2,31.1,8.0,1,0,0,0,0,0,1.25359,0.03695,0.00691,0.00176,11.35,17,159488,327272,4136,320040,0.0,0.9968,0.0,0.0,0.0,0.0032,0.0,100352,9382.0,23067.0,0.4457
simple_ann,ANN_h128_l1,GPU(CUDA),"{'hidden_size': 128, 'num_layers': 1}",101770,101770,0,101770,0,0,0,2,0,0,1,2,203264,407080,0.3882,2,128,0,0,0,16,4.2,31.1,8.0,1,0,0,0,0,0,0.50041,0.00214,0.00348,0.00115,91.01,3,203392,411240,1064,407080,0.0,0.9994,0.0,0.0,0.0,0.0006,0.0,200704,67797.0,93984.0,0.4825
simple_ann,ANN_h128_l2,GPU(CUDA),"{'hidden_size': 128, 'num_layers': 2}",118282,118282,0,118282,0,0,0,3,0,0,2,3,236032,473128,0.4512,3,128,0,0,0,16,4.2,31.1,8.0,1,0,0,0,0,0,0.63309,0.01828,0.00352,0.00081,90.44,5,236288,478312,2088,473128,0.0,0.9989,0.0,0.0,0.0,0.0011,0.0,200704,47258.0,77712.0,0.2301
simple_ann,ANN_h128_l3,GPU(CUDA),"{'hidden_size': 128, 'num_layers': 3}",134794,134794,0,134794,0,0,0,4,0,0,3,4,268800,539176,0.5142,4,128,0,0,0,16,4.2,31.1,8.0,1,0,0,0,0,0,0.72092,0.01835,0.00396,0.00064,87.93,7,269184,545384,3112,539176,0.0,0.9986,0.0,0.0,0.0,0.0014,0.0,200704,38455.0,67702.0,0.1932
simple_ann,ANN_h128_l4,GPU(CUDA),"{'hidden_size': 128, 'num_layers': 4}",151306,151306,0,151306,0,0,0,5,0,0,4,5,301568,605224,0.5772,5,128,0,0,0,16,4.2,31.1,8.0,1,0,0,0,0,0,0.85151,0.02327,0.0036,0.00062,77.83,9,302080,612456,4136,605224,0.0,0.9983,0.0,0.0,0.0,0.0017,0.0,200704,33564.0,60892.0,0.3681
simple_ann,ANN_h128_l5,GPU(CUDA),"{'hidden_size': 128, 'num_layers': 5}",167818,167818,0,167818,0,0,0,6,0,0,5,6,334336,671272,0.6402,6,128,0,0,0,16,4.2,31.1,8.0,1,0,0,0,0,0,0.96505,0.0307,0.0056,0.0018,25.55,11,334976,679528,5160,671272,0.0,0.9981,0.0,0.0,0.0,0.0019,0.0,200704,30452.0,55908.0,0.2937
simple_ann,ANN_h128_l6,GPU(CUDA),"{'hidden_size': 128, 'num_layers': 6}",184330,184330,0,184330,0,0,0,7,0,0,6,7,367104,737320,0.7032,7,128,0,0,0,16,4.2,31.1,8.0,1,0,0,0,0,0,1.11296,0.04411,0.00539,0.00046,11.35,13,367872,746600,6184,737320,0.0,0.9979,0.0,0.0,0.0,0.0021,0.0,200704,28298.0,52071.0,0.3569
simple_ann,ANN_h128_l8,GPU(CUDA),"{'hidden_size': 128, 'num_layers': 8}",217354,217354,0,217354,0,0,0,9,0,0,8,9,432640,869416,0.8291,9,128,0,0,0,16,4.2,31.1,8.0,1,0,0,0,0,0,1.31152,0.03581,0.00692,0.00079,11.35,17,433664,880744,8232,869416,0.0,0.9976,0.0,0.0,0.0,0.0024,0.0,200704,25510.0,46490.0,0.4586
simple_ann,ANN_h256_l1,GPU(CUDA),"{'hidden_size': 256, 'num_layers': 1}",203530,203530,0,203530,0,0,0,2,0,0,1,2,406528,814120,0.7764,2,256,0,0,0,16,4.2,31.1,8.0,1,0,0,0,0,0,0.49724,0.01039,0.00296,0.0011,91.19,3,406784,819304,2088,814120,0.0,0.9994,0.0,0.0,0.0,0.0006,0.0,401408,135595.0,187969.0,0.1635
simple_ann,ANN_h256_l2,GPU(CUDA),"{'hidden_size': 256, 'num_layers': 2}",269322,269322,0,269322,0,0,0,3,0,0,2,3,537600,1077288,1.0274,3,256,0,0,0,16,4.2,31.1,8.0,1,0,0,0,0,0,0.60751,0.00964,0.00252,0.00041,90.61,5,538112,1084520,4136,1077288,0.0,0.999,0.0,0.0,0.0,0.001,0.0,401408,107622.0,155191.0,0.1745
simple_ann,ANN_h256_l3,GPU(CUDA),"{'hidden_size': 256, 'num_layers': 3}",335114,335114,0,335114,0,0,0,4,0,0,3,4,668672,1340456,1.2784,4,256,0,0,0,16,4.2,31.1,8.0,1,0,0,0,0,0,0.74221,0.0153,0.00343,0.00091,89.36,7,669440,1349736,6184,1340456,0.0,0.9989,0.0,0.0,0.0,0.0011,0.0,401408,95634.0,137057.0,0.6227
simple_ann,ANN_h256_l4,GPU(CUDA),"{'hidden_size': 256, 'num_layers': 4}",400906,400906,0,400906,0,0,0,5,0,0,4,5,799744,1603624,1.5293,5,256,0,0,0,16,4.2,31.1,8.0,1,0,0,0,0,0,0.87006,0.04275,0.00426,0.00095,81.29,9,800768,1614952,8232,1603624,0.0,0.9987,0.0,0.0,0.0,0.0013,0.0,401408,88974.0,125365.0,0.3583
simple_ann,ANN_h256_l5,GPU(CUDA),"{'hidden_size': 256, 'num_layers': 5}",466698,466698,0,466698,0,0,0,6,0,0,5,6,930816,1866792,1.7803,6,256,0,0,0,16,4.2,31.1,8.0,1,0,0,0,0,0,1.00844,0.02805,0.0053,0.00178,33.02,11,932096,1880168,10280,1866792,0.0,0.9986,0.0,0.0,0.0,0.0014,0.0,401408,84736.0,117122.0,0.6771
simple_ann,ANN_h256_l6,GPU(CUDA),"{'hidden_size': 256, 'num_layers': 6}",532490,532490,0,532490,0,0,0,7,0,0,6,7,1061888,2129960,2.0313,7,256,0,0,0,16,4.2,31.1,8.0,1,0,0,0,0,0,1.17459,0.07073,0.00615,0.00166,11.35,13,1063424,2145384,12328,2129960,0.0,0.9986,0.0,0.0,0.0,0.0014,0.0,401408,81802.0,110962.0,0.45
simple_ann,ANN_h256_l8,GPU(CUDA),"{'hidden_size': 256, 'num_layers': 8}",664074,664074,0,664074,0,0,0,9,0,0,8,9,1324032,2656296,2.5332,9,256,0,0,0,16,4.2,31.1,8.0,1,0,0,0,0,0,1.37977,0.03147,0.00653,0.00156,11.35,17,1326080,2675816,16424,2656296,0.0,0.9985,0.0,0.0,0.0,0.0015,0.0,401408,78005.0,102318.0,0.7956
simple_ann,ANN_h512_l1,GPU(CUDA),"{'hidden_size': 512, 'num_layers': 1}",407050,407050,0,407050,0,0,0,2,0,0,1,2,813056,1628200,1.5528,2,512,0,0,0,16,4.2,31.1,8.0,1,0,0,0,0,0,0.49223,0.00752,0.00291,0.00084,91.32,3,813568,1635432,4136,1628200,0.0,0.9994,0.0,0.0,0.0,0.0006,0.0,802816,271189.0,375938.0,0.1003
simple_ann,ANN_h512_l2,GPU(CUDA),"{'hidden_size': 512, 'num_layers': 2}",669706,669706,0,669706,0,0,0,3,0,0,2,3,1337344,2678824,2.5547,3,512,0,0,0,16,4.2,31.1,8.0,1,0,0,0,0,0,0.62351,0.02074,0.0041,0.00068,90.84,5,1338368,2690152,8232,2678824,0.0,0.9992,0.0,0.0,0.0,0.0008,0.0,802816,267674.0,335038.0,0.1675
simple_ann,ANN_h512_l3,GPU(CUDA),"{'hidden_size': 512, 'num_layers': 3}",932362,932362,0,932362,0,0,0,4,0,0,3,4,1861632,3729448,3.5567,4,512,0,0,0,16,4.2,31.1,8.0,1,0,0,0,0,0,0.74603,0.01747,0.00412,0.00064,89.81,7,1863168,3744872,12328,3729448,0.0,0.9992,0.0,0.0,0.0,0.0008,0.0,802816,266167.0,315880.0,0.34
simple_ann,ANN_h512_l4,GPU(CUDA),"{'hidden_size': 512, 'num_layers': 4}",1195018,1195018,0,1195018,0,0,0,5,0,0,4,5,2385920,4780072,4.5586,5,512,0,0,0,16,4.2,31.1,8.0,1,0,0,0,0,0,0.89015,0.04554,0.00497,0.00075,85.6,9,2387968,4799592,16424,4780072,0.0,0.9991,0.0,0.0,0.0,0.0009,0.0,802816,265330.0,304714.0,0.2758
simple_ann,ANN_h512_l5,GPU(CUDA),"{'hidden_size': 512, 'num_layers': 5}",1457674,1457674,0,1457674,0,0,0,6,0,0,5,6,2910208,5830696,5.5606,6,512,0,0,0,16,4.2,31.1,8.0,1,0,0,0,0,0,0.99796,0.03357,0.00588,0.0009,47.7,11,2912768,5854312,20520,5830696,0.0,0.9991,0.0,0.0,0.0,0.0009,0.0,802816,264797.0,297388.0,0.6794
simple_ann,ANN_h512_l6,GPU(CUDA),"{'hidden_size': 512, 'num_layers': 6}",1720330,1720330,0,1720330,0,0,0,7,0,0,6,7,3434496,6881320,6.5625,7,512,0,0,0,16,4.2,31.1,8.0,1,0,0,0,0,0,1.13582,0.03847,0.00582,0.00062,11.35,13,3437568,6909032,24616,6881320,0.0,0.9991,0.0,0.0,0.0,0.0009,0.0,802816,264428.0,292209.0,0.4102
simple_ann,ANN_h512_l8,GPU(CUDA),"{'hidden_size': 512, 'num_layers': 8}",2245642,2245642,0,2245642,0,0,0,9,0,0,8,9,4483072,8982568,8.5664,9,512,0,0,0,16,4.2,31.1,8.0,1,0,0,0,0,0,1.37694,0.05158,0.00853,0.00114,11.35,17,4487168,9018472,32808,8982568,0.0,0.9991,0.0,0.0,0.0,0.0009,0.0,802816,263951.0,285366.0,0.7655
simple_cnn,CNN_f8_l1_bn0,GPU(CUDA),"{'num_filters': 8, 'num_conv_layers': 1, 'use_batchnorm': False}",2522,2522,80,2442,0,0,1,2,0,1,2,3,117504,10088,0.0096,3,128,0,0,0,16,4.2,31.1,8.0,0,1,0,0,0,0,0.75869,0.03052,0.0077,0.0009,15.6,6,123912,64456,51272,10088,0.9111,0.0372,0.0,0.0,0.0,0.0516,0.0,112896,20652.0,41305.0,0.2263
simple_cnn,CNN_f8_l1_bn1,GPU(CUDA),"{'num_filters': 8, 'num_conv_layers': 1, 'use_batchnorm': True}",2538,2538,80,2442,16,0,1,2,1,1,2,4,130048,10152,0.0097,3,128,0,0,0,16,4.2,31.1,8.0,0,1,0,0,0,0,0.84605,0.01181,0.00998,0.00026,19.78,7,136456,89608,76360,10152,0.8273,0.0338,0.0919,0.0,0.0,0.0469,0.0,112896,19494.0,38346.0,0.7403
simple_cnn,CNN_f8_l2_bn0,GPU(CUDA),"{'num_filters': 8, 'num_conv_layers': 2, 'use_batchnorm': False}",4714,4714,1248,3466,0,0,2,2,0,2,3,4,1925888,18856,0.018,4,128,0,0,0,16,4.2,31.1,8.0,0,1,0,0,0,0,0.95653,0.07456,0.02896,0.00152,15.14,9,1947984,186152,164200,18856,0.9852,0.0034,0.0,0.0,0.0016,0.0097,0.0,1806336,216443.0,563146.0,0.3032
simple_cnn,CNN_f8_l2_bn1,GPU(CUDA),"{'num_filters': 8, 'num_conv_layers': 2, 'use_batchnorm': True}",4762,4762,1248,3466,48,0,2,2,2,2,3,6,1963520,19048,0.0182,4,128,0,0,0,16,4.2,31.1,8.0,0,1,0,0,0,0,1.12682,0.04517,0.03496,0.00081,24.13,11,1985616,261608,239464,19048,0.9666,0.0034,0.019,0.0,0.0016,0.0095,0.0,1806336,180511.0,515063.0,0.4328
simple_cnn,CNN_f8_l3_bn0,GPU(CUDA),"{'num_filters': 8, 'num_conv_layers': 3, 'use_batchnorm': False}",11402,11402,5888,5514,0,0,3,2,0,2,4,5,3736320,45608,0.0435,5,128,0,0,0,16,4.2,31.1,8.0,0,1,0,0,0,0,1.06308,0.05474,0.0358,0.00194,11.35,11,3764704,263144,214440,45608,0.9896,0.0029,0.0,0.0,0.0008,0.0067,0.0,1806336,342246.0,690870.0,0.734
simple_cnn,CNN_f8_l3_bn1,GPU(CUDA),"{'num_filters': 8, 'num_conv_layers': 3, 'use_batchnorm': True}",11514,11514,5888,5514,112,0,3,2,3,2,4,8,3786496,46056,0.0439,5,128,0,0,0,16,4.2,31.1,8.0,0,1,0,0,0,0,1.37138,0.06945,0.04508,0.00071,25.86,14,3814880,363944,314792,46056,0.9766,0.0028,0.0132,0.0,0.0008,0.0066,0.0,1806336,272491.0,626794.0,0.6669
simple_cnn,CNN_f8_l4_bn0,GPU(CUDA),"{'num_filters': 8, 'num_conv_layers': 4, 'use_batchnorm': False}",20650,20650,15136,5514,0,0,4,2,0,3,5,6,7348992,82600,0.0788,6,128,0,0,0,16,4.2,31.1,8.0,0,1,0,0,0,0,1.28339,0.06126,0.04875,0.00145,11.37,14,7385216,356584,270888,82600,0.9936,0.0015,0.0,0.0,0.0006,0.0043,0.0,3612672,527515.0,1058786.0,0.5377
simple_cnn,CNN_f8_l4_bn1,GPU(CUDA),"{'num_filters': 8, 'num_conv_layers': 4, 'use_batchnorm': True}",20826,20826,15136,5514,176,0,4,2,4,3,5,10,7411712,83304,0.0794,6,128,0,0,0,16,4.2,31.1,8.0,0,1,0,0,0,0,1.67846,0.06181,0.05773,0.0015,41.74,18,7447936,482728,396328,83304,0.9853,0.0014,0.0084,0.0,0.0006,0.0042,0.0,3612672,413774.0,957704.0,0.8651
simple_cnn,CNN_f8_l5_bn0,GPU(CUDA),"{'num_filters': 8, 'num_conv_layers': 5, 'use_batchnorm': False}",29898,29898,24384,5514,0,0,5,2,0,3,6,7,8252160,119592,0.1141,7,128,0,0,0,16,4.2,31.1,8.0,0,1,0,0,0,0,1.46783,0.06674,0.04904,0.00112,11.35,16,8289952,406120,283432,119592,0.9941,0.0013,0.0,0.0,0.0006,0.004,0.0,3612672,518122.0,1003454.0,0.9035
simple_cnn,CNN_f8_l5_bn1,GPU(CUDA),"{'num_filters': 8, 'num_conv_layers': 5, 'use_batchnorm': True}",30138,30138,24384,5514,240,0,5,2,5,3,6,12,8318016,120552,0.115,7,128,0,0,0,16,4.2,31.1,8.0,0,1,0,0,0,0,1.98566,0.0446,0.06189,0.00176,53.26,21,8355808,538792,415144,120552,0.9863,0.0013,0.0079,0.0,0.0006,0.004,0.0,3612672,397896.0,901910.0,1.3139
simple_cnn,CNN_f8_l6_bn0,GPU(CUDA),"{'num_filters': 8, 'num_conv_layers': 6, 'use_batchnorm': False}",39146,39146,33632,5514,0,0,6,2,0,4,7,8,9155328,156584,0.1493,8,128,0,0,0,16,4.2,31.1,8.0,0,1,0,0,0,0,1.6319,0.08267,0.05194,0.00185,11.35,19,9194976,456808,297128,156584,0.9945,0.0012,0.0,0.0,0.0005,0.0038,0.0,3612672,483946.0,939534.0,1.0994
simple_cnn,CNN_f8_l6_bn1,GPU(CUDA),"{'num_filters': 8, 'num_conv_layers': 6, 'use_batchnorm': True}",39450,39450,33632,5514,304,0,6,2,6,4,7,14,9224320,157800,0.1505,8,128,0,0,0,16,4.2,31.1,8.0,0,1,0,0,0,0,2.22189,0.02811,0.06294,0.00091,94.02,25,9263968,596008,435112,157800,0.9871,0.0012,0.0074,0.0,0.0005,0.0037,0.0,3612672,370559.0,843562.0,1.2319
simple_cnn,CNN_f16_l1_bn0,GPU(CUDA),"{'num_filters': 16, 'num_conv_layers': 1, 'use_batchnorm': False}",3626,3626,160,3466,0,0,1,2,0,1,2,3,232448,14504,0.0138,3,128,0,0,0,16,4.2,31.1,8.0,0,1,0,0,0,0,0.72909,0.02732,0.01846,0.00053,15.7,6,245136,119080,101480,14504,0.9211,0.0272,0.0,0.0,0.0,0.0517,0.0,225792,40856.0,82812.0,0.2193
simple_cnn,CNN_f16_l1_bn1,GPU(CUDA),"{'num_filters': 16, 'num_conv_layers': 1, 'use_batchnorm': True}",3658,3658,160,3466,32,0,1,2,1,1,2,4,257536,14632,0.014,3,128,0,0,0,16,4.2,31.1,8.0,0,1,0,0,0,0,0.83178,0.04817,0.02156,0.00027,21.26,7,270224,169384,151656,14632,0.8356,0.0246,0.0928,0.0,0.0,0.0469,0.0,225792,38603.0,76868.0,0.4735
simple_cnn,CNN_f16_l2_bn0,GPU(CUDA),"{'num_filters': 16, 'num_conv_layers': 2, 'use_batchnorm': False}",10314,10314,4800,5514,0,0,2,2,0,2,3,4,7461888,41256,0.0393,4,128,0,0,0,16,4.2,31.1,8.0,0,1,0,0,0,0,0.90909,0.02019,0.06978,0.00229,18.02,9,7505952,371688,327336,41256,0.9927,0.0014,0.0,0.0,0.0008,0.005,0.0,7225344,833995.0,2260717.0,0.7963
simple_cnn,CNN_f16_l2_bn1,GPU(CUDA),"{'num_filters': 16, 'num_conv_layers': 2, 'use_batchnorm': True}",10410,10410,4800,5514,96,0,2,2,2,2,3,6,7537152,41640,0.0397,4,128,0,0,0,16,4.2,31.1,8.0,0,1,0,0,0,0,1.08498,0.03222,0.08234,0.00127,27.3,11,7581216,522600,477864,41640,0.9828,0.0014,0.0099,0.0,0.0008,0.005,0.0,7225344,689201.0,2067841.0,0.7929
simple_cnn,CNN_f16_l3_bn0,GPU(CUDA),"{'num_filters': 16, 'num_conv_layers': 3, 'use_batchnorm': False}",32906,32906,23296,9610,0,0,3,2,0,2,4,5,14695424,131624,0.1255,5,128,0,0,0,16,4.2,31.1,8.0,0,1,0,0,0,0,1.05917,0.05729,0.08769,0.00198,14.5,11,14752064,562536,427816,131624,0.9949,0.0013,0.0,0.0,0.0004,0.0034,0.0,7225344,1341097.0,2774551.0,0.4939
simple_cnn,CNN_f16_l3_bn1,GPU(CUDA),"{'num_filters': 16, 'num_conv_layers': 3, 'use_batchnorm': True}",33130,33130,23296,9610,224,0,3,2,3,2,4,8,14795776,132520,0.1264,5,128,0,0,0,16,4.2,31.1,8.0,0,1,0,0,0,0,1.3639,0.06534,0.10481,0.00065,32.4,14,14852416,764136,628520,132520,0.9882,0.0013,0.0068,0.0,0.0004,0.0034,0.0,7225344,1060887.0,2517233.0,0.6651
simple_cnn,CNN_f16_l4_bn0,GPU(CUDA),"{'num_filters': 16, 'num_conv_layers': 4, 'use_batchnorm': False}",69834,69834,60224,9610,0,0,4,2,0,3,5,6,29146112,279336,0.2664,6,128,0,0,0,16,4.2,31.1,8.0,0,1,0,0,0,0,1.32034,0.10254,0.11638,8e-05,14.03,14,29218432,823144,540712,279336,0.9969,0.0006,0.0,0.0,0.0003,0.0022,0.0,14450688,2087031.0,4245218.0,1.2772
simple_cnn,CNN_f16_l4_bn1,GPU(CUDA),"{'num_filters': 16, 'num_conv_layers': 4, 'use_batchnorm': True}",70186,70186,60224,9610,352,0,4,2,4,3,5,10,29271552,280744,0.2677,6,128,0,0,0,16,4.2,31.1,8.0,0,1,0,0,0,0,1.67558,0.05247,0.1392,0.00195,45.63,18,29343872,1075432,791592,280744,0.9926,0.0006,0.0043,0.0,0.0003,0.0021,0.0,14450688,1630215.0,3840237.0,1.348
simple_cnn,CNN_f16_l5_bn0,GPU(CUDA),"{'num_filters': 16, 'num_conv_layers': 5, 'use_batchnorm': False}",106762,106762,97152,9610,0,0,5,2,0,3,6,7,32758784,427048,0.4073,7,128,0,0,0,16,4.2,31.1,8.0,0,1,0,0,0,0,1.55812,0.10745,0.11986,0.00037,11.35,16,32834240,995944,565800,427048,0.9971,0.0006,0.0,0.0,0.0003,0.002,0.0,14450688,2052140.0,4023035.0,0.6288
simple_cnn,CNN_f16_l5_bn1,GPU(CUDA),"{'num_filters': 16, 'num_conv_layers': 5, 'use_batchnorm': True}",107242,107242,97152,9610,480,0,5,2,5,3,6,12,32890496,428968,0.4091,7,128,0,0,0,16,4.2,31.1,8.0,0,1,0,0,0,0,1.97893,0.06417,0.14317,0.00081,63.03,21,32965952,1261288,829224,428968,0.9931,0.0006,0.004,0.0,0.0003,0.002,0.0,14450688,1569807.0,3616047.0,1.1947
simple_cnn,CNN_f16_l6_bn0,GPU(CUDA),"{'num_filters': 16, 'num_conv_layers': 6, 'use_batchnorm': False}",143690,143690,134080,9610,0,0,6,2,0,4,7,8,36371456,574760,0.5481,8,128,0,0,0,16,4.2,31.1,8.0,0,1,0,0,0,0,1.70423,0.0474,0.1244,0.00158,11.35,19,36450624,1171048,593192,574760,0.9973,0.0005,0.0,0.0,0.0003,0.0019,0.0,14450688,1918454.0,3765913.0,1.1546
simple_cnn,CNN_f16_l6_bn1,GPU(CUDA),"{'num_filters': 16, 'num_conv_layers': 6, 'use_batchnorm': True}",144298,144298,134080,9610,608,0,6,2,6,4,7,14,36509440,577192,0.5505,8,128,0,0,0,16,4.2,31.1,8.0,0,1,0,0,0,0,2.33861,0.08142,0.14943,0.0002,96.89,25,36588608,1449448,869160,577192,0.9935,0.0005,0.0038,0.0,0.0003,0.0019,0.0,14450688,1463544.0,3381386.0,1.3658
simple_cnn,CNN_f32_l1_bn0,GPU(CUDA),"{'num_filters': 32, 'num_conv_layers': 1, 'use_batchnorm': False}",5834,5834,320,5514,0,0,1,2,0,1,2,3,462336,23336,0.0223,3,128,0,0,0,16,4.2,31.1,8.0,0,1,0,0,0,0,0.71645,0.03323,0.03263,0.00155,19.35,6,487584,228328,201896,23336,0.9262,0.0221,0.0,0.0,0.0,0.0517,0.0,451584,81264.0,165835.0,0.2201
simple_cnn,CNN_f32_l1_bn1,GPU(CUDA),"{'num_filters': 32, 'num_conv_layers': 1, 'use_batchnorm': True}",5898,5898,320,5514,64,0,1,2,1,1,2,4,512512,23592,0.0225,3,128,0,0,0,16,4.2,31.1,8.0,0,1,0,0,0,0,0.81026,0.02134,0.04242,0.00111,21.23,7,537760,328936,302248,23592,0.8398,0.02,0.0933,0.0,0.0,0.0469,0.0,451584,76823.0,153919.0,0.3094
simple_cnn,CNN_f32_l2_bn0,GPU(CUDA),"{'num_filters': 32, 'num_conv_layers': 2, 'use_batchnorm': False}",28426,28426,18816,9610,0,0,2,2,0,2,3,4,29371904,113704,0.1084,4,128,0,0,0,16,4.2,31.1,8.0,0,1,0,0,0,0,1.23951,0.00431,0.11879,0.00126,19.95,9,29459904,770408,653608,113704,0.9964,0.0006,0.0,0.0,0.0004,0.0026,0.0,28901376,3273323.0,9061918.0,0.3397
simple_cnn,CNN_f32_l2_bn1,GPU(CUDA),"{'num_filters': 32, 'num_conv_layers': 2, 'use_batchnorm': True}",28618,28618,18816,9610,192,0,2,2,2,2,3,6,29522432,114472,0.1092,4,128,0,0,0,16,4.2,31.1,8.0,0,1,0,0,0,0,1.54246,0.00871,0.14589,0.0018,31.97,11,29610432,1072232,954664,114472,0.9913,0.0006,0.0051,0.0,0.0004,0.0025,0.0,28901376,2691857.0,8289109.0,0.4318
simple_cnn,CNN_f32_l3_bn0,GPU(CUDA),"{'num_filters': 32, 'num_conv_layers': 3, 'use_batchnorm': False}",110474,110474,92672,17802,0,0,3,2,0,2,4,5,58289664,441896,0.4214,5,128,0,0,0,16,4.2,31.1,8.0,0,1,0,0,0,0,1.78187,0.00964,0.1579,0.0011,19.8,11,58402816,1299560,854568,441896,0.9975,0.0006,0.0,0.0,0.0002,0.0017,0.0,28901376,5309347.0,11122080.0,0.4346
simple_cnn,CNN_f32_l3_bn1,GPU(CUDA),"{'num_filters': 32, 'num_conv_layers': 3, 'use_batchnorm': True}",110922,110922,92672,17802,448,0,3,2,3,2,4,8,58490368,443688,0.4231,5,128,0,0,0,16,4.2,31.1,8.0,0,1,0,0,0,0,2.1549,0.00871,0.19541,0.001,39.21,14,58603520,1702760,1255976,443688,0.994,0.0006,0.0034,0.0,0.0002,0.0017,0.0,28901376,4185966.0,10090628.0,0.5844
simple_cnn,CNN_f32_l4_bn0,GPU(CUDA),"{'num_filters': 32, 'num_conv_layers': 4, 'use_batchnorm': False}",258058,258058,240256,17802,0,0,4,2,0,3,5,6,116092416,1032232,0.9844,6,128,0,0,0,16,4.2,31.1,8.0,0,1,0,0,0,0,2.74659,0.00784,0.21972,0.00069,14.39,14,116236928,2115688,1080360,1032232,0.9985,0.0003,0.0,0.0,0.0002,0.0011,0.0,57802752,8302638.0,17001835.0,0.5484
simple_cnn,CNN_f32_l4_bn1,GPU(CUDA),"{'num_filters': 32, 'num_conv_layers': 4, 'use_batchnorm': True}",258762,258762,240256,17802,704,0,4,2,4,3,5,10,116343296,1035048,0.9871,6,128,0,0,0,16,4.2,31.1,8.0,0,1,0,0,0,0,3.22918,0.00652,0.267,7e-05,50.27,18,116487808,2620264,1582120,1035048,0.9963,0.0003,0.0022,0.0,0.0002,0.0011,0.0,57802752,6471545.0,15380558.0,0.756
simple_cnn,CNN_f32_l5_bn0,GPU(CUDA),"{'num_filters': 32, 'num_conv_layers': 5, 'use_batchnorm': False}",405642,405642,387840,17802,0,0,5,2,0,3,6,7,130543104,1622568,1.5474,7,128,0,0,0,16,4.2,31.1,8.0,0,1,0,0,0,0,3.02193,0.0081,0.23264,0.00142,11.36,16,130693888,2756200,1130536,1622568,0.9986,0.0003,0.0,0.0,0.0001,0.001,0.0,57802752,8168368.0,16111358.0,0.6272
simple_cnn,CNN_f32_l5_bn1,GPU(CUDA),"{'num_filters': 32, 'num_conv_layers': 5, 'use_batchnorm': True}",406602,406602,387840,17802,960,0,5,2,5,3,6,12,130806528,1626408,1.5511,7,128,0,0,0,16,4.2,31.1,8.0,0,1,0,0,0,0,3.55346,0.00258,0.28118,0.00146,55.16,21,130957312,3286888,1657384,1626408,0.9966,0.0003,0.002,0.0,0.0001,0.001,0.0,57802752,6236062.0,14481727.0,0.9082
simple_cnn,CNN_f32_l6_bn0,GPU(CUDA),"{'num_filters': 32, 'num_conv_layers': 6, 'use_batchnorm': False}",553226,553226,535424,17802,0,0,6,2,0,4,7,8,144993792,2212904,2.1104,8,128,0,0,0,16,4.2,31.1,8.0,0,1,0,0,0,0,3.32975,0.00715,0.24627,0.00189,11.35,19,145152000,3401320,1185320,2212904,0.9987,0.0002,0.0,0.0,0.0001,0.001,0.0,57802752,7639579.0,15079947.0,0.7919
simple_cnn,CNN_f32_l6_bn1,GPU(CUDA),"{'num_filters': 32, 'num_conv_layers': 6, 'use_batchnorm': True}",554442,554442,535424,17802,1216,0,6,2,6,4,7,14,145269760,2217768,2.115,8,128,0,0,0,16,4.2,31.1,8.0,0,1,0,0,0,0,3.88074,0.00535,0.29683,0.00107,97.65,25,145427968,3958120,1737256,2217768,0.9968,0.0002,0.0019,0.0,0.0001,0.0009,0.0,57802752,5817119.0,13540514.0,1.4869
simple_cnn,CNN_f64_l1_bn0,GPU(CUDA),"{'num_filters': 64, 'num_conv_layers': 1, 'use_batchnorm': False}",10250,10250,640,9610,0,0,1,2,0,1,2,3,922112,41000,0.0391,3,128,0,0,0,16,4.2,31.1,8.0,0,1,0,0,0,0,0.74083,0.01732,0.06672,0.00066,19.89,6,972480,446824,402728,41000,0.9287,0.0195,0.0,0.0,0.0,0.0517,0.0,903168,162080.0,331885.0,0.2247
simple_cnn,CNN_f64_l1_bn1,GPU(CUDA),"{'num_filters': 64, 'num_conv_layers': 1, 'use_batchnorm': True}",10378,10378,640,9610,128,0,1,2,1,1,2,4,1022464,41512,0.0396,3,128,0,0,0,16,4.2,31.1,8.0,0,1,0,0,0,0,0.82878,0.04968,0.08317,0.00168,21.35,7,1072832,648040,603432,41512,0.8419,0.0177,0.0935,0.0,0.0,0.0469,0.0,903168,153262.0,308024.0,0.2737
simple_cnn,CNN_f64_l2_bn0,GPU(CUDA),"{'num_filters': 64, 'num_conv_layers': 2, 'use_batchnorm': False}",92298,92298,74496,17802,0,0,2,2,0,2,3,4,116544000,369192,0.3521,4,128,0,0,0,16,4.2,31.1,8.0,0,1,0,0,0,0,3.55849,0.019,0.2481,0.00415,21.87,9,116719872,1678440,1306152,369192,0.9982,0.0003,0.0,0.0,0.0002,0.0013,0.0,115605504,12968875.0,36288561.0,0.351
simple_cnn,CNN_f64_l2_bn1,GPU(CUDA),"{'num_filters': 64, 'num_conv_layers': 2, 'use_batchnorm': True}",92682,92682,74496,17802,384,0,2,2,2,2,3,6,116845056,370728,0.3536,4,128,0,0,0,16,4.2,31.1,8.0,0,1,0,0,0,0,4.43203,0.03028,0.30519,0.00118,37.29,11,117020928,2282088,1908264,370728,0.9956,0.0003,0.0026,0.0,0.0002,0.0013,0.0,115605504,10638266.0,33194486.0,0.4583
simple_cnn,CNN_f64_l3_bn0,GPU(CUDA),"{'num_filters': 64, 'num_conv_layers': 3, 'use_batchnorm': False}",403850,403850,369664,34186,0,0,3,2,0,2,4,5,232182272,1615400,1.5406,5,256,0,0,0,16,4.2,31.1,8.0,0,1,0,0,0,0,5.21955,0.00483,0.35625,0.00117,20.54,11,232408448,3326568,1708072,1615400,0.9987,0.0003,0.0,0.0,0.0001,0.0009,0.0,115605504,21128041.0,44537794.0,0.8798
simple_cnn,CNN_f64_l3_bn1,GPU(CUDA),"{'num_filters': 64, 'num_conv_layers': 3, 'use_batchnorm': True}",404746,404746,369664,34186,896,0,3,2,3,2,4,8,232583680,1618984,1.544,5,256,0,0,0,16,4.2,31.1,8.0,0,1,0,0,0,0,6.27659,0.00302,0.42942,0.00082,47.41,14,232809856,4132968,2510888,1618984,0.997,0.0003,0.0017,0.0,0.0001,0.0009,0.0,115605504,16629275.0,40407480.0,0.6048
simple_cnn,CNN_f64_l4_bn0,GPU(CUDA),"{'num_filters': 64, 'num_conv_layers': 4, 'use_batchnorm': False}",993930,993930,959744,34186,0,0,4,2,0,3,5,6,463393280,3975720,3.7915,6,256,0,0,0,16,4.2,31.1,8.0,0,1,0,0,0,0,8.39592,0.01959,0.53635,0.00059,18.93,14,463682176,6138472,2159656,3975720,0.9992,0.0001,0.0,0.0,0.0001,0.0005,0.0,231211008,33120155.0,68050091.0,0.5406
simple_cnn,CNN_f64_l4_bn1,GPU(CUDA),"{'num_filters': 64, 'num_conv_layers': 4, 'use_batchnorm': True}",995338,995338,959744,34186,1408,0,4,2,4,3,5,10,463895040,3981352,3.7969,6,256,0,0,0,16,4.2,31.1,8.0,0,1,0,0,0,0,9.67404,0.00394,0.62953,0.0015,49.2,18,464183936,7147624,3163176,3981352,0.9981,0.0001,0.0011,0.0,0.0001,0.0005,0.0,231211008,25787996.0,61562223.0,0.7653
simple_cnn,CNN_f64_l5_bn0,GPU(CUDA),"{'num_filters': 64, 'num_conv_layers': 5, 'use_batchnorm': False}",1584010,1584010,1549824,34186,0,0,5,2,0,3,6,7,521196032,6336040,6.0425,7,256,0,0,0,16,4.2,31.1,8.0,0,1,0,0,0,0,9.17537,0.00757,0.58104,0.00117,14.91,16,521497472,8599144,2260008,6336040,0.9993,0.0001,0.0,0.0,0.0001,0.0005,0.0,231211008,32593592.0,64484648.0,1.2516
simple_cnn,CNN_f64_l5_bn1,GPU(CUDA),"{'num_filters': 64, 'num_conv_layers': 5, 'use_batchnorm': True}",1585930,1585930,1549824,34186,1920,0,5,2,5,3,6,12,521722880,6343720,6.0498,7,256,0,0,0,16,4.2,31.1,8.0,0,1,0,0,0,0,10.47822,0.00847,0.67605,0.00082,76.66,21,522024320,9660520,3313704,6343720,0.9983,0.0001,0.001,0.0,0.0001,0.0005,0.0,231211008,24858301.0,57962724.0,1.2203
simple_cnn,CNN_f64_l6_bn0,GPU(CUDA),"{'num_filters': 64, 'num_conv_layers': 6, 'use_batchnorm': False}",2174090,2174090,2139904,34186,0,0,6,2,0,4,7,8,578998784,8696360,8.2935,8,256,0,0,0,16,4.2,31.1,8.0,0,1,0,0,0,0,9.98349,0.0301,0.62267,0.00108,11.35,19,579315072,11069032,2369576,8696360,0.9993,0.0001,0.0,0.0,0.0001,0.0005,0.0,231211008,30490267.0,60353118.0,1.0609
simple_cnn,CNN_f64_l6_bn1,GPU(CUDA),"{'num_filters': 64, 'num_conv_layers': 6, 'use_batchnorm': True}",2176522,2176522,2139904,34186,2432,0,6,2,6,4,7,14,579550720,8706088,8.3028,8,256,0,0,0,16,4.2,31.1,8.0,0,1,0,0,0,0,11.34772,0.01392,0.72589,0.0016,97.86,25,579867008,12182632,3473448,8706088,0.9984,0.0001,0.001,0.0,0.0001,0.0005,0.0,231211008,23194680.0,54192690.0,1.6068
simple_cnn,CNN_f128_l1_bn0,GPU(CUDA),"{'num_filters': 128, 'num_conv_layers': 1, 'use_batchnorm': False}",19082,19082,1280,17802,0,0,1,2,0,1,2,3,1841664,76328,0.0728,3,128,0,0,0,16,4.2,31.1,8.0,0,1,0,0,0,0,1.25776,0.00083,0.12411,0.00069,19.86,6,1942272,883816,804392,76328,0.93,0.0182,0.0,0.0,0.0,0.0517,0.0,1806336,323712.0,663986.0,0.2252
simple_cnn,CNN_f128_l1_bn1,GPU(CUDA),"{'num_filters': 128, 'num_conv_layers': 1, 'use_batchnorm': True}",19338,19338,1280,17802,256,0,1,2,1,1,2,4,2042368,77352,0.0738,3,128,0,0,0,16,4.2,31.1,8.0,0,1,0,0,0,0,1.92502,0.00261,0.162,0.00094,21.08,7,2142976,1286248,1205800,77352,0.8429,0.0165,0.0937,0.0,0.0,0.0469,0.0,1806336,306139.0,616237.0,0.2746
simple_cnn,CNN_f128_l2_bn0,GPU(CUDA),"{'num_filters': 128, 'num_conv_layers': 2, 'use_batchnorm': False}",330634,330634,296448,34186,0,0,2,2,0,2,3,4,464296448,1322536,1.2613,4,256,0,0,0,16,4.2,31.1,8.0,0,1,0,0,0,0,10.04206,0.08717,0.61286,0.0088,21.67,9,464648064,3936872,2611240,1322536,0.9991,0.0001,0.0,0.0,0.0001,0.0006,0.0,462422016,51627563.0,145238805.0,0.6873
simple_cnn,CNN_f128_l2_bn1,GPU(CUDA),"{'num_filters': 128, 'num_conv_layers': 2, 'use_batchnorm': True}",331402,331402,296448,34186,768,0,2,2,2,2,3,6,464898560,1325608,1.2642,4,256,0,0,0,16,4.2,31.1,8.0,0,1,0,0,0,0,11.78178,0.07586,0.69171,0.001,42.64,11,465250176,5144168,3815464,1325608,0.9978,0.0001,0.0013,0.0,0.0001,0.0006,0.0,462422016,42295471.0,132856610.0,0.8285
simple_cnn,CNN_f128_l3_bn0,GPU(CUDA),"{'num_filters': 128, 'num_conv_layers': 3, 'use_batchnorm': False}",1543562,1543562,1476608,66954,0,0,3,2,0,2,4,5,926784000,6174248,5.8882,5,512,0,0,0,16,4.2,31.1,8.0,0,1,0,0,0,0,15.5615,0.01274,0.90678,0.0002,21.93,11,927236224,9592424,3415080,6174248,0.9994,0.0001,0.0,0.0,0.0001,0.0004,0.0,462422016,84294202.0,178251851.0,0.4952
simple_cnn,CNN_f128_l3_bn1,GPU(CUDA),"{'num_filters': 128, 'num_conv_layers': 3, 'use_batchnorm': True}",1545354,1545354,1476608,66954,1792,0,3,2,3,2,4,8,927586816,6181416,5.8951,5,512,0,0,0,16,4.2,31.1,8.0,0,1,0,0,0,0,17.9366,0.66826,1.00579,0.04681,47.34,14,928039040,11205224,5020712,6181416,0.9985,0.0001,0.0009,0.0,0.0001,0.0004,0.0,462422016,66288503.0,161721433.0,0.9871
simple_cnn,CNN_f128_l4_bn0,GPU(CUDA),"{'num_filters': 128, 'num_conv_layers': 4, 'use_batchnorm': False}",3903370,3903370,3836416,66954,0,0,4,2,0,3,5,6,1851628032,15613480,14.8902,6,512,0,0,0,16,4.2,31.1,8.0,0,1,0,0,0,0,24.16815,0.46031,1.32855,0.00033,19.16,14,1852205696,19934824,4318248,15613480,0.9996,0.0001,0.0,0.0,0.0,0.0003,0.0,924844032,132300407.0,272286681.0,0.7299
simple_cnn,CNN_f128_l4_bn1,GPU(CUDA),"{'num_filters': 128, 'num_conv_layers': 4, 'use_batchnorm': True}",3906186,3906186,3836416,66954,2816,0,4,2,4,3,5,10,1852631552,15624744,14.9009,6,512,0,0,0,16,4.2,31.1,8.0,0,1,0,0,0,0,26.61398,0.00149,1.54216,0.07511,65.96,18,1853209216,21953128,6325288,15624744,0.9991,0.0001,0.0005,0.0,0.0,0.0003,0.0,924844032,102956068.0,246329638.0,0.9479
simple_cnn,CNN_f128_l5_bn0,GPU(CUDA),"{'num_filters': 128, 'num_conv_layers': 5, 'use_batchnorm': False}",6263178,6263178,6196224,66954,0,0,5,2,0,3,6,7,2082839040,25052712,23.8921,7,512,0,0,0,16,4.2,31.1,8.0,0,1,0,0,0,0,26.4246,0.06189,1.4801,0.0396,18.03,16,2083441792,29574760,4518952,25052712,0.9996,0.0001,0.0,0.0,0.0,0.0003,0.0,924844032,130215112.0,258017805.0,0.9802
simple_cnn,CNN_f128_l5_bn1,GPU(CUDA),"{'num_filters': 128, 'num_conv_layers': 5, 'use_batchnorm': True}",6267018,6267018,6196224,66954,3840,0,5,2,5,3,6,12,2083892736,25068072,23.9068,7,512,0,0,0,16,4.2,31.1,8.0,0,1,0,0,0,0,29.20126,0.03204,1.65411,0.04623,85.13,21,2084495488,31697512,6626344,25068072,0.9991,0.0001,0.0005,0.0,0.0,0.0003,0.0,924844032,99261690.0,231923258.0,1.1273
simple_cnn,CNN_f128_l6_bn0,GPU(CUDA),"{'num_filters': 128, 'num_conv_layers': 6, 'use_batchnorm': False}",8622986,8622986,8556032,66954,0,0,6,2,0,4,7,8,2314050048,34491944,32.8941,8,512,0,0,0,16,4.2,31.1,8.0,0,1,0,0,0,0,29.05846,0.06793,1.57877,0.00083,16.75,19,2314682496,39233128,4738088,34491944,0.9997,0.0001,0.0,0.0,0.0,0.0002,0.0,924844032,121825395.0,241479871.0,1.1635
simple_cnn,CNN_f128_l6_bn1,GPU(CUDA),"{'num_filters': 128, 'num_conv_layers': 6, 'use_batchnorm': True}",8627850,8627850,8556032,66954,4864,0,6,2,6,4,7,14,2315153920,34511400,32.9126,8,512,0,0,0,16,4.2,31.1,8.0,0,1,0,0,0,0,31.95029,0.10284,1.75692,0.00602,97.77,25,2315786368,41460328,6945832,34511400,0.9992,0.0001,0.0005,0.0,0.0,0.0002,0.0,924844032,92631455.0,216832725.0,1.2931
resnet_mnist,ResNet_1111_w16,GPU(CUDA),"{'layers': [1, 1, 1, 1], 'base_width': 16}",308538,308538,305808,1290,1440,0,12,1,12,1,5,25,26177152,1234152,1.177,13,128,1,0,0,16,4.2,31.1,8.0,0,0,1,0,0,0,3.70973,0.04806,0.08961,0.00015,96.19,35,26237824,2097960,818728,1234152,0.9921,0.0001,0.0055,0.0,0.0,0.0023,0.0,4718592,749652.0,1384576.0,1.2524
resnet_mnist,ResNet_1111_w32,GPU(CUDA),"{'layers': [1, 1, 1, 1], 'base_width': 32}",1228394,1228394,1222944,2570,2880,0,12,1,12,1,5,25,103963904,4913576,4.686,13,256,1,0,0,16,4.2,31.1,8.0,0,0,1,0,0,0,3.53757,0.03285,0.24681,0.01962,96.91,35,104085248,6638056,1637416,4913576,0.996,0.0,0.0028,0.0,0.0,0.0012,0.0,18874368,2973864.0,5549961.0,1.4556
resnet_mnist,ResNet_1111_w64,GPU(CUDA),"{'layers': [1, 1, 1, 1], 'base_width': 64}",4902090,4902090,4891200,5130,5760,0,12,1,12,1,5,25,414366208,19608360,18.7,13,512,1,0,0,16,4.2,31.1,8.0,0,0,1,0,0,0,8.53193,0.08284,0.51878,0.00039,97.44,35,414608896,23054184,3274792,19608360,0.998,0.0,0.0014,0.0,0.0,0.0006,0.0,75497472,11845968.0,22224623.0,1.7174
resnet_mnist,ResNet_2111_w16,GPU(CUDA),"{'layers': [2, 1, 1, 1], 'base_width': 16}",313210,313210,310416,1290,1504,0,14,1,14,1,6,29,33452672,1252840,1.1948,15,128,1,0,0,16,4.2,31.1,8.0,0,0,1,0,0,0,4.21471,0.13289,0.12462,2e-05,93.03,41,33538432,2417704,1119784,1252840,0.9916,0.0001,0.0058,0.0,0.0,0.0026,0.0,4718592,818011.0,1443536.0,1.4526
resnet_mnist,ResNet_2111_w32,GPU(CUDA),"{'layers': [2, 1, 1, 1], 'base_width': 32}",1246954,1246954,1241376,2570,3008,0,14,1,14,1,6,29,132965632,4987816,4.7568,15,256,1,0,0,16,4.2,31.1,8.0,0,0,1,0,0,0,4.16264,0.0954,0.32687,0.00023,95.5,41,133137152,7314408,2239528,4987816,0.9958,0.0,0.0029,0.0,0.0,0.0013,0.0,18874368,3247248.0,5786717.0,1.4513
resnet_mnist,ResNet_2111_w64,GPU(CUDA),"{'layers': [2, 1, 1, 1], 'base_width': 64}",4976074,4976074,4964928,5130,6016,0,14,1,14,1,6,29,530172416,19904296,18.9822,15,512,1,0,0,16,4.2,31.1,8.0,0,0,1,0,0,0,11.09215,0.07952,0.70143,0.00019,96.49,41,530515456,24554344,4479016,19904296,0.9979,0.0,0.0015,0.0,0.0,0.0006,0.0,75497472,12939401.0,23173217.0,1.6847
resnet_mnist,ResNet_2211_w16,GPU(CUDA),"{'layers': [2, 2, 1, 1], 'base_width': 16}",331770,331770,328848,1290,1632,0,16,1,16,1,7,33,40703104,1327080,1.2656,17,128,1,0,0,16,4.2,31.1,8.0,0,0,1,0,0,0,4.73838,0.06843,0.14498,0.00016,93.4,47,40801408,2642472,1270312,1327080,0.9922,0.0001,0.0054,0.0,0.0,0.0024,0.0,4718592,868115.0,1484339.0,2.6929
resnet_mnist,ResNet_2211_w32,GPU(CUDA),"{'layers': [2, 2, 1, 1], 'base_width': 32}",1320938,1320938,1315104,2570,3264,0,16,1,16,1,7,33,161917184,5283752,5.039,17,256,1,0,0,16,4.2,31.1,8.0,0,0,1,0,0,0,5.07831,0.13358,0.38757,0.00909,97.3,47,162113792,7911400,2540584,5283752,0.9961,0.0,0.0027,0.0,0.0,0.0012,0.0,18874368,3449230.0,5949678.0,1.6931
resnet_mnist,ResNet_2211_w64,GPU(CUDA),"{'layers': [2, 2, 1, 1], 'base_width': 64}",5271498,5271498,5259840,5130,6528,0,16,1,16,1,7,33,645878272,21085992,20.1092,17,512,1,0,0,16,4.2,31.1,8.0,0,0,1,0,0,0,13.04822,0.10134,0.81013,0.001,96.96,47,646271488,26338152,5081128,21085992,0.998,0.0,0.0014,0.0,0.0,0.0006,0.0,75497472,13750457.0,23824386.0,1.7747
resnet_mnist,ResNet_2221_w16,GPU(CUDA),"{'layers': [2, 2, 2, 1], 'base_width': 16}",405754,405754,402576,1290,1888,0,18,1,18,1,8,37,47940992,1623016,1.5478,19,128,1,0,0,16,4.2,31.1,8.0,0,0,1,0,0,0,5.87993,0.16691,0.15272,0.00037,97.17,53,48045568,3013672,1345576,1623016,0.9929,0.0001,0.0048,0.0,0.0,0.0022,0.0,4718592,906520.0,1514223.0,1.9623
resnet_mnist,ResNet_2221_w32,GPU(CUDA),"{'layers': [2, 2, 2, 1], 'base_width': 32}",1616362,1616362,1610016,2570,3776,0,18,1,18,1,8,37,190843648,6465448,6.1659,19,256,1,0,0,16,4.2,31.1,8.0,0,0,1,0,0,0,5.74132,0.32233,0.40505,0.0005,97.61,53,191052800,9243624,2691112,6465448,0.9965,0.0,0.0024,0.0,0.0,0.0011,0.0,18874368,3604770.0,6068553.0,1.9847
resnet_mnist,ResNet_2221_w64,GPU(CUDA),"{'layers': [2, 2, 2, 1], 'base_width': 64}",6452170,6452170,6439488,5130,7552,0,18,1,18,1,8,37,761533952,25808680,24.6131,19,512,1,0,0,16,4.2,31.1,8.0,0,0,1,0,0,0,14.36795,0.0872,0.93352,0.05857,98.06,53,761952256,31361896,5382184,25808680,0.9982,0.0,0.0012,0.0,0.0,0.0005,0.0,75497472,14376458.0,24298434.0,2.1743
resnet_mnist,ResNet_2222_w16,GPU(CUDA),"{'layers': [2, 2, 2, 2], 'base_width': 16}",701178,701178,697488,1290,2400,0,20,1,20,1,9,41,57386368,2804712,2.6748,21,128,1,0,0,16,4.2,31.1,8.0,0,0,1,0,0,0,6.54803,0.12028,0.16023,0.00026,97.69,59,57495040,4244520,1394728,2804712,0.9939,0.0,0.0042,0.0,0.0,0.0019,0.0,4718592,974492.0,1613388.0,2.4749
resnet_mnist,ResNet_2222_w32,GPU(CUDA),"{'layers': [2, 2, 2, 2], 'base_width': 32}",2797034,2797034,2789664,2570,4800,0,20,1,20,1,9,41,228608768,11188136,10.6698,21,256,1,0,0,16,4.2,31.1,8.0,0,0,1,0,0,0,6.41281,0.20281,0.43076,0.00017,97.99,59,228826112,14064616,2789416,11188136,0.9969,0.0,0.0021,0.0,0.0,0.0009,0.0,18874368,3878409.0,6464444.0,2.311
resnet_mnist,ResNet_2222_w64,GPU(CUDA),"{'layers': [2, 2, 2, 2], 'base_width': 64}",11172810,11172810,11158080,5130,9600,0,20,1,20,1,9,41,912561664,44691240,42.6209,21,512,1,0,0,16,4.2,31.1,8.0,0,0,1,0,0,0,16.57948,0.01632,0.9837,0.00033,98.77,59,912996352,50441064,5578792,44691240,0.9985,0.0,0.0011,0.0,0.0,0.0005,0.0,75497472,15474514.0,25880322.0,2.9083
resnet_mnist,ResNet_3333_w16,GPU(CUDA),"{'layers': [3, 3, 3, 3], 'base_width': 16}",1093818,1093818,1089168,1290,3360,0,28,1,28,1,13,57,88595584,4375272,4.1726,29,128,1,0,0,16,4.2,31.1,8.0,0,0,1,0,0,0,8.91041,0.12499,0.23086,0.00033,96.89,83,88752256,6391080,1970728,4375272,0.9944,0.0,0.0038,0.0,0.0,0.0018,0.0,4718592,1069304.0,1691739.0,2.8843
resnet_mnist,ResNet_3333_w32,GPU(CUDA),"{'layers': [3, 3, 3, 3], 'base_width': 32}",4365674,4365674,4356384,2570,6720,0,28,1,28,1,13,57,353253632,17462696,16.6537,29,256,1,0,0,16,4.2,31.1,8.0,0,0,1,0,0,0,8.81297,0.24031,0.66428,0.05122,97.85,83,353566976,21491176,3941416,17462696,0.9972,0.0,0.0019,0.0,0.0,0.0009,0.0,18874368,4259843.0,6777284.0,3.6696
resnet_mnist,ResNet_3333_w64,GPU(CUDA),"{'layers': [3, 3, 3, 3], 'base_width': 64}",17443530,17443530,17424960,5130,13440,0,28,1,28,1,13,57,1410757120,69774120,66.5418,29,512,1,0,0,16,4.2,31.1,8.0,0,0,1,0,0,0,24.49977,0.0092,1.4474,0.00075,98.57,83,1411383808,77827944,7882792,69774120,0.9986,0.0,0.001,0.0,0.0,0.0004,0.0,75497472,17004624.0,27130323.0,4.9565
mobilenet_mnist,MobileNet_w0.25_b3,GPU(CUDA),"{'width_mult': 0.25, 'num_blocks': 3}",4362,4362,3120,650,592,0,10,1,10,1,7,21,2121216,17448,0.0166,11,64,1,1,0,16,4.2,31.1,8.0,0,0,0,1,0,0,2.88808,0.14007,0.1025,0.00034,27.26,29,2212224,1187432,1166888,17448,0.8676,0.0006,0.0907,0.0,0.0,0.0,0.0,602112,76284.0,118136.0,1.1128
mobilenet_mnist,MobileNet_w0.25_b5,GPU(CUDA),"{'width_mult': 0.25, 'num_blocks': 5}",12330,12330,10432,650,1248,0,16,1,16,1,11,33,2827600,49320,0.047,17,96,1,1,0,16,4.2,31.1,8.0,0,0,0,1,0,0,4.22772,0.18987,0.11866,0.00942,55.03,45,2930368,1376104,1323688,49320,0.8866,0.0004,0.0779,0.0,0.0,0.0,0.0,602112,65119.0,102840.0,1.4747
mobilenet_mnist,MobileNet_w0.25_b7,GPU(CUDA),"{'width_mult': 0.25, 'num_blocks': 7}",39754,39754,36368,650,2736,0,22,1,22,1,15,45,5442240,159016,0.1516,23,192,1,1,0,16,4.2,31.1,8.0,0,0,0,1,0,0,5.3738,0.19485,0.14446,0.00013,74.63,61,5577936,1909160,1747048,159016,0.9215,0.0002,0.054,0.0,0.0,0.0,0.0,752640,91442.0,156333.0,2.9872
mobilenet_mnist,MobileNet_w0.25_b10,GPU(CUDA),"{'width_mult': 0.25, 'num_blocks': 10}",144250,144250,137072,650,6528,0,31,1,31,1,21,63,15497040,577000,0.5503,32,336,1,1,0,16,4.2,31.1,8.0,0,0,0,1,0,0,7.76469,0.18682,0.24473,0.01273,90.7,85,15717408,3409064,2828968,577000,0.9549,0.0001,0.031,0.0,0.0,0.0,0.0,2107392,184911.0,401915.0,2.7177
mobilenet_mnist,MobileNet_w0.5_b3,GPU(CUDA),"{'width_mult': 0.5, 'num_blocks': 3}",8682,8682,6520,1290,872,0,10,1,10,1,7,21,3773600,34728,0.0331,11,128,1,1,0,16,4.2,31.1,8.0,0,0,0,1,0,0,2.69888,0.14128,0.13824,0.00026,38.95,29,3899168,1637736,1599912,34728,0.8968,0.0007,0.0704,0.0,0.0,0.0,0.0,802816,134454.0,194964.0,1.1187
mobilenet_mnist,MobileNet_w0.5_b5,GPU(CUDA),"{'width_mult': 0.5, 'num_blocks': 5}",36650,36650,33176,1290,2184,0,16,1,16,1,11,33,6290240,146600,0.1398,17,192,1,1,0,16,4.2,31.1,8.0,0,0,0,1,0,0,4.13609,0.15711,0.16223,0.00022,73.54,45,6439328,2063208,1913512,146600,0.9253,0.0004,0.0511,0.0,0.0,0.0,0.0,903168,143096.0,215524.0,1.7647
mobilenet_mnist,MobileNet_w0.5_b7,GPU(CUDA),"{'width_mult': 0.5, 'num_blocks': 7}",137322,137322,130872,1290,5160,0,22,1,22,1,15,45,16010272,549288,0.5238,23,384,1,1,0,16,4.2,31.1,8.0,0,0,0,1,0,0,5.43009,0.14044,0.23486,0.00015,90.95,61,16225216,3312616,2760232,549288,0.9573,0.0002,0.0293,0.0,0.0,0.0,0.0,3010560,265987.0,565217.0,2.6234
mobilenet_mnist,MobileNet_w0.5_b10,GPU(CUDA),"{'width_mult': 0.5, 'num_blocks': 10}",532170,532170,518136,1290,12744,0,31,1,31,1,21,63,54333760,2128680,2.0301,32,672,1,1,0,16,4.2,31.1,8.0,0,0,0,1,0,0,7.88228,0.47725,0.43118,0.00028,95.27,85,54718048,7055848,4924072,2128680,0.9775,0.0,0.0155,0.0,0.0,0.0,0.0,8429568,643742.0,1609949.0,3.0861
mobilenet_mnist,MobileNet_w0.75_b3,GPU(CUDA),"{'width_mult': 0.75, 'num_blocks': 3}",16882,16882,13644,1930,1308,0,10,1,10,1,7,21,7626672,67528,0.0644,11,192,1,1,0,16,4.2,31.1,8.0,0,0,0,1,0,0,2.72792,0.14838,0.20732,2e-05,52.66,29,7815024,2470472,2399848,67528,0.9227,0.0005,0.0527,0.0,0.0,0.0,0.0,1806336,269484.0,437034.0,1.0289
mobilenet_mnist,MobileNet_w0.75_b5,GPU(CUDA),"{'width_mult': 0.75, 'num_blocks': 5}",76882,76882,71676,1930,3276,0,16,1,16,1,11,33,13057440,307528,0.2933,17,288,1,1,0,16,4.2,31.1,8.0,0,0,0,1,0,0,4.26048,0.21808,0.24623,0.00014,85.93,45,13281072,3180872,2870248,307528,0.9457,0.0003,0.0372,0.0,0.0,0.0,0.0,2032128,295135.0,486191.0,1.4586
mobilenet_mnist,MobileNet_w0.75_b7,GPU(CUDA),"{'width_mult': 0.75, 'num_blocks': 7}",296626,296626,286956,1930,7740,0,22,1,22,1,15,45,34373616,1186504,1.1315,23,576,1,1,0,16,4.2,31.1,8.0,0,0,0,1,0,0,5.94454,0.36807,0.36106,0.00027,95.09,61,34696032,5329928,4140328,1186504,0.9701,0.0001,0.0205,0.0,0.0,0.0,0.0,6773760,568787.0,1277550.0,2.2244
mobilenet_mnist,MobileNet_w0.75_b10,GPU(CUDA),"{'width_mult': 0.75, 'num_blocks': 10}",1167682,1167682,1146636,1930,19116,0,31,1,31,1,21,63,119179680,4670728,4.4544,32,1008,1,1,0,16,4.2,31.1,8.0,0,0,0,1,0,0,10.06079,0.07514,0.65422,0.00013,96.68,85,119756112,12059912,7386088,4670728,0.9845,0.0,0.0106,0.0,0.0,0.0,0.0,18966528,1408895.0,3632281.0,2.9978
mobilenet_mnist,MobileNet_w1.0_b3,GPU(CUDA),"{'width_mult': 1.0, 'num_blocks': 3}",27658,27658,23344,2570,1744,0,10,1,10,1,7,21,12790592,110632,0.1055,11,256,1,1,0,16,4.2,31.1,8.0,0,0,0,1,0,0,3.23329,0.08079,0.27518,0.00031,55.73,29,13041728,3313512,3199784,110632,0.9383,0.0004,0.0421,0.0,0.0,0.0,0.0,3211264,449715.0,780025.0,1.0135
mobilenet_mnist,MobileNet_w1.0_b5,GPU(CUDA),"{'width_mult': 1.0, 'num_blocks': 5}",131722,131722,124784,2570,4368,0,16,1,16,1,11,33,22239360,526888,0.5025,17,384,1,1,0,16,4.2,31.1,8.0,0,0,0,1,0,0,4.30039,0.07105,0.3299,0.00019,89.9,45,22537536,4356968,3826984,526888,0.9573,0.0002,0.0292,0.0,0.0,0.0,0.0,3612672,500834.0,868667.0,2.3229
mobilenet_mnist,MobileNet_w1.0_b7,GPU(CUDA),"{'width_mult': 1.0, 'num_blocks': 7}",516362,516362,503472,2570,10320,0,22,1,22,1,15,45,59642432,2065448,1.9698,23,768,1,1,0,16,4.2,31.1,8.0,0,0,0,1,0,0,6.79355,0.09256,0.48055,0.00162,96.02,61,60072320,7588968,5520424,2065448,0.9769,0.0001,0.0158,0.0,0.0,0.0,0.0,12042240,984792.0,2277954.0,2.448
mobilenet_mnist,MobileNet_w1.0_b10,GPU(CUDA),"{'width_mult': 1.0, 'num_blocks': 10}",2049482,2049482,2021424,2570,25488,0,31,1,31,1,21,63,209144960,8197928,7.8182,32,1344,1,1,0,16,4.2,31.1,8.0,0,0,0,1,0,0,14.11991,0.10209,0.89076,0.00253,97.35,85,209913536,18049128,9848104,8197928,0.9882,0.0,0.0081,0.0,0.0,0.0,0.0,33718272,2469571.0,6467387.0,3.6969
mobilenet_mnist,MobileNet_w1.5_b3,GPU(CUDA),"{'width_mult': 1.5, 'num_blocks': 3}",56938,56938,50472,3850,2616,0,10,1,10,1,7,21,27050976,227752,0.2172,11,384,1,1,0,16,4.2,31.1,8.0,0,0,0,1,0,0,5.27508,0.05597,0.42072,0.00969,69.93,29,27427680,5030504,4799656,227752,0.956,0.0003,0.03,0.0,0.0,0.0,0.0,7225344,945782.0,1768687.0,1.0564
mobilenet_mnist,MobileNet_w1.5_b5,GPU(CUDA),"{'width_mult': 1.5, 'num_blocks': 5}",285226,285226,274824,3850,6552,0,16,1,16,1,11,33,47847360,1140904,1.0881,17,576,1,1,0,16,4.2,31.1,8.0,0,0,0,1,0,0,6.80024,0.03145,0.52647,0.03803,93.21,45,48294624,6884456,5740456,1140904,0.9701,0.0002,0.0205,0.0,0.0,0.0,0.0,8128512,1073214.0,1968960.0,1.4977
mobilenet_mnist,MobileNet_w1.5_b7,GPU(CUDA),"{'width_mult': 1.5, 'num_blocks': 7}",1137130,1137130,1117800,3850,15480,0,22,1,22,1,15,45,130896480,4548520,4.3378,23,1152,1,1,0,16,4.2,31.1,8.0,0,0,0,1,0,0,10.99261,0.04377,0.73516,0.00071,96.92,61,131541312,12832232,8280616,4548520,0.9842,0.0001,0.0108,0.0,0.0,0.0,0.0,27095040,2156415.0,5142947.0,2.0674
mobilenet_mnist,MobileNet_w1.5_b10,GPU(CUDA),"{'width_mult': 1.5, 'num_blocks': 10}",4551946,4551946,4509864,3850,38232,0,31,1,31,1,21,63,464433600,18207784,17.3643,32,2016,1,1,0,16,4.2,31.1,8.0,0,0,0,1,0,0,24.73526,0.02894,1.47161,0.07454,97.7,85,465586464,32983016,14772136,18207784,0.9921,0.0,0.0055,0.0,0.0,0.0,0.0,75866112,5477488.0,14575916.0,4.4626
transformer,ViT_d64_l2_h4_p4,GPU(CUDA),"{'img_size': 32, 'patch_size': 4, 'in_channels': 3, 'num_classes': 10, 'embed_dim': 64, 'num_layers': 2, 'num_heads': 4}",108106,108106,3136,100106,0,4864,1,9,0,0,2,10,3027304,432424,0.4124,10,256,1,0,1,16,4.2,31.1,8.0,0,0,0,0,1,0,2.97068,0.09745,0.11663,0.00263,37.11,24,728384,1195592,850504,415528,0.5398,0.2717,0.0,0.1428,0.0,0.0,0.0457,393216,42846.0,88039.0,0.7131
transformer,ViT_d64_l4_h4_p4,GPU(CUDA),"{'img_size': 32, 'patch_size': 4, 'in_channels': 3, 'num_classes': 10, 'embed_dim': 64, 'num_layers': 4, 'num_heads': 4}",208074,208074,3136,199562,0,5376,1,17,0,0,4,18,5639312,832296,0.7937,18,256,1,0,1,16,4.2,31.1,8.0,0,0,0,0,1,0,5.12285,0.21716,0.21664,6e-05,36.88,44,1041472,2329704,1651304,815400,0.3776,0.3788,0.0,0.1797,0.0,0.0,0.0639,393216,33596.0,66212.0,1.3273
transformer,ViT_d64_l2_h4_p8,GPU(CUDA),"{'img_size': 32, 'patch_size': 8, 'in_channels': 3, 'num_classes': 10, 'embed_dim': 64, 'num_layers': 2, 'num_heads': 4}",114250,114250,12352,100106,0,1792,1,9,0,0,2,10,777832,457000,0.4358,10,256,1,0,1,16,4.2,31.1,8.0,0,0,0,0,1,0,2.92144,0.0417,0.0446,0.0015,36.02,24,627008,639560,196168,452392,0.6271,0.3156,0.0,0.0434,0.0,0.0,0.0139,393216,36883.0,89875.0,0.7671
transformer,ViT_d128_l2_h4_p4,GPU(CUDA),"{'img_size': 32, 'patch_size': 4, 'in_channels': 3, 'num_classes': 10, 'embed_dim': 128, 'num_layers': 2, 'num_heads': 4}",412810,412810,6272,396810,0,9728,1,9,0,0,2,10,6278824,1651240,1.5747,10,512,1,0,1,16,4.2,31.1,8.0,0,0,0,0,1,0,2.78317,0.01669,0.18691,0.00095,39.02,24,1849984,3030088,1565768,1617448,0.4251,0.4265,0.0,0.1124,0.0,0.0,0.036,786432,108823.0,174596.0,0.7556
transformer,ViT_d128_l4_h4_p4,GPU(CUDA),"{'img_size': 32, 'patch_size': 4, 'in_channels': 3, 'num_classes': 10, 'embed_dim': 128, 'num_layers': 4, 'num_heads': 4}",809354,809354,6272,792330,0,10752,1,17,0,0,4,18,11727056,3237416,3.0874,18,512,1,0,1,16,4.2,31.1,8.0,0,0,0,0,1,0,5.09446,0.10568,0.35205,0.00018,38.51,44,2869376,5949544,3032168,3203624,0.2741,0.549,0.0,0.1305,0.0,0.0,0.0464,786432,92561.0,133596.0,1.4019
transformer,ViT_d128_l6_h4_p4,GPU(CUDA),"{'img_size': 32, 'patch_size': 4, 'in_channels': 3, 'num_classes': 10, 'embed_dim': 128, 'num_layers': 6, 'num_heads': 4}",1205898,1205898,6272,1187850,0,11776,1,25,0,0,6,26,17175288,4823592,4.6001,26,512,1,0,1,16,4.2,31.1,8.0,0,0,0,0,1,0,7.23882,0.2261,0.51863,2e-05,38.59,64,3888768,8869000,4498568,4789800,0.2022,0.6074,0.0,0.1391,0.0,0.0,0.0513,786432,86417.0,113740.0,2.1521
transformer,ViT_d128_l2_h8_p4,GPU(CUDA),"{'img_size': 32, 'patch_size': 4, 'in_channels': 3, 'num_classes': 10, 'embed_dim': 128, 'num_layers': 2, 'num_heads': 8}",412810,412810,6272,396810,0,9728,1,9,0,0,2,10,6447824,1651240,1.5747,10,512,1,0,1,16,4.2,31.1,8.0,0,0,0,0,1,0,2.81465,0.0771,0.2267,0.00031,38.21,24,1849984,3165288,1700968,1617448,0.4251,0.4265,0.0,0.1124,0.0,0.0,0.036,786432,108823.0,174596.0,0.7168
transformer,ViT_d128_l4_h8_p4,GPU(CUDA),"{'img_size': 32, 'patch_size': 4, 'in_channels': 3, 'num_classes': 10, 'embed_dim': 128, 'num_layers': 4, 'num_heads': 8}",809354,809354,6272,792330,0,10752,1,17,0,0,4,18,12065056,3237416,3.0874,18,512,1,0,1,16,4.2,31.1,8.0,0,0,0,0,1,0,5.36147,0.17862,0.43287,0.00014,38.91,44,2869376,6219944,3302568,3203624,0.2741,0.549,0.0,0.1305,0.0,0.0,0.0464,786432,92561.0,133596.0,1.332
transformer,ViT_d256_l2_h8_p4,GPU(CUDA),"{'img_size': 32, 'patch_size': 4, 'in_channels': 3, 'num_classes': 10, 'embed_dim': 256, 'num_layers': 2, 'num_heads': 8}",1612042,1612042,12544,1580042,0,19456,1,9,0,0,2,10,14130512,6448168,6.1495,10,1024,1,0,1,16,4.2,31.1,8.0,0,0,0,0,1,0,5.36429,0.07001,0.43376,0.00032,38.96,24,5272832,9193576,3131496,6380584,0.2983,0.5976,0.0,0.0789,0.0,0.0,0.0252,1572864,310167.0,369821.0,0.8171
transformer,ViT_d256_l4_h8_p4,GPU(CUDA),"{'img_size': 32, 'patch_size': 4, 'in_channels': 3, 'num_classes': 10, 'embed_dim': 256, 'num_layers': 4, 'num_heads': 8}",3191562,3191562,12544,3157514,0,21504,1,17,0,0,4,18,26599840,12766248,12.1748,18,1024,1,0,1,16,4.2,31.1,8.0,0,0,0,0,1,0,10.69037,0.06241,0.82996,0.00035,38.14,44,8884480,18178216,6064296,12698664,0.177,0.7087,0.0,0.0843,0.0,0.0,0.03,1572864,286596.0,305535.0,1.4059
transformer,ViT_d256_l6_h8_p4,GPU(CUDA),"{'img_size': 32, 'patch_size': 4, 'in_channels': 3, 'num_classes': 10, 'embed_dim': 256, 'num_layers': 6, 'num_heads': 8}",4771082,4771082,12544,4734986,0,23552,1,25,0,0,6,26,39069168,19084328,18.2002,26,1024,1,0,1,16,4.2,31.1,8.0,0,0,0,0,1,0,15.92967,0.0561,1.22521,0.00103,38.22,64,12496128,27162856,8997096,19016744,0.1259,0.7556,0.0,0.0866,0.0,0.0,0.032,1572864,277692.0,276878.0,2.0121
transformer,ViT_d256_l4_h8_p8,GPU(CUDA),"{'img_size': 32, 'patch_size': 8, 'in_channels': 3, 'num_classes': 10, 'embed_dim': 256, 'num_layers': 4, 'num_heads': 8}",3216138,3216138,49408,3157514,0,9216,1,17,0,0,4,18,9295264,12864552,12.2686,18,1024,1,0,1,16,4.2,31.1,8.0,0,0,0,0,1,0,5.12602,0.14437,0.22055,0.00069,37.97,44,8134912,14184616,1480872,12846120,0.1933,0.774,0.0,0.0241,0.0,0.0,0.0086,1572864,262417.0,322834.0,1.3584
gan,GAN_z64_G128_256,GPU(CUDA),"{'latent_dim': 64, 'img_size': 32, 'img_channels': 3, 'g_hidden_dims': [128, 256], 'd_hidden_dims': [256, 128]}",1651329,1651329,0,1650561,768,0,0,6,2,0,4,8,0,6605316,6.2993,6,3072,0,0,0,16,4.2,31.1,8.0,0,0,0,0,0,1,3.05157,0.14249,0.22447,0.01705,0.0,,,,,,,,,,,,,,,,
gan,GAN_z64_G128_256_512,GPU(CUDA),"{'latent_dim': 64, 'img_size': 32, 'img_channels': 3, 'g_hidden_dims': [128, 256, 512], 'd_hidden_dims': [512, 256, 128]}",3488385,3488385,0,3486593,1792,0,0,8,3,0,6,11,0,13953540,13.3071,8,3072,0,0,0,16,4.2,31.1,8.0,0,0,0,0,0,1,3.77057,0.21598,0.30003,0.05006,0.0,,,,,,,,,,,,,,,,
gan,GAN_z128_G256_512,GPU(CUDA),"{'latent_dim': 128, 'img_size': 32, 'img_channels': 3, 'g_hidden_dims': [256, 512], 'd_hidden_dims': [512, 256]}",3447041,3447041,0,3445505,1536,0,0,6,2,0,4,8,0,13788164,13.1494,6,3072,0,0,0,16,4.2,31.1,8.0,0,0,0,0,0,1,3.05846,0.18158,0.21538,0.00626,0.0,,,,,,,,,,,,,,,,
gan,GAN_z128_G256_512_1024,GPU(CUDA),"{'latent_dim': 128, 'img_size': 32, 'img_channels': 3, 'g_hidden_dims': [256, 512, 1024], 'd_hidden_dims': [1024, 512, 256]}",7645441,7645441,0,7641857,3584,0,0,8,3,0,6,11,0,30581764,29.165,8,3072,0,0,0,16,4.2,31.1,8.0,0,0,0,0,0,1,3.83322,0.30649,0.26125,0.00093,0.0,,,,,,,,,,,,,,,,
gan,GAN_z128_G128_256_512_256,GPU(CUDA),"{'latent_dim': 128, 'img_size': 32, 'img_channels': 3, 'g_hidden_dims': [128, 256, 512, 256], 'd_hidden_dims': [256, 512, 256, 128]}",2186881,2186881,0,2184577,2304,0,0,10,4,0,8,14,0,8747524,8.3423,10,3072,0,0,0,16,4.2,31.1,8.0,0,0,0,0,0,1,4.68357,0.32905,0.36988,0.00446,0.0,,,,,,,,,,,,,,,,
gan,GAN_z256_G256_512_1024,GPU(CUDA),"{'latent_dim': 256, 'img_size': 32, 'img_channels': 3, 'g_hidden_dims': [256, 512, 1024], 'd_hidden_dims': [1024, 512, 256]}",7678209,7678209,0,7674625,3584,0,0,8,3,0,6,11,0,30712836,29.29,8,3072,0,0,0,16,4.2,31.1,8.0,0,0,0,0,0,1,3.69664,0.1613,0.27346,0.01895,0.0,,,,,,,,,,,,,,,,
gan,GAN_z256_G512_1024_512,GPU(CUDA),"{'latent_dim': 256, 'img_size': 32, 'img_channels': 3, 'g_hidden_dims': [512, 1024, 512], 'd_hidden_dims': [512, 1024, 512]}",5385729,5385729,0,5381633,4096,0,0,8,3,0,6,11,0,21542916,20.5449,8,3072,0,0,0,16,4.2,31.1,8.0,0,0,0,0,0,1,3.79243,0.25884,0.2815,0.02464,0.0,,,,,,,,,,,,,,,,
gan,GAN_z256_G256_512_1024_512,GPU(CUDA),"{'latent_dim': 256, 'img_size': 32, 'img_channels': 3, 'g_hidden_dims': [256, 512, 1024, 512], 'd_hidden_dims': [512, 1024, 512, 256]}",5583105,5583105,0,5578497,4608,0,0,10,4,0,8,14,0,22332420,21.2979,10,3072,0,0,0,16,4.2,31.1,8.0,0,0,0,0,0,1,4.4184,0.07114,0.33552,0.00881,0.0,,,,,,,,,,,,,,,,
