model_type,model_name,device,config,total_params,trainable_params,conv_params,linear_params,bn_params,other_params,total_layers,num_hidden_layers,num_conv_layers,num_linear_layers,num_bn_layers,num_pool_layers,num_activation_layers,max_width,min_width,avg_width,max_channel_width,flops,flops_per_sample,params_per_flop,model_size_mb,memory_bytes,has_residual,has_depthwise,has_attention,has_pooling,has_batch_norm,has_layer_norm,has_dropout,model_family_encoded,hidden_size,num_filters,use_batchnorm,embed_dim,num_heads,patch_size,latent_dim,generator_params,discriminator_params,batch_size,input_height,input_width,input_channels,num_classes,device_type_encoded,cpu_cores,cpu_freq_ghz,ram_total_gb,gpu_cores,gpu_memory_gb,has_skip_connection,model_family,model_arch,kernel_size,stride,padding,max_channels,ffn_dim,num_attention_layers,sequence_length,has_cls_token,generator_layers,discriminator_layers,dataset_type,input_dtype,input_elements,os_type,accelerator_brand,accelerator_name,cpu_cores_physical,cpu_cores_logical,cpu_perf_cores,cpu_efficiency_cores,cpu_freq_base_ghz,cpu_freq_boost_ghz,cpu_cache_l2_mb,cpu_cache_l3_mb,memory_type,memory_bandwidth_gbs,is_unified_memory,shared_memory_gb,dedicated_vram_gb,gpu_count,gpu_core_count,gpu_tensor_core_count,gpu_compute_capability,gpu_clock_ghz,peak_bandwidth_gbs,tflops_fp32,tflops_fp16,fp16_support,bf16_support,interconnect_type,host_to_device_bandwidth_gbs,is_discrete_gpu,is_integrated_gpu,avg_train,std_train,avg_infer,std_infer,avg_accuracy,train_times,infer_times,n_repeats,n_used,std_ddof,peak_mem_mb,peak_mem_method,protocol,n_train_batches,n_test_batches,measured_at,host,tag,idle_wait_s,load_cpu_pct,load_gpu_util_pct,load_gpu_mem_used_mb,sw_python,sw_os,sw_machine,sw_torch,sw_cuda_runtime,sw_cudnn,sw_mps_available,sw_mkldnn_available,sw_onednn,sw_blas,sw_gpu_name,sw_gpu_driver,sw_torchvision
simple_ann,ANN_h16_l1,GPU(CUDA),"{'hidden_size': 16, 'num_layers': 1}",12730,12730,0,12730,0,0,2,2,0,2,0,0,1,16,16,16.0,16,25408,25408,0.5010232997481109,0.0486,50920,0,0,0,0,0,0,0,0,16,0,0,0,0,0,0,0,0,64,28,28,1,10,1,16,4.2,31.1,4352,8.0,0,0,ann,0,0,0,16,0,0,0,0,0,0,mnist,float32,784,windows,nvidia,NVIDIA GeForce RTX 4060 Ti,8,16,0,0,4.2,4.2,0.0,0.0,ddr5,0.0,0,0.0,8.0,1,4352,136,8.9,3.1,0.0,26.98,53.96,1,1,pcie4,16,1,0,0.51689,0.01182,0.00397,0.00101,90.35,"[0.51801, 0.51374, 0.51194, 0.50926, 0.51657, 0.51071, 0.50614, 0.50434, 0.53753, 0.5407]","[0.00461, 0.00521, 0.00505, 0.00364, 0.00371, 0.00523, 0.00377, 0.00378, 0.00239, 0.00233]",10,10,0,227.4,cuda_max_memory_allocated,v2-uniform-warmup,938,10,2026-09-15T15:55:49,ijunsu,remeasure_v2,0,1.7,2.0,1502.0,3.11.9,Windows-10-10.0.26200-SP0,AMD64,2.7.1+cu118,11.8,90100,0,1,3.7.1,mkl,NVIDIA GeForce RTX 4060 Ti,610.62,0.22.1+cu118
simple_ann,ANN_h16_l2,GPU(CUDA),"{'hidden_size': 16, 'num_layers': 2}",13002,13002,0,13002,0,0,3,3,0,3,0,0,2,16,16,16.0,16,25920,25920,0.5016203703703703,0.0496,52008,0,0,0,0,0,0,0,0,16,0,0,0,0,0,0,0,0,64,28,28,1,10,1,16,4.2,31.1,4352,8.0,0,0,ann,0,0,0,16,0,0,0,0,0,0,mnist,float32,784,windows,nvidia,NVIDIA GeForce RTX 4060 Ti,8,16,0,0,4.2,4.2,0.0,0.0,ddr5,0.0,0,0.0,8.0,1,4352,136,8.9,3.1,0.0,26.98,53.96,1,1,pcie4,16,1,0,0.75495,0.04563,0.004,0.00076,88.43,"[0.68535, 0.72643, 0.7685, 0.7626, 0.75364, 0.75468, 0.68412, 0.76489, 0.81791, 0.83137]","[0.00265, 0.00402, 0.00383, 0.00353, 0.00431, 0.00567, 0.00374, 0.00391, 0.00359, 0.00476]",10,10,0,227.4,cuda_max_memory_allocated,v2-uniform-warmup,938,10,2026-09-15T15:55:58,ijunsu,remeasure_v2,0,5.9,0.0,1556.0,3.11.9,Windows-10-10.0.26200-SP0,AMD64,2.7.1+cu118,11.8,90100,0,1,3.7.1,mkl,NVIDIA GeForce RTX 4060 Ti,610.62,0.22.1+cu118
simple_ann,ANN_h16_l3,GPU(CUDA),"{'hidden_size': 16, 'num_layers': 3}",13274,13274,0,13274,0,0,4,4,0,4,0,0,3,16,16,16.0,16,26432,26432,0.5021943099273608,0.0506,53096,0,0,0,0,0,0,0,0,16,0,0,0,0,0,0,0,0,64,28,28,1,10,1,16,4.2,31.1,4352,8.0,0,0,ann,0,0,0,16,0,0,0,0,0,0,mnist,float32,784,windows,nvidia,NVIDIA GeForce RTX 4060 Ti,8,16,0,0,4.2,4.2,0.0,0.0,ddr5,0.0,0,0.0,8.0,1,4352,136,8.9,3.1,0.0,26.98,53.96,1,1,pcie2,8,1,0,0.97328,0.04624,0.00451,0.00083,80.56,"[1.0314, 1.02153, 0.98265, 0.99773, 1.00148, 0.93398, 0.97762, 0.97769, 0.94375, 0.86493]","[0.0049, 0.00627, 0.00529, 0.00384, 0.0046, 0.00513, 0.00379, 0.00382, 0.00383, 0.00366]",10,10,0,227.4,cuda_max_memory_allocated,v2-uniform-warmup,938,10,2026-09-15T15:56:09,ijunsu,remeasure_v2,0,7.0,4.0,1556.0,3.11.9,Windows-10-10.0.26200-SP0,AMD64,2.7.1+cu118,11.8,90100,0,1,3.7.1,mkl,NVIDIA GeForce RTX 4060 Ti,610.62,0.22.1+cu118
simple_ann,ANN_h16_l4,GPU(CUDA),"{'hidden_size': 16, 'num_layers': 4}",13546,13546,0,13546,0,0,5,5,0,5,0,0,4,16,16,16.0,16,26944,26944,0.5027464370546318,0.0517,54184,0,0,0,0,0,0,0,0,16,0,0,0,0,0,0,0,0,64,28,28,1,10,1,16,4.2,31.1,4352,8.0,0,0,ann,0,0,0,16,0,0,0,0,0,0,mnist,float32,784,windows,nvidia,NVIDIA GeForce RTX 4060 Ti,8,16,0,0,4.2,4.2,0.0,0.0,ddr5,0.0,0,0.0,8.0,1,4352,136,8.9,3.1,0.0,26.98,53.96,1,1,pcie2,8,1,0,1.09186,0.01678,0.00456,0.00074,42.8,"[1.07134, 1.09322, 1.09663, 1.08981, 1.10001, 1.06518, 1.11202, 1.0794, 1.12358, 1.0874]","[0.00334, 0.00371, 0.00443, 0.00433, 0.00452, 0.00396, 0.00557, 0.0056, 0.00534, 0.00482]",10,10,0,227.4,cuda_max_memory_allocated,v2-uniform-warmup,938,10,2026-09-15T15:56:21,ijunsu,remeasure_v2,0,1.6,8.0,1556.0,3.11.9,Windows-10-10.0.26200-SP0,AMD64,2.7.1+cu118,11.8,90100,0,1,3.7.1,mkl,NVIDIA GeForce RTX 4060 Ti,610.62,0.22.1+cu118
simple_ann,ANN_h16_l5,GPU(CUDA),"{'hidden_size': 16, 'num_layers': 5}",13818,13818,0,13818,0,0,6,6,0,6,0,0,5,16,16,16.0,16,27456,27456,0.503277972027972,0.0527,55272,0,0,0,0,0,0,0,0,16,0,0,0,0,0,0,0,0,64,28,28,1,10,1,16,4.2,31.1,4352,8.0,0,0,ann,0,0,0,16,0,0,0,0,0,0,mnist,float32,784,windows,nvidia,NVIDIA GeForce RTX 4060 Ti,8,16,0,0,4.2,4.2,0.0,0.0,ddr5,0.0,0,0.0,8.0,1,4352,136,8.9,3.1,0.0,26.98,53.96,1,1,pcie2,8,1,0,1.1611,0.04346,0.00522,0.00058,16.92,"[1.1256, 1.15865, 1.15824, 1.09931, 1.14745, 1.11123, 1.14788, 1.20929, 1.2302, 1.22314]","[0.00558, 0.00449, 0.00594, 0.00444, 0.00596, 0.0057, 0.00461, 0.00565, 0.00486, 0.00493]",10,10,0,227.4,cuda_max_memory_allocated,v2-uniform-warmup,938,10,2026-09-15T15:56:34,ijunsu,remeasure_v2,0,0.7,3.0,1558.0,3.11.9,Windows-10-10.0.26200-SP0,AMD64,2.7.1+cu118,11.8,90100,0,1,3.7.1,mkl,NVIDIA GeForce RTX 4060 Ti,610.62,0.22.1+cu118
simple_ann,ANN_h16_l6,GPU(CUDA),"{'hidden_size': 16, 'num_layers': 6}",14090,14090,0,14090,0,0,7,7,0,7,0,0,6,16,16,16.0,16,27968,27968,0.5037900457665904,0.0537,56360,0,0,0,0,0,0,0,0,16,0,0,0,0,0,0,0,0,64,28,28,1,10,1,16,4.2,31.1,4352,8.0,0,0,ann,0,0,0,16,0,0,0,0,0,0,mnist,float32,784,windows,nvidia,NVIDIA GeForce RTX 4060 Ti,8,16,0,0,4.2,4.2,0.0,0.0,ddr5,0.0,0,0.0,8.0,1,4352,136,8.9,3.1,0.0,26.98,53.96,1,1,pcie2,8,1,0,1.4966,0.09294,0.00605,0.00117,11.2,"[1.40538, 1.35903, 1.49942, 1.61982, 1.5943, 1.57074, 1.56311, 1.52601, 1.48475, 1.34342]","[0.00582, 0.0056, 0.00575, 0.00524, 0.00487, 0.00601, 0.00643, 0.00932, 0.00598, 0.00542]",10,10,0,227.4,cuda_max_memory_allocated,v2-uniform-warmup,938,10,2026-09-15T15:56:51,ijunsu,remeasure_v2,0,5.9,2.0,1556.0,3.11.9,Windows-10-10.0.26200-SP0,AMD64,2.7.1+cu118,11.8,90100,0,1,3.7.1,mkl,NVIDIA GeForce RTX 4060 Ti,610.62,0.22.1+cu118
simple_ann,ANN_h16_l8,GPU(CUDA),"{'hidden_size': 16, 'num_layers': 8}",14634,14634,0,14634,0,0,9,9,0,9,0,0,8,16,16,16.0,16,28992,28992,0.5047599337748344,0.0558,58536,0,0,0,0,0,0,0,0,16,0,0,0,0,0,0,0,0,64,28,28,1,10,1,16,4.2,31.1,4352,8.0,0,0,ann,0,0,0,16,0,0,0,0,0,0,mnist,float32,784,windows,nvidia,NVIDIA GeForce RTX 4060 Ti,8,16,0,0,4.2,4.2,0.0,0.0,ddr5,0.0,0,0.0,8.0,1,4352,136,8.9,3.1,0.0,26.98,53.96,1,1,pcie2,8,1,0,1.68454,0.10554,0.00594,0.00168,11.09,"[1.69507, 1.71815, 1.68558, 1.82036, 1.81448, 1.81273, 1.63937, 1.55568, 1.60001, 1.504]","[0.00542, 0.00759, 0.00411, 0.00973, 0.00457, 0.00746, 0.0051, 0.00568, 0.00456, 0.00524]",10,10,0,227.4,cuda_max_memory_allocated,v2-uniform-warmup,938,10,2026-09-15T15:57:09,ijunsu,remeasure_v2,0,3.0,3.0,1558.0,3.11.9,Windows-10-10.0.26200-SP0,AMD64,2.7.1+cu118,11.8,90100,0,1,3.7.1,mkl,NVIDIA GeForce RTX 4060 Ti,610.62,0.22.1+cu118
simple_ann,ANN_h32_l1,GPU(CUDA),"{'hidden_size': 32, 'num_layers': 1}",25450,25450,0,25450,0,0,2,2,0,2,0,0,1,32,32,32.0,32,50816,50816,0.5008265113350125,0.0971,101800,0,0,0,0,0,0,0,0,32,0,0,0,0,0,0,0,0,64,28,28,1,10,1,16,4.2,31.1,4352,8.0,0,0,ann,0,0,0,32,0,0,0,0,0,0,mnist,float32,784,windows,nvidia,NVIDIA GeForce RTX 4060 Ti,8,16,0,0,4.2,4.2,0.0,0.0,ddr5,0.0,0,0.0,8.0,1,4352,136,8.9,3.1,0.0,26.98,53.96,1,1,pcie2,8,1,0,0.57071,0.04015,0.00327,0.00066,90.74,"[0.51674, 0.51345, 0.50884, 0.56294, 0.58631, 0.58843, 0.60263, 0.60929, 0.60721, 0.61128]","[0.00367, 0.00411, 0.00333, 0.00355, 0.00381, 0.00346, 0.00332, 0.00193, 0.00333, 0.00215]",10,10,0,227.5,cuda_max_memory_allocated,v2-uniform-warmup,938,10,2026-09-15T15:57:16,ijunsu,remeasure_v2,0,3.6,3.0,1554.0,3.11.9,Windows-10-10.0.26200-SP0,AMD64,2.7.1+cu118,11.8,90100,0,1,3.7.1,mkl,NVIDIA GeForce RTX 4060 Ti,610.62,0.22.1+cu118
simple_ann,ANN_h32_l2,GPU(CUDA),"{'hidden_size': 32, 'num_layers': 2}",26506,26506,0,26506,0,0,3,3,0,3,0,0,2,32,32,32.0,32,52864,52864,0.501399818401937,0.1011,106024,0,0,0,0,0,0,0,0,32,0,0,0,0,0,0,0,0,64,28,28,1,10,1,16,4.2,31.1,4352,8.0,0,0,ann,0,0,0,32,0,0,0,0,0,0,mnist,float32,784,windows,nvidia,NVIDIA GeForce RTX 4060 Ti,8,16,0,0,4.2,4.2,0.0,0.0,ddr5,0.0,0,0.0,8.0,1,4352,136,8.9,3.1,0.0,26.98,53.96,1,1,pcie4,16,1,0,0.77211,0.03721,0.00376,0.00122,89.75,"[0.76055, 0.75018, 0.74797, 0.74116, 0.74298, 0.73225, 0.77247, 0.84517, 0.80038, 0.82796]","[0.00387, 0.00467, 0.00359, 0.00519, 0.00515, 0.00487, 0.00204, 0.00207, 0.00204, 0.00412]",10,10,0,227.6,cuda_max_memory_allocated,v2-uniform-warmup,938,10,2026-09-15T15:57:26,ijunsu,remeasure_v2,0,1.8,6.0,1554.0,3.11.9,Windows-10-10.0.26200-SP0,AMD64,2.7.1+cu118,11.8,90100,0,1,3.7.1,mkl,NVIDIA GeForce RTX 4060 Ti,610.62,0.22.1+cu118
simple_ann,ANN_h32_l3,GPU(CUDA),"{'hidden_size': 32, 'num_layers': 3}",27562,27562,0,27562,0,0,4,4,0,4,0,0,3,32,32,32.0,32,54912,54912,0.5019303613053613,0.1051,110248,0,0,0,0,0,0,0,0,32,0,0,0,0,0,0,0,0,64,28,28,1,10,1,16,4.2,31.1,4352,8.0,0,0,ann,0,0,0,32,0,0,0,0,0,0,mnist,float32,784,windows,nvidia,NVIDIA GeForce RTX 4060 Ti,8,16,0,0,4.2,4.2,0.0,0.0,ddr5,0.0,0,0.0,8.0,1,4352,136,8.9,3.1,0.0,26.98,53.96,1,1,pcie2,8,1,0,0.93672,0.04473,0.00429,0.00045,86.08,"[0.92576, 0.84013, 0.96459, 0.94112, 0.97821, 0.98579, 0.99589, 0.92574, 0.90415, 0.90585]","[0.0038, 0.00388, 0.00412, 0.00528, 0.00382, 0.00418, 0.00422, 0.00487, 0.00433, 0.00441]",10,10,0,227.6,cuda_max_memory_allocated,v2-uniform-warmup,938,10,2026-09-15T15:57:36,ijunsu,remeasure_v2,0,6.5,1.0,1556.0,3.11.9,Windows-10-10.0.26200-SP0,AMD64,2.7.1+cu118,11.8,90100,0,1,3.7.1,mkl,NVIDIA GeForce RTX 4060 Ti,610.62,0.22.1+cu118
simple_ann,ANN_h32_l4,GPU(CUDA),"{'hidden_size': 32, 'num_layers': 4}",28618,28618,0,28618,0,0,5,5,0,5,0,0,4,32,32,32.0,32,56960,56960,0.5024227528089887,0.1092,114472,0,0,0,0,0,0,0,0,32,0,0,0,0,0,0,0,0,64,28,28,1,10,1,16,4.2,31.1,4352,8.0,0,0,ann,0,0,0,32,0,0,0,0,0,0,mnist,float32,784,windows,nvidia,NVIDIA GeForce RTX 4060 Ti,8,16,0,0,4.2,4.2,0.0,0.0,ddr5,0.0,0,0.0,8.0,1,4352,136,8.9,3.1,0.0,26.98,53.96,1,1,pcie2,8,1,0,1.02759,0.04837,0.00431,0.00079,56.86,"[1.06047, 1.05728, 1.06925, 1.10469, 1.05327, 1.04207, 0.98734, 0.97795, 0.95325, 0.97033]","[0.00445, 0.00454, 0.00614, 0.00281, 0.0037, 0.00438, 0.00428, 0.00412, 0.00406, 0.00462]",10,10,0,227.7,cuda_max_memory_allocated,v2-uniform-warmup,938,10,2026-09-15T15:57:48,ijunsu,remeasure_v2,0,2.6,5.0,1556.0,3.11.9,Windows-10-10.0.26200-SP0,AMD64,2.7.1+cu118,11.8,90100,0,1,3.7.1,mkl,NVIDIA GeForce RTX 4060 Ti,610.62,0.22.1+cu118
simple_ann,ANN_h32_l5,GPU(CUDA),"{'hidden_size': 32, 'num_layers': 5}",29674,29674,0,29674,0,0,6,6,0,6,0,0,5,32,32,32.0,32,59008,59008,0.5028809652928417,0.1132,118696,0,0,0,0,0,0,0,0,32,0,0,0,0,0,0,0,0,64,28,28,1,10,1,16,4.2,31.1,4352,8.0,0,0,ann,0,0,0,32,0,0,0,0,0,0,mnist,float32,784,windows,nvidia,NVIDIA GeForce RTX 4060 Ti,8,16,0,0,4.2,4.2,0.0,0.0,ddr5,0.0,0,0.0,8.0,1,4352,136,8.9,3.1,0.0,26.98,53.96,1,1,pcie2,8,1,0,1.20827,0.06287,0.00519,0.00079,21.93,"[1.12599, 1.18099, 1.28813, 1.29961, 1.28655, 1.19429, 1.16435, 1.21632, 1.21283, 1.11365]","[0.0058, 0.00605, 0.00504, 0.00429, 0.00522, 0.00687, 0.00516, 0.00452, 0.00455, 0.00438]",10,10,0,227.7,cuda_max_memory_allocated,v2-uniform-warmup,938,10,2026-09-15T15:58:02,ijunsu,remeasure_v2,0,3.1,2.0,1558.0,3.11.9,Windows-10-10.0.26200-SP0,AMD64,2.7.1+cu118,11.8,90100,0,1,3.7.1,mkl,NVIDIA GeForce RTX 4060 Ti,610.62,0.22.1+cu118
simple_ann,ANN_h32_l6,GPU(CUDA),"{'hidden_size': 32, 'num_layers': 6}",30730,30730,0,30730,0,0,7,7,0,7,0,0,6,32,32,32.0,32,61056,61056,0.5033084381551363,0.1172,122920,0,0,0,0,0,0,0,0,32,0,0,0,0,0,0,0,0,64,28,28,1,10,1,16,4.2,31.1,4352,8.0,0,0,ann,0,0,0,32,0,0,0,0,0,0,mnist,float32,784,windows,nvidia,NVIDIA GeForce RTX 4060 Ti,8,16,0,0,4.2,4.2,0.0,0.0,ddr5,0.0,0,0.0,8.0,1,4352,136,8.9,3.1,0.0,26.98,53.96,1,1,pcie2,8,1,0,1.42404,0.13644,0.00479,0.00074,12.3,"[1.21099, 1.20021, 1.40006, 1.51825, 1.57155, 1.58649, 1.52524, 1.5016, 1.43139, 1.29464]","[0.00591, 0.00443, 0.00446, 0.00339, 0.00544, 0.00404, 0.00504, 0.00439, 0.00518, 0.00562]",10,10,0,227.7,cuda_max_memory_allocated,v2-uniform-warmup,938,10,2026-09-15T15:58:18,ijunsu,remeasure_v2,0,2.5,3.0,1554.0,3.11.9,Windows-10-10.0.26200-SP0,AMD64,2.7.1+cu118,11.8,90100,0,1,3.7.1,mkl,NVIDIA GeForce RTX 4060 Ti,610.62,0.22.1+cu118
simple_ann,ANN_h32_l8,GPU(CUDA),"{'hidden_size': 32, 'num_layers': 8}",32842,32842,0,32842,0,0,9,9,0,9,0,0,8,32,32,32.0,32,65152,65152,0.5040827603143418,0.1253,131368,0,0,0,0,0,0,0,0,32,0,0,0,0,0,0,0,0,64,28,28,1,10,1,16,4.2,31.1,4352,8.0,0,0,ann,0,0,0,32,0,0,0,0,0,0,mnist,float32,784,windows,nvidia,NVIDIA GeForce RTX 4060 Ti,8,16,0,0,4.2,4.2,0.0,0.0,ddr5,0.0,0,0.0,8.0,1,4352,136,8.9,3.1,0.0,26.98,53.96,1,1,pcie2,8,1,0,1.64344,0.08558,0.00626,0.00139,11.24,"[1.64351, 1.66902, 1.66705, 1.56203, 1.58456, 1.55809, 1.5639, 1.60238, 1.82755, 1.75634]","[0.00756, 0.00777, 0.00412, 0.00603, 0.00523, 0.00546, 0.00813, 0.008, 0.00498, 0.00534]",10,10,0,227.7,cuda_max_memory_allocated,v2-uniform-warmup,938,10,2026-09-15T15:58:36,ijunsu,remeasure_v2,0,6.5,1.0,1628.0,3.11.9,Windows-10-10.0.26200-SP0,AMD64,2.7.1+cu118,11.8,90100,0,1,3.7.1,mkl,NVIDIA GeForce RTX 4060 Ti,610.62,0.22.1+cu118
simple_ann,ANN_h64_l1,GPU(CUDA),"{'hidden_size': 64, 'num_layers': 1}",50890,50890,0,50890,0,0,2,2,0,2,0,0,1,64,64,64.0,64,101632,101632,0.5007281171284634,0.1941,203560,0,0,0,0,0,0,0,0,64,0,0,0,0,0,0,0,0,64,28,28,1,10,1,16,4.2,31.1,4352,8.0,0,0,ann,0,0,0,64,0,0,0,0,0,0,mnist,float32,784,windows,nvidia,NVIDIA GeForce RTX 4060 Ti,8,16,0,0,4.2,4.2,0.0,0.0,ddr5,0.0,0,0.0,8.0,1,4352,136,8.9,3.1,0.0,26.98,53.96,1,1,pcie2,8,1,0,0.58986,0.02725,0.00399,0.00111,90.94,"[0.60826, 0.59964, 0.6065, 0.59702, 0.5957, 0.6061, 0.59715, 0.61175, 0.52241, 0.55403]","[0.00537, 0.0038, 0.00369, 0.00482, 0.0059, 0.00409, 0.00382, 0.00381, 0.00205, 0.00253]",10,10,0,227.9,cuda_max_memory_allocated,v2-uniform-warmup,938,10,2026-09-15T15:58:43,ijunsu,remeasure_v2,0,2.8,1.0,1557.0,3.11.9,Windows-10-10.0.26200-SP0,AMD64,2.7.1+cu118,11.8,90100,0,1,3.7.1,mkl,NVIDIA GeForce RTX 4060 Ti,610.62,0.22.1+cu118
simple_ann,ANN_h64_l2,GPU(CUDA),"{'hidden_size': 64, 'num_layers': 2}",55050,55050,0,55050,0,0,3,3,0,3,0,0,2,64,64,64.0,64,109824,109824,0.5012565559440559,0.21,220200,0,0,0,0,0,0,0,0,64,0,0,0,0,0,0,0,0,64,28,28,1,10,1,16,4.2,31.1,4352,8.0,0,0,ann,0,0,0,64,0,0,0,0,0,0,mnist,float32,784,windows,nvidia,NVIDIA GeForce RTX 4060 Ti,8,16,0,0,4.2,4.2,0.0,0.0,ddr5,0.0,0,0.0,8.0,1,4352,136,8.9,3.1,0.0,26.98,53.96,1,1,pcie4,16,1,0,0.70641,0.06392,0.00375,0.00044,90.19,"[0.66598, 0.67155, 0.66178, 0.66562, 0.66287, 0.66803, 0.66684, 0.75673, 0.82044, 0.82422]","[0.00315, 0.00364, 0.00359, 0.00346, 0.00426, 0.00352, 0.00351, 0.00356, 0.00406, 0.00473]",10,10,0,228.1,cuda_max_memory_allocated,v2-uniform-warmup,938,10,2026-09-15T15:58:51,ijunsu,remeasure_v2,0,5.2,2.0,1594.0,3.11.9,Windows-10-10.0.26200-SP0,AMD64,2.7.1+cu118,11.8,90100,0,1,3.7.1,mkl,NVIDIA GeForce RTX 4060 Ti,610.62,0.22.1+cu118
simple_ann,ANN_h64_l3,GPU(CUDA),"{'hidden_size': 64, 'num_layers': 3}",59210,59210,0,59210,0,0,4,4,0,4,0,0,3,64,64,64.0,64,118016,118016,0.5017116323210412,0.2259,236840,0,0,0,0,0,0,0,0,64,0,0,0,0,0,0,0,0,64,28,28,1,10,1,16,4.2,31.1,4352,8.0,0,0,ann,0,0,0,64,0,0,0,0,0,0,mnist,float32,784,windows,nvidia,NVIDIA GeForce RTX 4060 Ti,8,16,0,0,4.2,4.2,0.0,0.0,ddr5,0.0,0,0.0,8.0,1,4352,136,8.9,3.1,0.0,26.98,53.96,1,1,pcie2,8,1,0,0.97254,0.05768,0.00476,0.00069,87.72,"[1.03255, 1.00185, 0.98637, 0.99772, 1.00775, 0.99982, 1.0094, 0.95897, 0.89316, 0.83781]","[0.00446, 0.00455, 0.00474, 0.00432, 0.0054, 0.00447, 0.00658, 0.00429, 0.00418, 0.00465]",10,10,0,228.1,cuda_max_memory_allocated,v2-uniform-warmup,938,10,2026-09-15T15:59:03,ijunsu,remeasure_v2,0,1.9,0.0,1559.0,3.11.9,Windows-10-10.0.26200-SP0,AMD64,2.7.1+cu118,11.8,90100,0,1,3.7.1,mkl,NVIDIA GeForce RTX 4060 Ti,610.62,0.22.1+cu118
simple_ann,ANN_h64_l4,GPU(CUDA),"{'hidden_size': 64, 'num_layers': 4}",63370,63370,0,63370,0,0,5,5,0,5,0,0,4,64,64,64.0,64,126208,126208,0.5021076318458418,0.2417,253480,0,0,0,0,0,0,0,0,64,0,0,0,0,0,0,0,0,64,28,28,1,10,1,16,4.2,31.1,4352,8.0,0,0,ann,0,0,0,64,0,0,0,0,0,0,mnist,float32,784,windows,nvidia,NVIDIA GeForce RTX 4060 Ti,8,16,0,0,4.2,4.2,0.0,0.0,ddr5,0.0,0,0.0,8.0,1,4352,136,8.9,3.1,0.0,26.98,53.96,1,1,pcie2,8,1,0,1.03034,0.0612,0.00449,0.00034,71.08,"[1.00438, 1.02254, 1.00438, 0.98593, 0.97507, 0.98127, 1.00993, 1.0222, 1.15356, 1.14413]","[0.00437, 0.00427, 0.004, 0.00445, 0.00441, 0.00415, 0.00478, 0.00495, 0.00435, 0.00513]",10,10,0,228.2,cuda_max_memory_allocated,v2-uniform-warmup,938,10,2026-09-15T15:59:14,ijunsu,remeasure_v2,0,1.4,0.0,1548.0,3.11.9,Windows-10-10.0.26200-SP0,AMD64,2.7.1+cu118,11.8,90100,0,1,3.7.1,mkl,NVIDIA GeForce RTX 4060 Ti,610.62,0.22.1+cu118
simple_ann,ANN_h64_l5,GPU(CUDA),"{'hidden_size': 64, 'num_layers': 5}",67530,67530,0,67530,0,0,6,6,0,6,0,0,5,64,64,64.0,64,134400,134400,0.5024553571428572,0.2576,270120,0,0,0,0,0,0,0,0,64,0,0,0,0,0,0,0,0,64,28,28,1,10,1,16,4.2,31.1,4352,8.0,0,0,ann,0,0,0,64,0,0,0,0,0,0,mnist,float32,784,windows,nvidia,NVIDIA GeForce RTX 4060 Ti,8,16,0,0,4.2,4.2,0.0,0.0,ddr5,0.0,0,0.0,8.0,1,4352,136,8.9,3.1,0.0,26.98,53.96,1,1,pcie2,8,1,0,1.18913,0.10849,0.00502,0.00052,26.98,"[1.34655, 1.29868, 1.32912, 1.27282, 1.17628, 1.15032, 1.136, 1.0506, 1.06005, 1.0709]","[0.00546, 0.00566, 0.00577, 0.00534, 0.00444, 0.00535, 0.00436, 0.00468, 0.00464, 0.00448]",10,10,0,228.2,cuda_max_memory_allocated,v2-uniform-warmup,938,10,2026-09-15T15:59:28,ijunsu,remeasure_v2,0,1.9,0.0,1548.0,3.11.9,Windows-10-10.0.26200-SP0,AMD64,2.7.1+cu118,11.8,90100,0,1,3.7.1,mkl,NVIDIA GeForce RTX 4060 Ti,610.62,0.22.1+cu118
simple_ann,ANN_h64_l6,GPU(CUDA),"{'hidden_size': 64, 'num_layers': 6}",71690,71690,0,71690,0,0,7,7,0,7,0,0,6,64,64,64.0,64,142592,142592,0.5027631283662477,0.2735,286760,0,0,0,0,0,0,0,0,64,0,0,0,0,0,0,0,0,64,28,28,1,10,1,16,4.2,31.1,4352,8.0,0,0,ann,0,0,0,64,0,0,0,0,0,0,mnist,float32,784,windows,nvidia,NVIDIA GeForce RTX 4060 Ti,8,16,0,0,4.2,4.2,0.0,0.0,ddr5,0.0,0,0.0,8.0,1,4352,136,8.9,3.1,0.0,26.98,53.96,1,1,pcie2,8,1,0,1.38691,0.07121,0.0057,0.00121,11.24,"[1.24408, 1.34995, 1.34739, 1.35571, 1.45584, 1.47786, 1.48729, 1.42933, 1.3693, 1.35232]","[0.00664, 0.00641, 0.00617, 0.0086, 0.00478, 0.00528, 0.00445, 0.00486, 0.00488, 0.00494]",10,10,0,228.2,cuda_max_memory_allocated,v2-uniform-warmup,938,10,2026-09-15T15:59:43,ijunsu,remeasure_v2,0,2.9,0.0,1548.0,3.11.9,Windows-10-10.0.26200-SP0,AMD64,2.7.1+cu118,11.8,90100,0,1,3.7.1,mkl,NVIDIA GeForce RTX 4060 Ti,610.62,0.22.1+cu118
simple_ann,ANN_h64_l8,GPU(CUDA),"{'hidden_size': 64, 'num_layers': 8}",80010,80010,0,80010,0,0,9,9,0,9,0,0,8,64,64,64.0,64,158976,158976,0.5032835144927537,0.3052,320040,0,0,0,0,0,0,0,0,64,0,0,0,0,0,0,0,0,64,28,28,1,10,1,16,4.2,31.1,4352,8.0,0,0,ann,0,0,0,64,0,0,0,0,0,0,mnist,float32,784,windows,nvidia,NVIDIA GeForce RTX 4060 Ti,8,16,0,0,4.2,4.2,0.0,0.0,ddr5,0.0,0,0.0,8.0,1,4352,136,8.9,3.1,0.0,26.98,53.96,1,1,pcie2,8,1,0,1.65828,0.10194,0.00597,0.00109,11.24,"[1.74028, 1.55265, 1.52239, 1.55111, 1.59048, 1.59494, 1.80718, 1.77334, 1.76462, 1.68581]","[0.00584, 0.0059, 0.00587, 0.00499, 0.00503, 0.00501, 0.0058, 0.00807, 0.00798, 0.00524]",10,10,0,228.3,cuda_max_memory_allocated,v2-uniform-warmup,938,10,2026-09-15T16:00:01,ijunsu,remeasure_v2,0,4.9,6.0,1548.0,3.11.9,Windows-10-10.0.26200-SP0,AMD64,2.7.1+cu118,11.8,90100,0,1,3.7.1,mkl,NVIDIA GeForce RTX 4060 Ti,610.62,0.22.1+cu118
simple_ann,ANN_h128_l1,GPU(CUDA),"{'hidden_size': 128, 'num_layers': 1}",101770,101770,0,101770,0,0,2,2,0,2,0,0,1,128,128,128.0,128,203264,203264,0.5006789200251889,0.3882,407080,0,0,0,0,0,0,0,0,128,0,0,0,0,0,0,0,0,64,28,28,1,10,1,16,4.2,31.1,4352,8.0,0,0,ann,0,0,0,128,0,0,0,0,0,0,mnist,float32,784,windows,nvidia,NVIDIA GeForce RTX 4060 Ti,8,16,0,0,4.2,4.2,0.0,0.0,ddr5,0.0,0,0.0,8.0,1,4352,136,8.9,3.1,0.0,26.98,53.96,1,1,pcie2,8,1,0,0.56197,0.02889,0.00362,0.00112,91.01,"[0.59216, 0.59765, 0.59589, 0.56995, 0.56506, 0.57128, 0.56233, 0.52394, 0.52198, 0.51948]","[0.00196, 0.00202, 0.00205, 0.00389, 0.00402, 0.004, 0.00424, 0.0052, 0.00483, 0.00401]",10,10,0,228.5,cuda_max_memory_allocated,v2-uniform-warmup,938,10,2026-09-15T16:00:09,ijunsu,remeasure_v2,0,0.8,2.0,1548.0,3.11.9,Windows-10-10.0.26200-SP0,AMD64,2.7.1+cu118,11.8,90100,0,1,3.7.1,mkl,NVIDIA GeForce RTX 4060 Ti,610.62,0.22.1+cu118
simple_ann,ANN_h128_l2,GPU(CUDA),"{'hidden_size': 128, 'num_layers': 2}",118282,118282,0,118282,0,0,3,3,0,3,0,0,2,128,128,128.0,128,236032,236032,0.501126965835141,0.4512,473128,0,0,0,0,0,0,0,0,128,0,0,0,0,0,0,0,0,64,28,28,1,10,1,16,4.2,31.1,4352,8.0,0,0,ann,0,0,0,128,0,0,0,0,0,0,mnist,float32,784,windows,nvidia,NVIDIA GeForce RTX 4060 Ti,8,16,0,0,4.2,4.2,0.0,0.0,ddr5,0.0,0,0.0,8.0,1,4352,136,8.9,3.1,0.0,26.98,53.96,1,1,pcie2,8,1,0,0.81334,0.02491,0.00568,0.00187,90.56,"[0.74827, 0.83719, 0.8271, 0.78899, 0.81511, 0.82649, 0.82804, 0.8202, 0.82665, 0.81535]","[0.00474, 0.00485, 0.00528, 0.01112, 0.00502, 0.00428, 0.00497, 0.00563, 0.00598, 0.00493]",10,10,0,229.1,cuda_max_memory_allocated,v2-uniform-warmup,938,10,2026-09-15T16:00:18,ijunsu,remeasure_v2,0,6.1,0.0,1548.0,3.11.9,Windows-10-10.0.26200-SP0,AMD64,2.7.1+cu118,11.8,90100,0,1,3.7.1,mkl,NVIDIA GeForce RTX 4060 Ti,610.62,0.22.1+cu118
simple_ann,ANN_h128_l3,GPU(CUDA),"{'hidden_size': 128, 'num_layers': 3}",134794,134794,0,134794,0,0,4,4,0,4,0,0,3,128,128,128.0,128,268800,268800,0.5014657738095238,0.5142,539176,0,0,0,0,0,0,0,0,128,0,0,0,0,0,0,0,0,64,28,28,1,10,1,16,4.2,31.1,4352,8.0,0,0,ann,0,0,0,128,0,0,0,0,0,0,mnist,float32,784,windows,nvidia,NVIDIA GeForce RTX 4060 Ti,8,16,0,0,4.2,4.2,0.0,0.0,ddr5,0.0,0,0.0,8.0,1,4352,136,8.9,3.1,0.0,26.98,53.96,1,1,pcie2,8,1,0,0.89059,0.04629,0.0045,0.00036,88.84,"[0.91922, 0.83215, 0.81921, 0.92096, 0.94109, 0.88746, 0.86833, 0.85739, 0.88588, 0.97424]","[0.00403, 0.00401, 0.00438, 0.00449, 0.00427, 0.00478, 0.00429, 0.00507, 0.00492, 0.00482]",10,10,0,229.2,cuda_max_memory_allocated,v2-uniform-warmup,938,10,2026-09-15T16:00:29,ijunsu,remeasure_v2,0,5.7,3.0,1548.0,3.11.9,Windows-10-10.0.26200-SP0,AMD64,2.7.1+cu118,11.8,90100,0,1,3.7.1,mkl,NVIDIA GeForce RTX 4060 Ti,610.62,0.22.1+cu118
simple_ann,ANN_h128_l4,GPU(CUDA),"{'hidden_size': 128, 'num_layers': 4}",151306,151306,0,151306,0,0,5,5,0,5,0,0,4,128,128,128.0,128,301568,301568,0.5017309528862479,0.5772,605224,0,0,0,0,0,0,0,0,128,0,0,0,0,0,0,0,0,64,28,28,1,10,1,16,4.2,31.1,4352,8.0,0,0,ann,0,0,0,128,0,0,0,0,0,0,mnist,float32,784,windows,nvidia,NVIDIA GeForce RTX 4060 Ti,8,16,0,0,4.2,4.2,0.0,0.0,ddr5,0.0,0,0.0,8.0,1,4352,136,8.9,3.1,0.0,26.98,53.96,1,1,pcie2,8,1,0,1.10377,0.10545,0.00584,0.00126,78.95,"[1.26482, 1.2252, 1.24228, 1.18919, 1.03133, 1.03567, 1.03241, 1.01367, 0.99694, 1.00621]","[0.00551, 0.00534, 0.00535, 0.00563, 0.00568, 0.00874, 0.00489, 0.00772, 0.00475, 0.0048]",10,10,0,229.3,cuda_max_memory_allocated,v2-uniform-warmup,938,10,2026-09-15T16:00:41,ijunsu,remeasure_v2,0,3.5,0.0,1548.0,3.11.9,Windows-10-10.0.26200-SP0,AMD64,2.7.1+cu118,11.8,90100,0,1,3.7.1,mkl,NVIDIA GeForce RTX 4060 Ti,610.62,0.22.1+cu118
simple_ann,ANN_h128_l5,GPU(CUDA),"{'hidden_size': 128, 'num_layers': 5}",167818,167818,0,167818,0,0,6,6,0,6,0,0,5,128,128,128.0,128,334336,334336,0.5019441519908117,0.6402,671272,0,0,0,0,0,0,0,0,128,0,0,0,0,0,0,0,0,64,28,28,1,10,1,16,4.2,31.1,4352,8.0,0,0,ann,0,0,0,128,0,0,0,0,0,0,mnist,float32,784,windows,nvidia,NVIDIA GeForce RTX 4060 Ti,8,16,0,0,4.2,4.2,0.0,0.0,ddr5,0.0,0,0.0,8.0,1,4352,136,8.9,3.1,0.0,26.98,53.96,1,1,pcie2,8,1,0,1.33277,0.09339,0.00604,0.00127,29.36,"[1.19697, 1.24163, 1.22726, 1.22732, 1.33566, 1.42339, 1.42858, 1.40642, 1.41395, 1.42654]","[0.00354, 0.00437, 0.00493, 0.00552, 0.00705, 0.00727, 0.00696, 0.00691, 0.00688, 0.00692]",10,10,0,229.4,cuda_max_memory_allocated,v2-uniform-warmup,938,10,2026-09-15T16:00:56,ijunsu,remeasure_v2,0,1.1,0.0,1548.0,3.11.9,Windows-10-10.0.26200-SP0,AMD64,2.7.1+cu118,11.8,90100,0,1,3.7.1,mkl,NVIDIA GeForce RTX 4060 Ti,610.62,0.22.1+cu118
simple_ann,ANN_h128_l6,GPU(CUDA),"{'hidden_size': 128, 'num_layers': 6}",184330,184330,0,184330,0,0,7,7,0,7,0,0,6,128,128,128.0,128,367104,367104,0.502119290446304,0.7032,737320,0,0,0,0,0,0,0,0,128,0,0,0,0,0,0,0,0,64,28,28,1,10,1,16,4.2,31.1,4352,8.0,0,0,ann,0,0,0,128,0,0,0,0,0,0,mnist,float32,784,windows,nvidia,NVIDIA GeForce RTX 4060 Ti,8,16,0,0,4.2,4.2,0.0,0.0,ddr5,0.0,0,0.0,8.0,1,4352,136,8.9,3.1,0.0,26.98,53.96,1,1,pcie2,8,1,0,1.39109,0.15203,0.00619,0.00083,11.35,"[1.53007, 1.26515, 1.25226, 1.23953, 1.2428, 1.24406, 1.41883, 1.48965, 1.61552, 1.61301]","[0.00658, 0.00546, 0.00544, 0.00596, 0.00625, 0.0058, 0.00761, 0.00776, 0.00533, 0.00569]",10,10,0,229.6,cuda_max_memory_allocated,v2-uniform-warmup,938,10,2026-09-15T16:01:11,ijunsu,remeasure_v2,0,2.4,0.0,1548.0,3.11.9,Windows-10-10.0.26200-SP0,AMD64,2.7.1+cu118,11.8,90100,0,1,3.7.1,mkl,NVIDIA GeForce RTX 4060 Ti,610.62,0.22.1+cu118
simple_ann,ANN_h128_l8,GPU(CUDA),"{'hidden_size': 128, 'num_layers': 8}",217354,217354,0,217354,0,0,9,9,0,9,0,0,8,128,128,128.0,128,432640,432640,0.5023899778106509,0.8291,869416,0,0,0,0,0,0,0,0,128,0,0,0,0,0,0,0,0,64,28,28,1,10,1,16,4.2,31.1,4352,8.0,0,0,ann,0,0,0,128,0,0,0,0,0,0,mnist,float32,784,windows,nvidia,NVIDIA GeForce RTX 4060 Ti,8,16,0,0,4.2,4.2,0.0,0.0,ddr5,0.0,0,0.0,8.0,1,4352,136,8.9,3.1,0.0,26.98,53.96,1,1,pcie2,8,1,0,1.81857,0.18203,0.00696,0.00096,11.35,"[2.08966, 2.0059, 1.99283, 1.78678, 1.61188, 1.60944, 1.61711, 1.6268, 1.86821, 1.97706]","[0.00736, 0.0071, 0.00693, 0.0059, 0.00591, 0.00633, 0.00673, 0.00708, 0.00946, 0.00676]",10,10,0,229.9,cuda_max_memory_allocated,v2-uniform-warmup,938,10,2026-09-15T16:01:47,ijunsu,remeasure_v2,15,0.7,0.0,1548.0,3.11.9,Windows-10-10.0.26200-SP0,AMD64,2.7.1+cu118,11.8,90100,0,1,3.7.1,mkl,NVIDIA GeForce RTX 4060 Ti,610.62,0.22.1+cu118
simple_ann,ANN_h256_l1,GPU(CUDA),"{'hidden_size': 256, 'num_layers': 1}",203530,203530,0,203530,0,0,2,2,0,2,0,0,1,256,256,256.0,256,406528,406528,0.5006543214735516,0.7764,814120,0,0,0,0,0,0,0,0,256,0,0,0,0,0,0,0,0,64,28,28,1,10,1,16,4.2,31.1,4352,8.0,0,0,ann,0,0,0,256,0,0,0,0,0,0,mnist,float32,784,windows,nvidia,NVIDIA GeForce RTX 4060 Ti,8,16,0,0,4.2,4.2,0.0,0.0,ddr5,0.0,0,0.0,8.0,1,4352,136,8.9,3.1,0.0,26.98,53.96,1,1,pcie2,8,1,0,0.61768,0.0436,0.00468,0.00032,91.23,"[0.65592, 0.64144, 0.63191, 0.63632, 0.63411, 0.64003, 0.6368, 0.63753, 0.52962, 0.53312]","[0.00471, 0.00459, 0.00512, 0.00456, 0.00478, 0.00476, 0.00485, 0.00511, 0.00413, 0.00415]",10,10,0,229.8,cuda_max_memory_allocated,v2-uniform-warmup,938,10,2026-09-15T16:01:55,ijunsu,remeasure_v2,0,1.9,3.0,1548.0,3.11.9,Windows-10-10.0.26200-SP0,AMD64,2.7.1+cu118,11.8,90100,0,1,3.7.1,mkl,NVIDIA GeForce RTX 4060 Ti,610.62,0.22.1+cu118
simple_ann,ANN_h256_l2,GPU(CUDA),"{'hidden_size': 256, 'num_layers': 2}",269322,269322,0,269322,0,0,3,3,0,3,0,0,2,256,256,256.0,256,537600,537600,0.5009709821428572,1.0274,1077288,0,0,0,0,0,0,0,0,256,0,0,0,0,0,0,0,0,64,28,28,1,10,1,16,4.2,31.1,4352,8.0,0,0,ann,0,0,0,256,0,0,0,0,0,0,mnist,float32,784,windows,nvidia,NVIDIA GeForce RTX 4060 Ti,8,16,0,0,4.2,4.2,0.0,0.0,ddr5,0.0,0,0.0,8.0,1,4352,136,8.9,3.1,0.0,26.98,53.96,1,1,pcie2,8,1,0,0.69643,0.03788,0.00548,0.00132,90.76,"[0.6867, 0.67826, 0.68123, 0.68837, 0.6697, 0.66554, 0.67002, 0.68285, 0.77357, 0.76802]","[0.00567, 0.00495, 0.00434, 0.005, 0.00462, 0.00562, 0.00527, 0.00923, 0.00474, 0.00532]",10,10,0,231.2,cuda_max_memory_allocated,v2-uniform-warmup,938,10,2026-09-15T16:02:03,ijunsu,remeasure_v2,0,0.9,2.0,1548.0,3.11.9,Windows-10-10.0.26200-SP0,AMD64,2.7.1+cu118,11.8,90100,0,1,3.7.1,mkl,NVIDIA GeForce RTX 4060 Ti,610.62,0.22.1+cu118
simple_ann,ANN_h256_l3,GPU(CUDA),"{'hidden_size': 256, 'num_layers': 3}",335114,335114,0,335114,0,0,4,4,0,4,0,0,3,256,256,256.0,256,668672,668672,0.5011635001914242,1.2784,1340456,0,0,0,0,0,0,0,0,256,0,0,0,0,0,0,0,0,64,28,28,1,10,1,16,4.2,31.1,4352,8.0,0,0,ann,0,0,0,256,0,0,0,0,0,0,mnist,float32,784,windows,nvidia,NVIDIA GeForce RTX 4060 Ti,8,16,0,0,4.2,4.2,0.0,0.0,ddr5,0.0,0,0.0,8.0,1,4352,136,8.9,3.1,0.0,26.98,53.96,1,1,pcie2,8,1,0,0.96769,0.05031,0.00574,0.00042,89.32,"[0.92625, 0.93538, 0.90915, 0.94446, 0.9378, 0.939, 0.95782, 1.0438, 1.03742, 1.04588]","[0.00692, 0.00563, 0.00549, 0.00547, 0.00589, 0.00549, 0.00568, 0.00539, 0.00564, 0.00575]",10,10,0,231.7,cuda_max_memory_allocated,v2-uniform-warmup,938,10,2026-09-15T16:02:14,ijunsu,remeasure_v2,0,1.1,4.0,1550.0,3.11.9,Windows-10-10.0.26200-SP0,AMD64,2.7.1+cu118,11.8,90100,0,1,3.7.1,mkl,NVIDIA GeForce RTX 4060 Ti,610.62,0.22.1+cu118
simple_ann,ANN_h256_l4,GPU(CUDA),"{'hidden_size': 256, 'num_layers': 4}",400906,400906,0,400906,0,0,5,5,0,5,0,0,4,256,256,256.0,256,799744,799744,0.5012929137323944,1.5293,1603624,0,0,0,0,0,0,0,0,256,0,0,0,0,0,0,0,0,64,28,28,1,10,1,16,4.2,31.1,4352,8.0,0,0,ann,0,0,0,256,0,0,0,0,0,0,mnist,float32,784,windows,nvidia,NVIDIA GeForce RTX 4060 Ti,8,16,0,0,4.2,4.2,0.0,0.0,ddr5,0.0,0,0.0,8.0,1,4352,136,8.9,3.1,0.0,26.98,53.96,1,1,pcie2,8,1,0,1.16965,0.05177,0.00669,0.00054,83.22,"[1.21321, 1.23203, 1.20079, 1.25132, 1.16868, 1.17712, 1.10136, 1.1319, 1.10208, 1.11803]","[0.00693, 0.00669, 0.00615, 0.00674, 0.00618, 0.00626, 0.00786, 0.00611, 0.00663, 0.00733]",10,10,0,232.2,cuda_max_memory_allocated,v2-uniform-warmup,938,10,2026-09-15T16:02:28,ijunsu,remeasure_v2,0,1.6,2.0,1550.0,3.11.9,Windows-10-10.0.26200-SP0,AMD64,2.7.1+cu118,11.8,90100,0,1,3.7.1,mkl,NVIDIA GeForce RTX 4060 Ti,610.62,0.22.1+cu118
simple_ann,ANN_h256_l5,GPU(CUDA),"{'hidden_size': 256, 'num_layers': 5}",466698,466698,0,466698,0,0,6,6,0,6,0,0,5,256,256,256.0,256,930816,930816,0.5013858807755776,1.7803,1866792,0,0,0,0,0,0,0,0,256,0,0,0,0,0,0,0,0,64,28,28,1,10,1,16,4.2,31.1,4352,8.0,0,0,ann,0,0,0,256,0,0,0,0,0,0,mnist,float32,784,windows,nvidia,NVIDIA GeForce RTX 4060 Ti,8,16,0,0,4.2,4.2,0.0,0.0,ddr5,0.0,0,0.0,8.0,1,4352,136,8.9,3.1,0.0,26.98,53.96,1,1,pcie2,8,1,0,1.20702,0.07388,0.00666,0.00058,31.39,"[1.29853, 1.2921, 1.27701, 1.16574, 1.14936, 1.14197, 1.13613, 1.15092, 1.14077, 1.31768]","[0.00811, 0.00659, 0.00655, 0.00633, 0.00613, 0.00697, 0.00682, 0.00601, 0.00692, 0.00619]",10,10,0,232.8,cuda_max_memory_allocated,v2-uniform-warmup,938,10,2026-09-15T16:02:41,ijunsu,remeasure_v2,0,1.9,0.0,1552.0,3.11.9,Windows-10-10.0.26200-SP0,AMD64,2.7.1+cu118,11.8,90100,0,1,3.7.1,mkl,NVIDIA GeForce RTX 4060 Ti,610.62,0.22.1+cu118
simple_ann,ANN_h256_l6,GPU(CUDA),"{'hidden_size': 256, 'num_layers': 6}",532490,532490,0,532490,0,0,7,7,0,7,0,0,6,256,256,256.0,256,1061888,1061888,0.5014558974204436,2.0313,2129960,0,0,0,0,0,0,0,0,256,0,0,0,0,0,0,0,0,64,28,28,1,10,1,16,4.2,31.1,4352,8.0,0,0,ann,0,0,0,256,0,0,0,0,0,0,mnist,float32,784,windows,nvidia,NVIDIA GeForce RTX 4060 Ti,8,16,0,0,4.2,4.2,0.0,0.0,ddr5,0.0,0,0.0,8.0,1,4352,136,8.9,3.1,0.0,26.98,53.96,1,1,pcie2,8,1,0,1.42215,0.10288,0.00738,0.00078,11.35,"[1.53548, 1.51605, 1.44635, 1.42626, 1.42977, 1.35288, 1.29602, 1.27316, 1.33955, 1.60599]","[0.00941, 0.00709, 0.00778, 0.00752, 0.0076, 0.00683, 0.00671, 0.00688, 0.00654, 0.00743]",10,10,0,233.7,cuda_max_memory_allocated,v2-uniform-warmup,938,10,2026-09-15T16:02:57,ijunsu,remeasure_v2,0,1.7,2.0,1550.0,3.11.9,Windows-10-10.0.26200-SP0,AMD64,2.7.1+cu118,11.8,90100,0,1,3.7.1,mkl,NVIDIA GeForce RTX 4060 Ti,610.62,0.22.1+cu118
simple_ann,ANN_h256_l8,GPU(CUDA),"{'hidden_size': 256, 'num_layers': 8}",664074,664074,0,664074,0,0,9,9,0,9,0,0,8,256,256,256.0,256,1324032,1324032,0.5015543430974478,2.5332,2656296,0,0,0,0,0,0,0,0,256,0,0,0,0,0,0,0,0,64,28,28,1,10,1,16,4.2,31.1,4352,8.0,0,0,ann,0,0,0,256,0,0,0,0,0,0,mnist,float32,784,windows,nvidia,NVIDIA GeForce RTX 4060 Ti,8,16,0,0,4.2,4.2,0.0,0.0,ddr5,0.0,0,0.0,8.0,1,4352,136,8.9,3.1,0.0,26.98,53.96,1,1,pcie2,8,1,0,1.81456,0.15902,0.00896,0.00085,11.35,"[2.08562, 1.86726, 1.99, 1.98617, 1.83905, 1.78384, 1.69839, 1.64497, 1.64574, 1.60459]","[0.01014, 0.00918, 0.01025, 0.00901, 0.0095, 0.00932, 0.00831, 0.00822, 0.00767, 0.00795]",10,10,0,235.3,cuda_max_memory_allocated,v2-uniform-warmup,938,10,2026-09-15T16:03:17,ijunsu,remeasure_v2,0,7.1,4.0,1550.0,3.11.9,Windows-10-10.0.26200-SP0,AMD64,2.7.1+cu118,11.8,90100,0,1,3.7.1,mkl,NVIDIA GeForce RTX 4060 Ti,610.62,0.22.1+cu118
simple_ann,ANN_h512_l1,GPU(CUDA),"{'hidden_size': 512, 'num_layers': 1}",407050,407050,0,407050,0,0,2,2,0,2,0,0,1,512,512,512.0,512,813056,813056,0.500642022197733,1.5528,1628200,0,0,0,0,0,0,0,0,512,0,0,0,0,0,0,0,0,64,28,28,1,10,1,16,4.2,31.1,4352,8.0,0,0,ann,0,0,0,512,0,0,0,0,0,0,mnist,float32,784,windows,nvidia,NVIDIA GeForce RTX 4060 Ti,8,16,0,0,4.2,4.2,0.0,0.0,ddr5,0.0,0,0.0,8.0,1,4352,136,8.9,3.1,0.0,26.98,53.96,1,1,pcie2,8,1,0,0.59112,0.0406,0.00467,0.00016,91.47,"[0.54589, 0.51931, 0.52779, 0.60358, 0.60357, 0.62927, 0.61385, 0.62494, 0.62216, 0.62081]","[0.00501, 0.00486, 0.00442, 0.00455, 0.00451, 0.00476, 0.00471, 0.0046, 0.00466, 0.00464]",10,10,0,234.0,cuda_max_memory_allocated,v2-uniform-warmup,938,10,2026-09-15T16:03:24,ijunsu,remeasure_v2,0,2.0,0.0,1552.0,3.11.9,Windows-10-10.0.26200-SP0,AMD64,2.7.1+cu118,11.8,90100,0,1,3.7.1,mkl,NVIDIA GeForce RTX 4060 Ti,610.62,0.22.1+cu118
simple_ann,ANN_h512_l2,GPU(CUDA),"{'hidden_size': 512, 'num_layers': 2}",669706,669706,0,669706,0,0,3,3,0,3,0,0,2,512,512,512.0,512,1337344,1337344,0.5007731742917305,2.5547,2678824,0,0,0,0,0,0,0,0,512,0,0,0,0,0,0,0,0,64,28,28,1,10,1,16,4.2,31.1,4352,8.0,0,0,ann,0,0,0,512,0,0,0,0,0,0,mnist,float32,784,windows,nvidia,NVIDIA GeForce RTX 4060 Ti,8,16,0,0,4.2,4.2,0.0,0.0,ddr5,0.0,0,0.0,8.0,1,4352,136,8.9,3.1,0.0,26.98,53.96,1,1,pcie2,8,1,0,0.75215,0.06817,0.00545,0.00049,91.0,"[0.8329, 0.81846, 0.82218, 0.81807, 0.8031, 0.71779, 0.68538, 0.67416, 0.67392, 0.67553]","[0.0045, 0.00489, 0.00551, 0.00575, 0.00577, 0.00626, 0.00519, 0.00572, 0.0051, 0.00576]",10,10,0,237.0,cuda_max_memory_allocated,v2-uniform-warmup,938,10,2026-09-15T16:03:33,ijunsu,remeasure_v2,0,2.7,2.0,1546.0,3.11.9,Windows-10-10.0.26200-SP0,AMD64,2.7.1+cu118,11.8,90100,0,1,3.7.1,mkl,NVIDIA GeForce RTX 4060 Ti,610.62,0.22.1+cu118
simple_ann,ANN_h512_l3,GPU(CUDA),"{'hidden_size': 512, 'num_layers': 3}",932362,932362,0,932362,0,0,4,4,0,4,0,0,3,512,512,512.0,512,1861632,1861632,0.5008304541391639,3.5567,3729448,0,0,0,0,0,0,0,0,512,0,0,0,0,0,0,0,0,64,28,28,1,10,1,16,4.2,31.1,4352,8.0,0,0,ann,0,0,0,512,0,0,0,0,0,0,mnist,float32,784,windows,nvidia,NVIDIA GeForce RTX 4060 Ti,8,16,0,0,4.2,4.2,0.0,0.0,ddr5,0.0,0,0.0,8.0,1,4352,136,8.9,3.1,0.0,26.98,53.96,1,1,pcie2,8,1,0,0.91147,0.07523,0.00798,0.0022,90.04,"[0.85687, 0.82414, 0.82758, 0.82459, 0.92607, 0.95371, 0.89655, 0.94767, 1.01549, 1.04208]","[0.00722, 0.01259, 0.00674, 0.00661, 0.00683, 0.00681, 0.00669, 0.0067, 0.00751, 0.01209]",10,10,0,239.4,cuda_max_memory_allocated,v2-uniform-warmup,938,10,2026-09-15T16:03:44,ijunsu,remeasure_v2,0,1.9,7.0,1548.0,3.11.9,Windows-10-10.0.26200-SP0,AMD64,2.7.1+cu118,11.8,90100,0,1,3.7.1,mkl,NVIDIA GeForce RTX 4060 Ti,610.62,0.22.1+cu118
simple_ann,ANN_h512_l4,GPU(CUDA),"{'hidden_size': 512, 'num_layers': 4}",1195018,1195018,0,1195018,0,0,5,5,0,5,0,0,4,512,512,512.0,512,2385920,2385920,0.5008625603540773,4.5586,4780072,0,0,0,0,0,0,0,0,512,0,0,0,0,0,0,0,0,64,28,28,1,10,1,16,4.2,31.1,4352,8.0,0,0,ann,0,0,0,512,0,0,0,0,0,0,mnist,float32,784,windows,nvidia,NVIDIA GeForce RTX 4060 Ti,8,16,0,0,4.2,4.2,0.0,0.0,ddr5,0.0,0,0.0,8.0,1,4352,136,8.9,3.1,0.0,26.98,53.96,1,1,pcie2,8,1,0,1.08167,0.09601,0.00836,0.00094,85.92,"[1.23783, 1.24031, 1.17845, 1.1011, 1.04747, 1.00034, 1.00398, 1.01216, 0.99133, 1.0037]","[0.01063, 0.00927, 0.0084, 0.00876, 0.00775, 0.00782, 0.00809, 0.00792, 0.00714, 0.0078]",10,10,0,242.6,cuda_max_memory_allocated,v2-uniform-warmup,938,10,2026-09-15T16:03:56,ijunsu,remeasure_v2,0,1.3,0.0,1550.0,3.11.9,Windows-10-10.0.26200-SP0,AMD64,2.7.1+cu118,11.8,90100,0,1,3.7.1,mkl,NVIDIA GeForce RTX 4060 Ti,610.62,0.22.1+cu118
simple_ann,ANN_h512_l5,GPU(CUDA),"{'hidden_size': 512, 'num_layers': 5}",1457674,1457674,0,1457674,0,0,6,6,0,6,0,0,5,512,512,512.0,512,2910208,2910208,0.5008830983902182,5.5606,5830696,0,0,0,0,0,0,0,0,512,0,0,0,0,0,0,0,0,64,28,28,1,10,1,16,4.2,31.1,4352,8.0,0,0,ann,0,0,0,512,0,0,0,0,0,0,mnist,float32,784,windows,nvidia,NVIDIA GeForce RTX 4060 Ti,8,16,0,0,4.2,4.2,0.0,0.0,ddr5,0.0,0,0.0,8.0,1,4352,136,8.9,3.1,0.0,26.98,53.96,1,1,pcie2,8,1,0,1.24334,0.06688,0.00906,0.00204,43.38,"[1.18809, 1.20181, 1.28055, 1.28477, 1.22938, 1.34375, 1.36182, 1.19674, 1.18983, 1.15671]","[0.00953, 0.0105, 0.00493, 0.00666, 0.01294, 0.00969, 0.00978, 0.00883, 0.00837, 0.00943]",10,10,0,245.7,cuda_max_memory_allocated,v2-uniform-warmup,938,10,2026-09-15T16:04:11,ijunsu,remeasure_v2,0,1.5,0.0,1552.0,3.11.9,Windows-10-10.0.26200-SP0,AMD64,2.7.1+cu118,11.8,90100,0,1,3.7.1,mkl,NVIDIA GeForce RTX 4060 Ti,610.62,0.22.1+cu118
simple_ann,ANN_h512_l6,GPU(CUDA),"{'hidden_size': 512, 'num_layers': 6}",1720330,1720330,0,1720330,0,0,7,7,0,7,0,0,6,512,512,512.0,512,3434496,3434496,0.5008973660181872,6.5625,6881320,0,0,0,0,0,0,0,0,512,0,0,0,0,0,0,0,0,64,28,28,1,10,1,16,4.2,31.1,4352,8.0,0,0,ann,0,0,0,512,0,0,0,0,0,0,mnist,float32,784,windows,nvidia,NVIDIA GeForce RTX 4060 Ti,8,16,0,0,4.2,4.2,0.0,0.0,ddr5,0.0,0,0.0,8.0,1,4352,136,8.9,3.1,0.0,26.98,53.96,1,1,pcie2,8,1,0,1.39449,0.06407,0.0106,0.00197,11.35,"[1.34949, 1.33776, 1.32989, 1.45997, 1.44569, 1.45466, 1.44071, 1.44198, 1.41747, 1.26728]","[0.01075, 0.01007, 0.00993, 0.00764, 0.01564, 0.01207, 0.01039, 0.00986, 0.00986, 0.00983]",10,10,0,248.8,cuda_max_memory_allocated,v2-uniform-warmup,938,10,2026-09-15T16:04:26,ijunsu,remeasure_v2,0,4.5,0.0,1556.0,3.11.9,Windows-10-10.0.26200-SP0,AMD64,2.7.1+cu118,11.8,90100,0,1,3.7.1,mkl,NVIDIA GeForce RTX 4060 Ti,610.62,0.22.1+cu118
simple_ann,ANN_h512_l8,GPU(CUDA),"{'hidden_size': 512, 'num_layers': 8}",2245642,2245642,0,2245642,0,0,9,9,0,9,0,0,8,512,512,512.0,512,4483072,4483072,0.5009158898184103,8.5664,8982568,0,0,0,0,0,0,0,0,512,0,0,0,0,0,0,0,0,64,28,28,1,10,1,16,4.2,31.1,4352,8.0,0,0,ann,0,0,0,512,0,0,0,0,0,0,mnist,float32,784,windows,nvidia,NVIDIA GeForce RTX 4060 Ti,8,16,0,0,4.2,4.2,0.0,0.0,ddr5,0.0,0,0.0,8.0,1,4352,136,8.9,3.1,0.0,26.98,53.96,1,1,pcie2,8,1,0,1.7527,0.08656,0.0115,0.00093,11.35,"[1.70163, 1.75683, 1.70648, 1.78867, 1.98609, 1.79188, 1.70266, 1.69912, 1.72163, 1.67195]","[0.01197, 0.01123, 0.01085, 0.01372, 0.01242, 0.01135, 0.01125, 0.01118, 0.01039, 0.01068]",10,10,0,255.1,cuda_max_memory_allocated,v2-uniform-warmup,938,10,2026-09-15T16:04:45,ijunsu,remeasure_v2,0,6.7,3.0,1557.0,3.11.9,Windows-10-10.0.26200-SP0,AMD64,2.7.1+cu118,11.8,90100,0,1,3.7.1,mkl,NVIDIA GeForce RTX 4060 Ti,610.62,0.22.1+cu118
simple_cnn,CNN_f8_l1_bn0,GPU(CUDA),"{'num_filters': 8, 'num_conv_layers': 1, 'use_batchnorm': False}",2522,2522,80,2442,0,0,3,3,1,2,0,1,2,8,8,8.0,128,117504,117504,0.021463099128540306,0.0096,10088,0,0,0,1,0,0,0,1,0,8,0,0,0,0,0,0,0,64,28,28,1,10,1,16,4.2,31.1,4352,8.0,0,1,cnn,3,1,1,128,0,0,0,0,0,0,mnist,float32,784,windows,nvidia,NVIDIA GeForce RTX 4060 Ti,8,16,0,0,4.2,4.2,0.0,0.0,ddr5,0.0,0,0.0,8.0,1,4352,136,8.9,3.1,0.0,26.98,53.96,1,1,pcie2,8,1,0,0.90174,0.0508,0.02897,0.02221,18.79,"[0.91069, 0.86871, 0.87172, 0.88487, 0.86664, 0.82814, 0.86856, 0.9912, 0.96992, 0.95696]","[0.006, 0.00626, 0.05274, 0.00732, 0.00732, 0.05486, 0.04898, 0.0493, 0.00719, 0.04972]",10,10,0,274.2,cuda_max_memory_allocated,v2-uniform-warmup,938,10,2026-09-15T16:04:56,ijunsu,remeasure_v2,0,0.8,0.0,1561.0,3.11.9,Windows-10-10.0.26200-SP0,AMD64,2.7.1+cu118,11.8,90100,0,1,3.7.1,mkl,NVIDIA GeForce RTX 4060 Ti,610.62,0.22.1+cu118
simple_cnn,CNN_f8_l1_bn1,GPU(CUDA),"{'num_filters': 8, 'num_conv_layers': 1, 'use_batchnorm': True}",2538,2538,80,2442,16,0,4,3,1,2,1,1,2,8,8,8.0,128,130048,130048,0.019515871062992126,0.0097,10152,0,0,0,1,1,0,0,1,0,8,1,0,0,0,0,0,0,64,28,28,1,10,1,16,4.2,31.1,4352,8.0,0,1,cnn,3,1,1,128,0,0,0,0,0,0,mnist,float32,784,windows,nvidia,NVIDIA GeForce RTX 4060 Ti,8,16,0,0,4.2,4.2,0.0,0.0,ddr5,0.0,0,0.0,8.0,1,4352,136,8.9,3.1,0.0,26.98,53.96,1,1,pcie4,16,1,0,0.98756,0.10059,0.03821,0.03373,20.14,"[1.14732, 1.11088, 1.10179, 1.05781, 0.97563, 0.87651, 0.90592, 0.91229, 0.89853, 0.88891]","[0.08418, 0.07963, 0.00881, 0.01369, 0.01274, 0.07711, 0.00851, 0.00844, 0.0123, 0.07667]",10,10,0,274.2,cuda_max_memory_allocated,v2-uniform-warmup,938,10,2026-09-15T16:05:08,ijunsu,remeasure_v2,0,4.7,0.0,1551.0,3.11.9,Windows-10-10.0.26200-SP0,AMD64,2.7.1+cu118,11.8,90100,0,1,3.7.1,mkl,NVIDIA GeForce RTX 4060 Ti,610.62,0.22.1+cu118
simple_cnn,CNN_f8_l2_bn0,GPU(CUDA),"{'num_filters': 8, 'num_conv_layers': 2, 'use_batchnorm': False}",4714,4714,1248,3466,0,0,4,4,2,2,0,2,3,16,8,12.0,128,1925888,1925888,0.0024477020470556957,0.018,18856,0,0,0,1,0,0,0,1,0,8,0,0,0,0,0,0,0,64,28,28,1,10,1,16,4.2,31.1,4352,8.0,0,1,cnn,3,1,1,128,0,0,0,0,0,0,mnist,float32,784,windows,nvidia,NVIDIA GeForce RTX 4060 Ti,8,16,0,0,4.2,4.2,0.0,0.0,ddr5,0.0,0,0.0,8.0,1,4352,136,8.9,3.1,0.0,26.98,53.96,1,1,pcie4,16,1,0,1.26525,0.09705,0.02796,0.00097,18.18,"[1.04078, 1.13178, 1.2202, 1.30502, 1.32352, 1.32479, 1.32458, 1.34194, 1.31434, 1.3255]","[0.02786, 0.02616, 0.02744, 0.02919, 0.02883, 0.02754, 0.02727, 0.02928, 0.02876, 0.02727]",10,10,0,322.2,cuda_max_memory_allocated,v2-uniform-warmup,938,10,2026-09-15T16:05:23,ijunsu,remeasure_v2,0,4.5,0.0,1551.0,3.11.9,Windows-10-10.0.26200-SP0,AMD64,2.7.1+cu118,11.8,90100,0,1,3.7.1,mkl,NVIDIA GeForce RTX 4060 Ti,610.62,0.22.1+cu118
simple_cnn,CNN_f8_l2_bn1,GPU(CUDA),"{'num_filters': 8, 'num_conv_layers': 2, 'use_batchnorm': True}",4762,4762,1248,3466,48,0,6,4,2,2,2,2,3,16,8,12.0,128,1963520,1963520,0.0024252363102998695,0.0182,19048,0,0,0,1,1,0,0,1,0,8,1,0,0,0,0,0,0,64,28,28,1,10,1,16,4.2,31.1,4352,8.0,0,1,cnn,3,1,1,128,0,0,0,0,0,0,mnist,float32,784,windows,nvidia,NVIDIA GeForce RTX 4060 Ti,8,16,0,0,4.2,4.2,0.0,0.0,ddr5,0.0,0,0.0,8.0,1,4352,136,8.9,3.1,0.0,26.98,53.96,1,1,pcie4,16,1,0,1.3922,0.0902,0.03251,0.00112,26.79,"[1.44176, 1.29508, 1.28306, 1.30632, 1.31835, 1.36336, 1.44632, 1.39848, 1.52149, 1.54781]","[0.03439, 0.0341, 0.03107, 0.03185, 0.03235, 0.03183, 0.03178, 0.0312, 0.03347, 0.03301]",10,10,0,322.2,cuda_max_memory_allocated,v2-uniform-warmup,938,10,2026-09-15T16:05:38,ijunsu,remeasure_v2,0,1.4,1.0,1553.0,3.11.9,Windows-10-10.0.26200-SP0,AMD64,2.7.1+cu118,11.8,90100,0,1,3.7.1,mkl,NVIDIA GeForce RTX 4060 Ti,610.62,0.22.1+cu118
simple_cnn,CNN_f8_l3_bn0,GPU(CUDA),"{'num_filters': 8, 'num_conv_layers': 3, 'use_batchnorm': False}",11402,11402,5888,5514,0,0,5,5,3,2,0,2,4,32,8,18.666666666666668,128,3736320,3736320,0.0030516658102089757,0.0435,45608,0,0,0,1,0,0,0,1,0,8,0,0,0,0,0,0,0,64,28,28,1,10,1,16,4.2,31.1,4352,8.0,0,1,cnn,3,1,1,128,0,0,0,0,0,0,mnist,float32,784,windows,nvidia,NVIDIA GeForce RTX 4060 Ti,8,16,0,0,4.2,4.2,0.0,0.0,ddr5,0.0,0,0.0,8.0,1,4352,136,8.9,3.1,0.0,26.98,53.96,1,1,pcie4,16,1,0,1.33607,0.06966,0.03218,0.00083,14.1,"[1.36653, 1.26967, 1.25789, 1.25677, 1.2677, 1.28954, 1.40506, 1.41421, 1.40977, 1.42353]","[0.03437, 0.03173, 0.03167, 0.03179, 0.0317, 0.03198, 0.03238, 0.03296, 0.03154, 0.03173]",10,10,0,322.3,cuda_max_memory_allocated,v2-uniform-warmup,938,10,2026-09-15T16:05:53,ijunsu,remeasure_v2,0,1.3,0.0,1553.0,3.11.9,Windows-10-10.0.26200-SP0,AMD64,2.7.1+cu118,11.8,90100,0,1,3.7.1,mkl,NVIDIA GeForce RTX 4060 Ti,610.62,0.22.1+cu118
simple_cnn,CNN_f8_l3_bn1,GPU(CUDA),"{'num_filters': 8, 'num_conv_layers': 3, 'use_batchnorm': True}",11514,11514,5888,5514,112,0,8,5,3,2,3,2,4,32,8,18.666666666666668,128,3786496,3786496,0.0030408060644986816,0.0439,46056,0,0,0,1,1,0,0,1,0,8,1,0,0,0,0,0,0,64,28,28,1,10,1,16,4.2,31.1,4352,8.0,0,1,cnn,3,1,1,128,0,0,0,0,0,0,mnist,float32,784,windows,nvidia,NVIDIA GeForce RTX 4060 Ti,8,16,0,0,4.2,4.2,0.0,0.0,ddr5,0.0,0,0.0,8.0,1,4352,136,8.9,3.1,0.0,26.98,53.96,1,1,pcie4,16,1,0,1.82185,0.09319,0.04054,0.00082,26.59,"[1.76597, 1.67056, 1.67275, 1.86619, 1.87533, 1.87411, 1.93889, 1.94541, 1.8318, 1.77746]","[0.04106, 0.03931, 0.03941, 0.0396, 0.0413, 0.04155, 0.04143, 0.04087, 0.04007, 0.04077]",10,10,0,322.3,cuda_max_memory_allocated,v2-uniform-warmup,938,10,2026-09-15T16:06:14,ijunsu,remeasure_v2,0,1.4,0.0,1553.0,3.11.9,Windows-10-10.0.26200-SP0,AMD64,2.7.1+cu118,11.8,90100,0,1,3.7.1,mkl,NVIDIA GeForce RTX 4060 Ti,610.62,0.22.1+cu118
simple_cnn,CNN_f8_l4_bn0,GPU(CUDA),"{'num_filters': 8, 'num_conv_layers': 4, 'use_batchnorm': False}",20650,20650,15136,5514,0,0,6,6,4,2,0,3,5,32,8,22.0,128,7348992,7348992,0.002809909168495489,0.0788,82600,0,0,0,1,0,0,0,1,0,8,0,0,0,0,0,0,0,64,28,28,1,10,1,16,4.2,31.1,4352,8.0,0,1,cnn,3,1,1,128,0,0,0,0,0,0,mnist,float32,784,windows,nvidia,NVIDIA GeForce RTX 4060 Ti,8,16,0,0,4.2,4.2,0.0,0.0,ddr5,0.0,0,0.0,8.0,1,4352,136,8.9,3.1,0.0,26.98,53.96,1,1,pcie4,16,1,0,1.6498,0.13942,0.04196,0.00054,11.36,"[1.77731, 1.53975, 1.5045, 1.51593, 1.50838, 1.49234, 1.74518, 1.78171, 1.82421, 1.80873]","[0.0427, 0.04153, 0.04147, 0.04157, 0.04152, 0.04177, 0.04165, 0.04314, 0.04202, 0.04228]",10,10,0,322.3,cuda_max_memory_allocated,v2-uniform-warmup,938,10,2026-09-15T16:06:32,ijunsu,remeasure_v2,0,1.1,0.0,1559.0,3.11.9,Windows-10-10.0.26200-SP0,AMD64,2.7.1+cu118,11.8,90100,0,1,3.7.1,mkl,NVIDIA GeForce RTX 4060 Ti,610.62,0.22.1+cu118
simple_cnn,CNN_f8_l4_bn1,GPU(CUDA),"{'num_filters': 8, 'num_conv_layers': 4, 'use_batchnorm': True}",20826,20826,15136,5514,176,0,10,6,4,2,4,3,5,32,8,22.0,128,7411712,7411712,0.0028098771242055817,0.0794,83304,0,0,0,1,1,0,0,1,0,8,1,0,0,0,0,0,0,64,28,28,1,10,1,16,4.2,31.1,4352,8.0,0,1,cnn,3,1,1,128,0,0,0,0,0,0,mnist,float32,784,windows,nvidia,NVIDIA GeForce RTX 4060 Ti,8,16,0,0,4.2,4.2,0.0,0.0,ddr5,0.0,0,0.0,8.0,1,4352,136,8.9,3.1,0.0,26.98,53.96,1,1,pcie4,16,1,0,2.156,0.21552,0.05264,0.00149,57.21,"[2.19876, 1.91924, 1.88275, 1.87536, 2.01302, 2.42345, 2.44552, 2.35531, 2.34284, 2.10375]","[0.05339, 0.05103, 0.05094, 0.05161, 0.05172, 0.05508, 0.05518, 0.05316, 0.05287, 0.05139]",10,10,0,322.4,cuda_max_memory_allocated,v2-uniform-warmup,938,10,2026-09-15T16:06:56,ijunsu,remeasure_v2,0,0.8,0.0,1553.0,3.11.9,Windows-10-10.0.26200-SP0,AMD64,2.7.1+cu118,11.8,90100,0,1,3.7.1,mkl,NVIDIA GeForce RTX 4060 Ti,610.62,0.22.1+cu118
simple_cnn,CNN_f8_l5_bn0,GPU(CUDA),"{'num_filters': 8, 'num_conv_layers': 5, 'use_batchnorm': False}",29898,29898,24384,5514,0,0,7,7,5,2,0,3,6,32,8,24.0,128,8252160,8252160,0.0036230514192647743,0.1141,119592,0,0,0,1,0,0,0,1,0,8,0,0,0,0,0,0,0,64,28,28,1,10,1,16,4.2,31.1,4352,8.0,0,1,cnn,3,1,1,128,0,0,0,0,0,0,mnist,float32,784,windows,nvidia,NVIDIA GeForce RTX 4060 Ti,8,16,0,0,4.2,4.2,0.0,0.0,ddr5,0.0,0,0.0,8.0,1,4352,136,8.9,3.1,0.0,26.98,53.96,1,1,pcie4,16,1,0,1.87323,0.17256,0.04365,0.00088,11.35,"[1.71844, 1.7122, 1.70875, 1.74631, 2.08331, 2.07687, 2.04866, 2.0758, 1.90404, 1.65791]","[0.04265, 0.04366, 0.04383, 0.04257, 0.04455, 0.04469, 0.04478, 0.04438, 0.04276, 0.04259]",10,10,0,322.4,cuda_max_memory_allocated,v2-uniform-warmup,938,10,2026-09-15T16:07:16,ijunsu,remeasure_v2,0,0.9,0.0,1553.0,3.11.9,Windows-10-10.0.26200-SP0,AMD64,2.7.1+cu118,11.8,90100,0,1,3.7.1,mkl,NVIDIA GeForce RTX 4060 Ti,610.62,0.22.1+cu118
simple_cnn,CNN_f8_l5_bn1,GPU(CUDA),"{'num_filters': 8, 'num_conv_layers': 5, 'use_batchnorm': True}",30138,30138,24384,5514,240,0,12,7,5,2,5,3,6,32,8,24.0,128,8318016,8318016,0.003623219767790781,0.115,120552,0,0,0,1,1,0,0,1,0,8,1,0,0,0,0,0,0,64,28,28,1,10,1,16,4.2,31.1,4352,8.0,0,1,cnn,3,1,1,128,0,0,0,0,0,0,mnist,float32,784,windows,nvidia,NVIDIA GeForce RTX 4060 Ti,8,16,0,0,4.2,4.2,0.0,0.0,ddr5,0.0,0,0.0,8.0,1,4352,136,8.9,3.1,0.0,26.98,53.96,1,1,pcie4,16,1,0,2.43372,0.18192,0.05401,0.00104,60.68,"[2.20809, 2.31399, 2.69747, 2.63671, 2.76921, 2.34879, 2.35679, 2.33277, 2.32615, 2.34729]","[0.05294, 0.05386, 0.05552, 0.05431, 0.05634, 0.0535, 0.05379, 0.05324, 0.05323, 0.05336]",10,10,0,322.4,cuda_max_memory_allocated,v2-uniform-warmup,938,10,2026-09-15T16:07:43,ijunsu,remeasure_v2,0,1.9,1.0,1557.0,3.11.9,Windows-10-10.0.26200-SP0,AMD64,2.7.1+cu118,11.8,90100,0,1,3.7.1,mkl,NVIDIA GeForce RTX 4060 Ti,610.62,0.22.1+cu118
simple_cnn,CNN_f8_l6_bn0,GPU(CUDA),"{'num_filters': 8, 'num_conv_layers': 6, 'use_batchnorm': False}",39146,39146,33632,5514,0,0,8,8,6,2,0,4,7,32,8,25.333333333333332,128,9155328,9155328,0.0042757616111623745,0.1493,156584,0,0,0,1,0,0,0,1,0,8,0,0,0,0,0,0,0,64,28,28,1,10,1,16,4.2,31.1,4352,8.0,0,1,cnn,3,1,1,128,0,0,0,0,0,0,mnist,float32,784,windows,nvidia,NVIDIA GeForce RTX 4060 Ti,8,16,0,0,4.2,4.2,0.0,0.0,ddr5,0.0,0,0.0,8.0,1,4352,136,8.9,3.1,0.0,26.98,53.96,1,1,pcie4,16,1,0,2.14918,0.10062,0.04483,0.00094,11.35,"[1.98864, 2.09857, 2.13034, 2.04084, 2.05922, 2.14598, 2.1904, 2.2667, 2.28539, 2.28575]","[0.04397, 0.04375, 0.04392, 0.04525, 0.04446, 0.04498, 0.04388, 0.04667, 0.04577, 0.0456]",10,10,0,322.5,cuda_max_memory_allocated,v2-uniform-warmup,938,10,2026-09-15T16:08:06,ijunsu,remeasure_v2,0,0.8,0.0,1553.0,3.11.9,Windows-10-10.0.26200-SP0,AMD64,2.7.1+cu118,11.8,90100,0,1,3.7.1,mkl,NVIDIA GeForce RTX 4060 Ti,610.62,0.22.1+cu118
simple_cnn,CNN_f8_l6_bn1,GPU(CUDA),"{'num_filters': 8, 'num_conv_layers': 6, 'use_batchnorm': True}",39450,39450,33632,5514,304,0,14,8,6,2,6,4,7,32,8,25.333333333333332,128,9224320,9224320,0.0042767380142926525,0.1505,157800,0,0,0,1,1,0,0,1,0,8,1,0,0,0,0,0,0,64,28,28,1,10,1,16,4.2,31.1,4352,8.0,0,1,cnn,3,1,1,128,0,0,0,0,0,0,mnist,float32,784,windows,nvidia,NVIDIA GeForce RTX 4060 Ti,8,16,0,0,4.2,4.2,0.0,0.0,ddr5,0.0,0,0.0,8.0,1,4352,136,8.9,3.1,0.0,26.98,53.96,1,1,pcie4,16,1,0,2.86316,0.16554,0.0565,0.00134,96.83,"[2.78008, 2.90772, 2.97454, 3.20298, 2.78752, 2.75481, 2.64069, 2.71241, 2.79915, 3.07165]","[0.05553, 0.05746, 0.05728, 0.05913, 0.05537, 0.05497, 0.0545, 0.05645, 0.05731, 0.05694]",10,10,0,322.5,cuda_max_memory_allocated,v2-uniform-warmup,938,10,2026-09-15T16:08:37,ijunsu,remeasure_v2,0,0.8,0.0,1553.0,3.11.9,Windows-10-10.0.26200-SP0,AMD64,2.7.1+cu118,11.8,90100,0,1,3.7.1,mkl,NVIDIA GeForce RTX 4060 Ti,610.62,0.22.1+cu118
simple_cnn,CNN_f16_l1_bn0,GPU(CUDA),"{'num_filters': 16, 'num_conv_layers': 1, 'use_batchnorm': False}",3626,3626,160,3466,0,0,3,3,1,2,0,1,2,16,16,16.0,128,232448,232448,0.015599187775330396,0.0138,14504,0,0,0,1,0,0,0,1,0,16,0,0,0,0,0,0,0,64,28,28,1,10,1,16,4.2,31.1,4352,8.0,0,1,cnn,3,1,1,128,0,0,0,0,0,0,mnist,float32,784,windows,nvidia,NVIDIA GeForce RTX 4060 Ti,8,16,0,0,4.2,4.2,0.0,0.0,ddr5,0.0,0,0.0,8.0,1,4352,136,8.9,3.1,0.0,26.98,53.96,1,1,pcie4,16,1,0,0.86296,0.08336,0.0408,0.04486,16.98,"[0.95438, 0.98426, 0.89795, 0.93088, 0.94064, 0.8369, 0.77806, 0.77525, 0.76252, 0.76872]","[0.02659, 0.02608, 0.17038, 0.01561, 0.02523, 0.02524, 0.02544, 0.06036, 0.01656, 0.01651]",10,10,0,322.2,cuda_max_memory_allocated,v2-uniform-warmup,938,10,2026-09-15T16:08:47,ijunsu,remeasure_v2,0,1.0,1.0,1571.0,3.11.9,Windows-10-10.0.26200-SP0,AMD64,2.7.1+cu118,11.8,90100,0,1,3.7.1,mkl,NVIDIA GeForce RTX 4060 Ti,610.62,0.22.1+cu118
simple_cnn,CNN_f16_l1_bn1,GPU(CUDA),"{'num_filters': 16, 'num_conv_layers': 1, 'use_batchnorm': True}",3658,3658,160,3466,32,0,4,3,1,2,1,1,2,16,16,16.0,128,257536,257536,0.014203839463220676,0.014,14632,0,0,0,1,1,0,0,1,0,16,1,0,0,0,0,0,0,64,28,28,1,10,1,16,4.2,31.1,4352,8.0,0,1,cnn,3,1,1,128,0,0,0,0,0,0,mnist,float32,784,windows,nvidia,NVIDIA GeForce RTX 4060 Ti,8,16,0,0,4.2,4.2,0.0,0.0,ddr5,0.0,0,0.0,8.0,1,4352,136,8.9,3.1,0.0,26.98,53.96,1,1,pcie4,16,1,0,1.0151,0.07524,0.07766,0.08302,20.05,"[0.87829, 0.91459, 0.95321, 0.9812, 1.01764, 1.0673, 1.10734, 1.07436, 1.08154, 1.07554]","[0.22763, 0.01976, 0.02021, 0.02064, 0.0325, 0.20071, 0.0192, 0.02203, 0.03236, 0.18152]",10,10,0,322.2,cuda_max_memory_allocated,v2-uniform-warmup,938,10,2026-09-15T16:09:00,ijunsu,remeasure_v2,0,1.6,0.0,1552.0,3.11.9,Windows-10-10.0.26200-SP0,AMD64,2.7.1+cu118,11.8,90100,0,1,3.7.1,mkl,NVIDIA GeForce RTX 4060 Ti,610.62,0.22.1+cu118
simple_cnn,CNN_f16_l2_bn0,GPU(CUDA),"{'num_filters': 16, 'num_conv_layers': 2, 'use_batchnorm': False}",10314,10314,4800,5514,0,0,4,4,2,2,0,2,3,32,16,24.0,128,7461888,7461888,0.001382223909016056,0.0393,41256,0,0,0,1,0,0,0,1,0,16,0,0,0,0,0,0,0,64,28,28,1,10,1,16,4.2,31.1,4352,8.0,0,1,cnn,3,1,1,128,0,0,0,0,0,0,mnist,float32,784,windows,nvidia,NVIDIA GeForce RTX 4060 Ti,8,16,0,0,4.2,4.2,0.0,0.0,ddr5,0.0,0,0.0,8.0,1,4352,136,8.9,3.1,0.0,26.98,53.96,1,1,pcie4,16,1,0,1.12809,0.09154,0.06068,0.00069,18.32,"[1.22305, 1.24465, 1.23584, 1.22454, 1.08954, 0.99999, 1.00176, 1.06019, 1.08824, 1.11306]","[0.06056, 0.06017, 0.06037, 0.06034, 0.06251, 0.06025, 0.06016, 0.06115, 0.06028, 0.06103]",10,10,0,514.3,cuda_max_memory_allocated,v2-uniform-warmup,938,10,2026-09-15T16:09:13,ijunsu,remeasure_v2,0,3.5,1.0,1552.0,3.11.9,Windows-10-10.0.26200-SP0,AMD64,2.7.1+cu118,11.8,90100,0,1,3.7.1,mkl,NVIDIA GeForce RTX 4060 Ti,610.62,0.22.1+cu118
simple_cnn,CNN_f16_l2_bn1,GPU(CUDA),"{'num_filters': 16, 'num_conv_layers': 2, 'use_batchnorm': True}",10410,10410,4800,5514,96,0,6,4,2,2,2,2,3,32,16,24.0,128,7537152,7537152,0.0013811582942734868,0.0397,41640,0,0,0,1,1,0,0,1,0,16,1,0,0,0,0,0,0,64,28,28,1,10,1,16,4.2,31.1,4352,8.0,0,1,cnn,3,1,1,128,0,0,0,0,0,0,mnist,float32,784,windows,nvidia,NVIDIA GeForce RTX 4060 Ti,8,16,0,0,4.2,4.2,0.0,0.0,ddr5,0.0,0,0.0,8.0,1,4352,136,8.9,3.1,0.0,26.98,53.96,1,1,pcie4,16,1,0,1.39076,0.10752,0.07256,0.00072,28.98,"[1.43657, 1.44544, 1.52885, 1.37198, 1.27698, 1.27899, 1.24467, 1.28515, 1.51605, 1.52289]","[0.07201, 0.07335, 0.07215, 0.0744, 0.07214, 0.07216, 0.07226, 0.0724, 0.07213, 0.07262]",10,10,0,514.3,cuda_max_memory_allocated,v2-uniform-warmup,938,10,2026-09-15T16:09:29,ijunsu,remeasure_v2,0,0.6,1.0,1552.0,3.11.9,Windows-10-10.0.26200-SP0,AMD64,2.7.1+cu118,11.8,90100,0,1,3.7.1,mkl,NVIDIA GeForce RTX 4060 Ti,610.62,0.22.1+cu118
simple_cnn,CNN_f16_l3_bn0,GPU(CUDA),"{'num_filters': 16, 'num_conv_layers': 3, 'use_batchnorm': False}",32906,32906,23296,9610,0,0,5,5,3,2,0,2,4,64,16,37.333333333333336,128,14695424,14695424,0.0022392004477039926,0.1255,131624,0,0,0,1,0,0,0,1,0,16,0,0,0,0,0,0,0,64,28,28,1,10,1,16,4.2,31.1,4352,8.0,0,1,cnn,3,1,1,128,0,0,0,0,0,0,mnist,float32,784,windows,nvidia,NVIDIA GeForce RTX 4060 Ti,8,16,0,0,4.2,4.2,0.0,0.0,ddr5,0.0,0,0.0,8.0,1,4352,136,8.9,3.1,0.0,26.98,53.96,1,1,pcie4,16,1,0,1.3595,0.11274,0.0763,0.00064,16.79,"[1.5174, 1.37918, 1.39983, 1.35178, 1.20012, 1.22397, 1.22273, 1.3147, 1.48406, 1.50124]","[0.07734, 0.07553, 0.07574, 0.07563, 0.0766, 0.07584, 0.07708, 0.07656, 0.07693, 0.07575]",10,10,0,514.4,cuda_max_memory_allocated,v2-uniform-warmup,938,10,2026-09-15T16:09:45,ijunsu,remeasure_v2,0,3.2,0.0,1552.0,3.11.9,Windows-10-10.0.26200-SP0,AMD64,2.7.1+cu118,11.8,90100,0,1,3.7.1,mkl,NVIDIA GeForce RTX 4060 Ti,610.62,0.22.1+cu118
simple_cnn,CNN_f16_l3_bn1,GPU(CUDA),"{'num_filters': 16, 'num_conv_layers': 3, 'use_batchnorm': True}",33130,33130,23296,9610,224,0,8,5,3,2,3,2,4,64,16,37.333333333333336,128,14795776,14795776,0.0022391525797633054,0.1264,132520,0,0,0,1,1,0,0,1,0,16,1,0,0,0,0,0,0,64,28,28,1,10,1,16,4.2,31.1,4352,8.0,0,1,cnn,3,1,1,128,0,0,0,0,0,0,mnist,float32,784,windows,nvidia,NVIDIA GeForce RTX 4060 Ti,8,16,0,0,4.2,4.2,0.0,0.0,ddr5,0.0,0,0.0,8.0,1,4352,136,8.9,3.1,0.0,26.98,53.96,1,1,pcie4,16,1,0,1.74976,0.16514,0.09225,0.00067,32.34,"[1.95436, 1.94416, 1.94071, 1.94471, 1.61452, 1.58877, 1.55111, 1.58947, 1.66484, 1.70498]","[0.09169, 0.09392, 0.09179, 0.09181, 0.09186, 0.09229, 0.09191, 0.09233, 0.09298, 0.09188]",10,10,0,514.4,cuda_max_memory_allocated,v2-uniform-warmup,938,10,2026-09-15T16:10:05,ijunsu,remeasure_v2,0,0.8,1.0,1552.0,3.11.9,Windows-10-10.0.26200-SP0,AMD64,2.7.1+cu118,11.8,90100,0,1,3.7.1,mkl,NVIDIA GeForce RTX 4060 Ti,610.62,0.22.1+cu118
simple_cnn,CNN_f16_l4_bn0,GPU(CUDA),"{'num_filters': 16, 'num_conv_layers': 4, 'use_batchnorm': False}",69834,69834,60224,9610,0,0,6,6,4,2,0,3,5,64,16,44.0,128,29146112,29146112,0.0023959971058918595,0.2664,279336,0,0,0,1,0,0,0,1,0,16,0,0,0,0,0,0,0,64,28,28,1,10,1,16,4.2,31.1,4352,8.0,0,1,cnn,3,1,1,128,0,0,0,0,0,0,mnist,float32,784,windows,nvidia,NVIDIA GeForce RTX 4060 Ti,8,16,0,0,4.2,4.2,0.0,0.0,ddr5,0.0,0,0.0,8.0,1,4352,136,8.9,3.1,0.0,26.98,53.96,1,1,pcie4,16,1,0,1.70802,0.148,0.10129,0.00075,15.23,"[1.8713, 1.85998, 1.85618, 1.61559, 1.58508, 1.55159, 1.47002, 1.60321, 1.8302, 1.83704]","[0.10074, 0.10308, 0.10188, 0.10069, 0.10137, 0.10187, 0.10088, 0.10068, 0.10108, 0.10063]",10,10,0,514.7,cuda_max_memory_allocated,v2-uniform-warmup,938,10,2026-09-15T16:10:25,ijunsu,remeasure_v2,0,2.7,0.0,1552.0,3.11.9,Windows-10-10.0.26200-SP0,AMD64,2.7.1+cu118,11.8,90100,0,1,3.7.1,mkl,NVIDIA GeForce RTX 4060 Ti,610.62,0.22.1+cu118
simple_cnn,CNN_f16_l4_bn1,GPU(CUDA),"{'num_filters': 16, 'num_conv_layers': 4, 'use_batchnorm': True}",70186,70186,60224,9610,352,0,10,6,4,2,4,3,5,64,16,44.0,128,29271552,29271552,0.002397754652708541,0.2677,280744,0,0,0,1,1,0,0,1,0,16,1,0,0,0,0,0,0,64,28,28,1,10,1,16,4.2,31.1,4352,8.0,0,1,cnn,3,1,1,128,0,0,0,0,0,0,mnist,float32,784,windows,nvidia,NVIDIA GeForce RTX 4060 Ti,8,16,0,0,4.2,4.2,0.0,0.0,ddr5,0.0,0,0.0,8.0,1,4352,136,8.9,3.1,0.0,26.98,53.96,1,1,pcie4,16,1,0,2.15469,0.13903,0.12142,0.00062,65.28,"[2.34794, 2.21719, 2.16402, 2.153, 2.16815, 2.39941, 2.1499, 1.98781, 2.01717, 1.94231]","[0.12214, 0.12057, 0.12177, 0.12066, 0.12156, 0.12153, 0.12066, 0.12251, 0.12119, 0.1216]",10,10,0,514.7,cuda_max_memory_allocated,v2-uniform-warmup,938,10,2026-09-15T16:10:49,ijunsu,remeasure_v2,0,0.5,1.0,1551.0,3.11.9,Windows-10-10.0.26200-SP0,AMD64,2.7.1+cu118,11.8,90100,0,1,3.7.1,mkl,NVIDIA GeForce RTX 4060 Ti,610.62,0.22.1+cu118
simple_cnn,CNN_f16_l5_bn0,GPU(CUDA),"{'num_filters': 16, 'num_conv_layers': 5, 'use_batchnorm': False}",106762,106762,97152,9610,0,0,7,7,5,2,0,3,6,64,16,48.0,128,32758784,32758784,0.0032590342791722674,0.4073,427048,0,0,0,1,0,0,0,1,0,16,0,0,0,0,0,0,0,64,28,28,1,10,1,16,4.2,31.1,4352,8.0,0,1,cnn,3,1,1,128,0,0,0,0,0,0,mnist,float32,784,windows,nvidia,NVIDIA GeForce RTX 4060 Ti,8,16,0,0,4.2,4.2,0.0,0.0,ddr5,0.0,0,0.0,8.0,1,4352,136,8.9,3.1,0.0,26.98,53.96,1,1,pcie4,16,1,0,1.8899,0.15739,0.10435,0.00022,11.35,"[1.77877, 1.83057, 1.85214, 2.12401, 1.94481, 2.11395, 2.08048, 1.77798, 1.69668, 1.69956]","[0.10427, 0.10421, 0.10453, 0.10457, 0.10433, 0.10416, 0.10418, 0.10435, 0.10406, 0.10485]",10,10,0,515.0,cuda_max_memory_allocated,v2-uniform-warmup,938,10,2026-09-15T16:11:10,ijunsu,remeasure_v2,0,0.5,0.0,1551.0,3.11.9,Windows-10-10.0.26200-SP0,AMD64,2.7.1+cu118,11.8,90100,0,1,3.7.1,mkl,NVIDIA GeForce RTX 4060 Ti,610.62,0.22.1+cu118
simple_cnn,CNN_f16_l5_bn1,GPU(CUDA),"{'num_filters': 16, 'num_conv_layers': 5, 'use_batchnorm': True}",107242,107242,97152,9610,480,0,12,7,5,2,5,3,6,64,16,48.0,128,32890496,32890496,0.003260577158824239,0.4091,428968,0,0,0,1,1,0,0,1,0,16,1,0,0,0,0,0,0,64,28,28,1,10,1,16,4.2,31.1,4352,8.0,0,1,cnn,3,1,1,128,0,0,0,0,0,0,mnist,float32,784,windows,nvidia,NVIDIA GeForce RTX 4060 Ti,8,16,0,0,4.2,4.2,0.0,0.0,ddr5,0.0,0,0.0,8.0,1,4352,136,8.9,3.1,0.0,26.98,53.96,1,1,pcie4,16,1,0,2.636,0.24737,0.12533,0.00059,83.2,"[2.4066, 2.86914, 2.89454, 2.87144, 2.5013, 2.31402, 2.29097, 2.46527, 2.87284, 2.87388]","[0.12545, 0.12572, 0.12645, 0.12588, 0.12463, 0.1258, 0.12465, 0.12468, 0.12487, 0.1252]",10,10,0,515.0,cuda_max_memory_allocated,v2-uniform-warmup,938,10,2026-09-15T16:11:39,ijunsu,remeasure_v2,0,0.7,0.0,1553.0,3.11.9,Windows-10-10.0.26200-SP0,AMD64,2.7.1+cu118,11.8,90100,0,1,3.7.1,mkl,NVIDIA GeForce RTX 4060 Ti,610.62,0.22.1+cu118
simple_cnn,CNN_f16_l6_bn0,GPU(CUDA),"{'num_filters': 16, 'num_conv_layers': 6, 'use_batchnorm': False}",143690,143690,134080,9610,0,0,8,8,6,2,0,4,7,64,16,50.666666666666664,128,36371456,36371456,0.003950625457501619,0.5481,574760,0,0,0,1,0,0,0,1,0,16,0,0,0,0,0,0,0,64,28,28,1,10,1,16,4.2,31.1,4352,8.0,0,1,cnn,3,1,1,128,0,0,0,0,0,0,mnist,float32,784,windows,nvidia,NVIDIA GeForce RTX 4060 Ti,8,16,0,0,4.2,4.2,0.0,0.0,ddr5,0.0,0,0.0,8.0,1,4352,136,8.9,3.1,0.0,26.98,53.96,1,1,pcie4,16,1,0,2.28979,0.20353,0.10816,0.00086,11.35,"[2.26061, 2.05318, 2.00838, 2.001, 2.28372, 2.28869, 2.41111, 2.59554, 2.5016, 2.49406]","[0.10676, 0.1079, 0.10984, 0.10827, 0.10779, 0.10768, 0.10818, 0.10788, 0.10775, 0.10957]",10,10,0,515.3,cuda_max_memory_allocated,v2-uniform-warmup,938,10,2026-09-15T16:12:05,ijunsu,remeasure_v2,0,0.6,1.0,1553.0,3.11.9,Windows-10-10.0.26200-SP0,AMD64,2.7.1+cu118,11.8,90100,0,1,3.7.1,mkl,NVIDIA GeForce RTX 4060 Ti,610.62,0.22.1+cu118
simple_cnn,CNN_f16_l6_bn1,GPU(CUDA),"{'num_filters': 16, 'num_conv_layers': 6, 'use_batchnorm': True}",144298,144298,134080,9610,608,0,14,8,6,2,6,4,7,64,16,50.666666666666664,128,36509440,36509440,0.003952347666795218,0.5505,577192,0,0,0,1,1,0,0,1,0,16,1,0,0,0,0,0,0,64,28,28,1,10,1,16,4.2,31.1,4352,8.0,0,1,cnn,3,1,1,128,0,0,0,0,0,0,mnist,float32,784,windows,nvidia,NVIDIA GeForce RTX 4060 Ti,8,16,0,0,4.2,4.2,0.0,0.0,ddr5,0.0,0,0.0,8.0,1,4352,136,8.9,3.1,0.0,26.98,53.96,1,1,pcie4,16,1,0,2.95946,0.12574,0.1296,0.00062,97.59,"[2.93134, 2.94671, 3.08789, 3.2417, 2.88523, 2.82801, 3.02175, 2.9225, 2.95138, 2.77805]","[0.1297, 0.1296, 0.12837, 0.12965, 0.12946, 0.12911, 0.13022, 0.12933, 0.12973, 0.13086]",10,10,0,515.3,cuda_max_memory_allocated,v2-uniform-warmup,938,10,2026-09-15T16:12:37,ijunsu,remeasure_v2,0,1.8,0.0,1553.0,3.11.9,Windows-10-10.0.26200-SP0,AMD64,2.7.1+cu118,11.8,90100,0,1,3.7.1,mkl,NVIDIA GeForce RTX 4060 Ti,610.62,0.22.1+cu118
simple_cnn,CNN_f32_l1_bn0,GPU(CUDA),"{'num_filters': 32, 'num_conv_layers': 1, 'use_batchnorm': False}",5834,5834,320,5514,0,0,3,3,1,2,0,1,2,32,32,32.0,128,462336,462336,0.012618528516057586,0.0223,23336,0,0,0,1,0,0,0,1,0,32,0,0,0,0,0,0,0,64,28,28,1,10,1,16,4.2,31.1,4352,8.0,0,1,cnn,3,1,1,128,0,0,0,0,0,0,mnist,float32,784,windows,nvidia,NVIDIA GeForce RTX 4060 Ti,8,16,0,0,4.2,4.2,0.0,0.0,ddr5,0.0,0,0.0,8.0,1,4352,136,8.9,3.1,0.0,26.98,53.96,1,1,pcie4,16,1,0,0.93958,0.04326,0.03789,0.00906,18.32,"[0.95713, 0.86874, 0.92993, 0.87363, 0.9234, 0.93059, 0.96838, 0.94024, 1.00355, 1.00023]","[0.0485, 0.03149, 0.03021, 0.03025, 0.04861, 0.02997, 0.03084, 0.05078, 0.03036, 0.04792]",10,10,0,418.2,cuda_max_memory_allocated,v2-uniform-warmup,938,10,2026-09-15T16:12:49,ijunsu,remeasure_v2,0,1.8,0.0,1553.0,3.11.9,Windows-10-10.0.26200-SP0,AMD64,2.7.1+cu118,11.8,90100,0,1,3.7.1,mkl,NVIDIA GeForce RTX 4060 Ti,610.62,0.22.1+cu118
simple_cnn,CNN_f32_l1_bn1,GPU(CUDA),"{'num_filters': 32, 'num_conv_layers': 1, 'use_batchnorm': True}",5898,5898,320,5514,64,0,4,3,1,2,1,1,2,32,32,32.0,128,512512,512512,0.011508023226773226,0.0225,23592,0,0,0,1,1,0,0,1,0,32,1,0,0,0,0,0,0,64,28,28,1,10,1,16,4.2,31.1,4352,8.0,0,1,cnn,3,1,1,128,0,0,0,0,0,0,mnist,float32,784,windows,nvidia,NVIDIA GeForce RTX 4060 Ti,8,16,0,0,4.2,4.2,0.0,0.0,ddr5,0.0,0,0.0,8.0,1,4352,136,8.9,3.1,0.0,26.98,53.96,1,1,pcie4,16,1,0,0.96416,0.05759,0.04053,0.0076,20.19,"[1.07684, 1.03787, 1.00565, 0.99861, 0.94267, 0.9178, 0.92101, 0.91609, 0.9146, 0.91046]","[0.06329, 0.03845, 0.03839, 0.03835, 0.03781, 0.03852, 0.03806, 0.03749, 0.03751, 0.03746]",10,10,0,418.2,cuda_max_memory_allocated,v2-uniform-warmup,938,10,2026-09-15T16:13:00,ijunsu,remeasure_v2,0,2.0,1.0,1551.0,3.11.9,Windows-10-10.0.26200-SP0,AMD64,2.7.1+cu118,11.8,90100,0,1,3.7.1,mkl,NVIDIA GeForce RTX 4060 Ti,610.62,0.22.1+cu118
simple_cnn,CNN_f32_l2_bn0,GPU(CUDA),"{'num_filters': 32, 'num_conv_layers': 2, 'use_batchnorm': False}",28426,28426,18816,9610,0,0,4,4,2,2,0,2,3,64,32,48.0,128,29371904,29371904,0.0009677956185611937,0.1084,113704,0,0,0,1,0,0,0,1,0,32,0,0,0,0,0,0,0,64,28,28,1,10,1,16,4.2,31.1,4352,8.0,0,1,cnn,3,1,1,128,0,0,0,0,0,0,mnist,float32,784,windows,nvidia,NVIDIA GeForce RTX 4060 Ti,8,16,0,0,4.2,4.2,0.0,0.0,ddr5,0.0,0,0.0,8.0,1,4352,136,8.9,3.1,0.0,26.98,53.96,1,1,pcie4,16,1,0,1.17837,0.05416,0.10334,0.00041,20.25,"[1.1503, 1.15276, 1.21674, 1.20222, 1.2313, 1.22638, 1.20594, 1.22624, 1.10307, 1.06874]","[0.10349, 0.10346, 0.10285, 0.10309, 0.10334, 0.10277, 0.10429, 0.10326, 0.1036, 0.10329]",10,10,0,610.4,cuda_max_memory_allocated,v2-uniform-warmup,938,10,2026-09-15T16:13:15,ijunsu,remeasure_v2,0,1.6,0.0,1551.0,3.11.9,Windows-10-10.0.26200-SP0,AMD64,2.7.1+cu118,11.8,90100,0,1,3.7.1,mkl,NVIDIA GeForce RTX 4060 Ti,610.62,0.22.1+cu118
simple_cnn,CNN_f32_l2_bn1,GPU(CUDA),"{'num_filters': 32, 'num_conv_layers': 2, 'use_batchnorm': True}",28618,28618,18816,9610,192,0,6,4,2,2,2,2,3,64,32,48.0,128,29522432,29522432,0.0009693645835139869,0.1092,114472,0,0,0,1,1,0,0,1,0,32,1,0,0,0,0,0,0,64,28,28,1,10,1,16,4.2,31.1,4352,8.0,0,1,cnn,3,1,1,128,0,0,0,0,0,0,mnist,float32,784,windows,nvidia,NVIDIA GeForce RTX 4060 Ti,8,16,0,0,4.2,4.2,0.0,0.0,ddr5,0.0,0,0.0,8.0,1,4352,136,8.9,3.1,0.0,26.98,53.96,1,1,pcie4,16,1,0,1.41359,0.08019,0.12817,0.00072,32.03,"[1.33885, 1.31941, 1.3201, 1.37433, 1.48786, 1.50614, 1.49228, 1.49523, 1.47927, 1.3224]","[0.12809, 0.1284, 0.12945, 0.12815, 0.12814, 0.12703, 0.12728, 0.12769, 0.12825, 0.12927]",10,10,0,610.4,cuda_max_memory_allocated,v2-uniform-warmup,938,10,2026-09-15T16:13:31,ijunsu,remeasure_v2,0,1.1,0.0,1555.0,3.11.9,Windows-10-10.0.26200-SP0,AMD64,2.7.1+cu118,11.8,90100,0,1,3.7.1,mkl,NVIDIA GeForce RTX 4060 Ti,610.62,0.22.1+cu118
simple_cnn,CNN_f32_l3_bn0,GPU(CUDA),"{'num_filters': 32, 'num_conv_layers': 3, 'use_batchnorm': False}",110474,110474,92672,17802,0,0,5,5,3,2,0,2,4,128,32,74.66666666666667,128,58289664,58289664,0.0018952588232452325,0.4214,441896,0,0,0,1,0,0,0,1,0,32,0,0,0,0,0,0,0,64,28,28,1,10,1,16,4.2,31.1,4352,8.0,0,1,cnn,3,1,1,128,0,0,0,0,0,0,mnist,float32,784,windows,nvidia,NVIDIA GeForce RTX 4060 Ti,8,16,0,0,4.2,4.2,0.0,0.0,ddr5,0.0,0,0.0,8.0,1,4352,136,8.9,3.1,0.0,26.98,53.96,1,1,pcie4,16,1,0,1.52819,0.003,0.1388,0.00084,18.57,"[1.52561, 1.53382, 1.52593, 1.53055, 1.52529, 1.53194, 1.52553, 1.53012, 1.5255, 1.52758]","[0.13914, 0.13809, 0.13895, 0.13791, 0.13932, 0.13867, 0.14038, 0.13783, 0.13981, 0.1379]",10,10,0,611.0,cuda_max_memory_allocated,v2-uniform-warmup,938,10,2026-09-15T16:13:50,ijunsu,remeasure_v2,0,0.8,0.0,1551.0,3.11.9,Windows-10-10.0.26200-SP0,AMD64,2.7.1+cu118,11.8,90100,0,1,3.7.1,mkl,NVIDIA GeForce RTX 4060 Ti,610.62,0.22.1+cu118
simple_cnn,CNN_f32_l3_bn1,GPU(CUDA),"{'num_filters': 32, 'num_conv_layers': 3, 'use_batchnorm': True}",110922,110922,92672,17802,448,0,8,5,3,2,3,2,4,128,32,74.66666666666667,128,58490368,58490368,0.001896414807990266,0.4231,443688,0,0,0,1,1,0,0,1,0,32,1,0,0,0,0,0,0,64,28,28,1,10,1,16,4.2,31.1,4352,8.0,0,1,cnn,3,1,1,128,0,0,0,0,0,0,mnist,float32,784,windows,nvidia,NVIDIA GeForce RTX 4060 Ti,8,16,0,0,4.2,4.2,0.0,0.0,ddr5,0.0,0,0.0,8.0,1,4352,136,8.9,3.1,0.0,26.98,53.96,1,1,pcie4,16,1,0,1.84504,0.00503,0.17069,0.00117,41.34,"[1.84594, 1.84527, 1.83685, 1.84616, 1.85682, 1.84301, 1.84383, 1.8438, 1.84864, 1.84009]","[0.17043, 0.17066, 0.16966, 0.16966, 0.17265, 0.17013, 0.1709, 0.16994, 0.16978, 0.17312]",10,10,0,611.0,cuda_max_memory_allocated,v2-uniform-warmup,938,10,2026-09-15T16:14:11,ijunsu,remeasure_v2,0,0.9,0.0,1553.0,3.11.9,Windows-10-10.0.26200-SP0,AMD64,2.7.1+cu118,11.8,90100,0,1,3.7.1,mkl,NVIDIA GeForce RTX 4060 Ti,610.62,0.22.1+cu118
simple_cnn,CNN_f32_l4_bn0,GPU(CUDA),"{'num_filters': 32, 'num_conv_layers': 4, 'use_batchnorm': False}",258058,258058,240256,17802,0,0,6,6,4,2,0,3,5,128,32,88.0,128,116092416,116092416,0.00222286699589403,0.9844,1032232,0,0,0,1,0,0,0,1,0,32,0,0,0,0,0,0,0,64,28,28,1,10,1,16,4.2,31.1,4352,8.0,0,1,cnn,3,1,1,128,0,0,0,0,0,0,mnist,float32,784,windows,nvidia,NVIDIA GeForce RTX 4060 Ti,8,16,0,0,4.2,4.2,0.0,0.0,ddr5,0.0,0,0.0,8.0,1,4352,136,8.9,3.1,0.0,26.98,53.96,1,1,pcie4,16,1,0,2.36289,0.00321,0.1923,0.00117,18.61,"[2.36782, 2.35914, 2.35996, 2.36648, 2.36302, 2.36448, 2.3571, 2.36248, 2.36283, 2.36558]","[0.19182, 0.1952, 0.19136, 0.19168, 0.19256, 0.19228, 0.19295, 0.19295, 0.19106, 0.19112]",10,10,0,612.2,cuda_max_memory_allocated,v2-uniform-warmup,938,10,2026-09-15T16:14:38,ijunsu,remeasure_v2,0,0.9,0.0,1559.0,3.11.9,Windows-10-10.0.26200-SP0,AMD64,2.7.1+cu118,11.8,90100,0,1,3.7.1,mkl,NVIDIA GeForce RTX 4060 Ti,610.62,0.22.1+cu118
simple_cnn,CNN_f32_l4_bn1,GPU(CUDA),"{'num_filters': 32, 'num_conv_layers': 4, 'use_batchnorm': True}",258762,258762,240256,17802,704,0,10,6,4,2,4,3,5,128,32,88.0,128,116343296,116343296,0.0022241247145000946,0.9871,1035048,0,0,0,1,1,0,0,1,0,32,1,0,0,0,0,0,0,64,28,28,1,10,1,16,4.2,31.1,4352,8.0,0,1,cnn,3,1,1,128,0,0,0,0,0,0,mnist,float32,784,windows,nvidia,NVIDIA GeForce RTX 4060 Ti,8,16,0,0,4.2,4.2,0.0,0.0,ddr5,0.0,0,0.0,8.0,1,4352,136,8.9,3.1,0.0,26.98,53.96,1,1,pcie4,16,1,0,2.76481,0.00195,0.23225,0.00146,83.14,"[2.76584, 2.7627, 2.76522, 2.76566, 2.76702, 2.76546, 2.76027, 2.76357, 2.76594, 2.76647]","[0.23279, 0.23215, 0.23135, 0.2328, 0.23251, 0.23143, 0.23615, 0.23081, 0.23105, 0.2315]",10,10,0,612.2,cuda_max_memory_allocated,v2-uniform-warmup,938,10,2026-09-15T16:15:10,ijunsu,remeasure_v2,0,0.7,0.0,1553.0,3.11.9,Windows-10-10.0.26200-SP0,AMD64,2.7.1+cu118,11.8,90100,0,1,3.7.1,mkl,NVIDIA GeForce RTX 4060 Ti,610.62,0.22.1+cu118
simple_cnn,CNN_f32_l5_bn0,GPU(CUDA),"{'num_filters': 32, 'num_conv_layers': 5, 'use_batchnorm': False}",405642,405642,387840,17802,0,0,7,7,5,2,0,3,6,128,32,96.0,128,130543104,130543104,0.003107341464777795,1.5474,1622568,0,0,0,1,0,0,0,1,0,32,0,0,0,0,0,0,0,64,28,28,1,10,1,16,4.2,31.1,4352,8.0,0,1,cnn,3,1,1,128,0,0,0,0,0,0,mnist,float32,784,windows,nvidia,NVIDIA GeForce RTX 4060 Ti,8,16,0,0,4.2,4.2,0.0,0.0,ddr5,0.0,0,0.0,8.0,1,4352,136,8.9,3.1,0.0,26.98,53.96,1,1,pcie4,16,1,0,2.59711,0.00383,0.2034,0.00175,11.35,"[2.59505, 2.59267, 2.59792, 2.60267, 2.60156, 2.597, 2.60075, 2.59029, 2.59425, 2.59892]","[0.20698, 0.20282, 0.202, 0.20264, 0.20198, 0.20379, 0.20311, 0.20645, 0.20181, 0.20241]",10,10,0,613.3,cuda_max_memory_allocated,v2-uniform-warmup,938,10,2026-09-15T16:15:39,ijunsu,remeasure_v2,0,2.5,0.0,1553.0,3.11.9,Windows-10-10.0.26200-SP0,AMD64,2.7.1+cu118,11.8,90100,0,1,3.7.1,mkl,NVIDIA GeForce RTX 4060 Ti,610.62,0.22.1+cu118
simple_cnn,CNN_f32_l5_bn1,GPU(CUDA),"{'num_filters': 32, 'num_conv_layers': 5, 'use_batchnorm': True}",406602,406602,387840,17802,960,0,12,7,5,2,5,3,6,128,32,96.0,128,130806528,130806528,0.0031084228456855,1.5511,1626408,0,0,0,1,1,0,0,1,0,32,1,0,0,0,0,0,0,64,28,28,1,10,1,16,4.2,31.1,4352,8.0,0,1,cnn,3,1,1,128,0,0,0,0,0,0,mnist,float32,784,windows,nvidia,NVIDIA GeForce RTX 4060 Ti,8,16,0,0,4.2,4.2,0.0,0.0,ddr5,0.0,0,0.0,8.0,1,4352,136,8.9,3.1,0.0,26.98,53.96,1,1,pcie4,16,1,0,3.0403,0.00292,0.24692,0.00119,94.52,"[3.0418, 3.04428, 3.03827, 3.04423, 3.04299, 3.03986, 3.04049, 3.03567, 3.03607, 3.03932]","[0.24465, 0.24698, 0.246, 0.24689, 0.24549, 0.24785, 0.24705, 0.24877, 0.24727, 0.24825]",10,10,0,613.3,cuda_max_memory_allocated,v2-uniform-warmup,938,10,2026-09-15T16:16:14,ijunsu,remeasure_v2,0,4.1,1.0,1555.0,3.11.9,Windows-10-10.0.26200-SP0,AMD64,2.7.1+cu118,11.8,90100,0,1,3.7.1,mkl,NVIDIA GeForce RTX 4060 Ti,610.62,0.22.1+cu118
simple_cnn,CNN_f32_l6_bn0,GPU(CUDA),"{'num_filters': 32, 'num_conv_layers': 6, 'use_batchnorm': False}",553226,553226,535424,17802,0,0,8,8,6,2,0,4,7,128,32,101.33333333333333,128,144993792,144993792,0.003815515080811184,2.1104,2212904,0,0,0,1,0,0,0,1,0,32,0,0,0,0,0,0,0,64,28,28,1,10,1,16,4.2,31.1,4352,8.0,0,1,cnn,3,1,1,128,0,0,0,0,0,0,mnist,float32,784,windows,nvidia,NVIDIA GeForce RTX 4060 Ti,8,16,0,0,4.2,4.2,0.0,0.0,ddr5,0.0,0,0.0,8.0,1,4352,136,8.9,3.1,0.0,26.98,53.96,1,1,pcie4,16,1,0,2.86488,0.00263,0.21468,0.00041,11.35,"[2.86763, 2.86532, 2.86419, 2.86734, 2.85939, 2.86662, 2.868, 2.86346, 2.86176, 2.86504]","[0.21455, 0.21459, 0.21434, 0.21454, 0.21426, 0.21505, 0.21506, 0.2148, 0.21555, 0.21411]",10,10,0,614.4,cuda_max_memory_allocated,v2-uniform-warmup,938,10,2026-09-15T16:16:46,ijunsu,remeasure_v2,0,5.6,0.0,1561.0,3.11.9,Windows-10-10.0.26200-SP0,AMD64,2.7.1+cu118,11.8,90100,0,1,3.7.1,mkl,NVIDIA GeForce RTX 4060 Ti,610.62,0.22.1+cu118
simple_cnn,CNN_f32_l6_bn1,GPU(CUDA),"{'num_filters': 32, 'num_conv_layers': 6, 'use_batchnorm': True}",554442,554442,535424,17802,1216,0,14,8,6,2,6,4,7,128,32,101.33333333333333,128,145269760,145269760,0.0038166374061607868,2.115,2217768,0,0,0,1,1,0,0,1,0,32,1,0,0,0,0,0,0,64,28,28,1,10,1,16,4.2,31.1,4352,8.0,0,1,cnn,3,1,1,128,0,0,0,0,0,0,mnist,float32,784,windows,nvidia,NVIDIA GeForce RTX 4060 Ti,8,16,0,0,4.2,4.2,0.0,0.0,ddr5,0.0,0,0.0,8.0,1,4352,136,8.9,3.1,0.0,26.98,53.96,1,1,pcie4,16,1,0,3.32128,0.00329,0.25887,0.00123,98.19,"[3.32174, 3.32168, 3.32043, 3.32124, 3.32733, 3.32663, 3.31918, 3.32049, 3.31667, 3.31737]","[0.26196, 0.25935, 0.25909, 0.25725, 0.25822, 0.25768, 0.25909, 0.25931, 0.25811, 0.25864]",10,10,0,614.4,cuda_max_memory_allocated,v2-uniform-warmup,938,10,2026-09-15T16:17:24,ijunsu,remeasure_v2,0,0.8,1.0,1555.0,3.11.9,Windows-10-10.0.26200-SP0,AMD64,2.7.1+cu118,11.8,90100,0,1,3.7.1,mkl,NVIDIA GeForce RTX 4060 Ti,610.62,0.22.1+cu118
simple_cnn,CNN_f64_l1_bn0,GPU(CUDA),"{'num_filters': 64, 'num_conv_layers': 1, 'use_batchnorm': False}",10250,10250,640,9610,0,0,3,3,1,2,0,1,2,64,64,64.0,128,922112,922112,0.011115786368684065,0.0391,41000,0,0,0,1,0,0,0,1,0,64,0,0,0,0,0,0,0,64,28,28,1,10,1,16,4.2,31.1,4352,8.0,0,1,cnn,3,1,1,128,0,0,0,0,0,0,mnist,float32,784,windows,nvidia,NVIDIA GeForce RTX 4060 Ti,8,16,0,0,4.2,4.2,0.0,0.0,ddr5,0.0,0,0.0,8.0,1,4352,136,8.9,3.1,0.0,26.98,53.96,1,1,pcie4,16,1,0,0.92811,0.01866,0.05679,0.00065,19.35,"[0.95029, 0.90454, 0.91229, 0.90065, 0.91215, 0.92614, 0.95377, 0.93415, 0.94334, 0.94376]","[0.05742, 0.05666, 0.05744, 0.0563, 0.05624, 0.05803, 0.05598, 0.05722, 0.05638, 0.05622]",10,10,0,610.3,cuda_max_memory_allocated,v2-uniform-warmup,938,10,2026-09-15T16:17:35,ijunsu,remeasure_v2,0,1.0,0.0,1555.0,3.11.9,Windows-10-10.0.26200-SP0,AMD64,2.7.1+cu118,11.8,90100,0,1,3.7.1,mkl,NVIDIA GeForce RTX 4060 Ti,610.62,0.22.1+cu118
simple_cnn,CNN_f64_l1_bn1,GPU(CUDA),"{'num_filters': 64, 'num_conv_layers': 1, 'use_batchnorm': True}",10378,10378,640,9610,128,0,4,3,1,2,1,1,2,64,64,64.0,128,1022464,1022464,0.010149990610916374,0.0396,41512,0,0,0,1,1,0,0,1,0,64,1,0,0,0,0,0,0,64,28,28,1,10,1,16,4.2,31.1,4352,8.0,0,1,cnn,3,1,1,128,0,0,0,0,0,0,mnist,float32,784,windows,nvidia,NVIDIA GeForce RTX 4060 Ti,8,16,0,0,4.2,4.2,0.0,0.0,ddr5,0.0,0,0.0,8.0,1,4352,136,8.9,3.1,0.0,26.98,53.96,1,1,pcie4,16,1,0,0.96614,0.06903,0.07279,0.00045,20.7,"[1.04656, 1.06942, 1.08685, 0.90732, 0.91499, 0.90425, 0.90762, 0.91956, 0.94638, 0.95848]","[0.07333, 0.07294, 0.07308, 0.07371, 0.07259, 0.07252, 0.07247, 0.07228, 0.07271, 0.07229]",10,10,0,610.3,cuda_max_memory_allocated,v2-uniform-warmup,938,10,2026-09-15T16:17:47,ijunsu,remeasure_v2,0,1.2,1.0,1551.0,3.11.9,Windows-10-10.0.26200-SP0,AMD64,2.7.1+cu118,11.8,90100,0,1,3.7.1,mkl,NVIDIA GeForce RTX 4060 Ti,610.62,0.22.1+cu118
simple_cnn,CNN_f64_l2_bn0,GPU(CUDA),"{'num_filters': 64, 'num_conv_layers': 2, 'use_batchnorm': False}",92298,92298,74496,17802,0,0,4,4,2,2,0,2,3,128,64,96.0,128,116544000,116544000,0.0007919584019769357,0.3521,369192,0,0,0,1,0,0,0,1,0,64,0,0,0,0,0,0,0,64,28,28,1,10,1,16,4.2,31.1,4352,8.0,0,1,cnn,3,1,1,128,0,0,0,0,0,0,mnist,float32,784,windows,nvidia,NVIDIA GeForce RTX 4060 Ti,8,16,0,0,4.2,4.2,0.0,0.0,ddr5,0.0,0,0.0,8.0,1,4352,136,8.9,3.1,0.0,26.98,53.96,1,1,pcie4,16,1,0,3.07222,0.00169,0.21883,0.00067,20.41,"[3.07205, 3.07228, 3.07104, 3.07222, 3.07076, 3.07082, 3.06993, 3.07428, 3.07581, 3.07302]","[0.21861, 0.21804, 0.21841, 0.21981, 0.21848, 0.21864, 0.21852, 0.21838, 0.21916, 0.22028]",10,10,0,993.7,cuda_max_memory_allocated,v2-uniform-warmup,938,10,2026-09-15T16:18:21,ijunsu,remeasure_v2,0,0.5,0.0,1551.0,3.11.9,Windows-10-10.0.26200-SP0,AMD64,2.7.1+cu118,11.8,90100,0,1,3.7.1,mkl,NVIDIA GeForce RTX 4060 Ti,610.62,0.22.1+cu118
simple_cnn,CNN_f64_l2_bn1,GPU(CUDA),"{'num_filters': 64, 'num_conv_layers': 2, 'use_batchnorm': True}",92682,92682,74496,17802,384,0,6,4,2,2,2,2,3,128,64,96.0,128,116845056,116845056,0.0007932042927002406,0.3536,370728,0,0,0,1,1,0,0,1,0,64,1,0,0,0,0,0,0,64,28,28,1,10,1,16,4.2,31.1,4352,8.0,0,1,cnn,3,1,1,128,0,0,0,0,0,0,mnist,float32,784,windows,nvidia,NVIDIA GeForce RTX 4060 Ti,8,16,0,0,4.2,4.2,0.0,0.0,ddr5,0.0,0,0.0,8.0,1,4352,136,8.9,3.1,0.0,26.98,53.96,1,1,pcie4,16,1,0,3.82273,0.01805,0.26945,0.00233,37.08,"[3.81002, 3.81291, 3.86615, 3.84859, 3.82248, 3.81514, 3.81517, 3.81191, 3.81074, 3.81424]","[0.26669, 0.26841, 0.27437, 0.2701, 0.26793, 0.27011, 0.26873, 0.26857, 0.26688, 0.27267]",10,10,0,993.7,cuda_max_memory_allocated,v2-uniform-warmup,938,10,2026-09-15T16:19:04,ijunsu,remeasure_v2,0,2.4,0.0,1553.0,3.11.9,Windows-10-10.0.26200-SP0,AMD64,2.7.1+cu118,11.8,90100,0,1,3.7.1,mkl,NVIDIA GeForce RTX 4060 Ti,610.62,0.22.1+cu118
simple_cnn,CNN_f64_l3_bn0,GPU(CUDA),"{'num_filters': 64, 'num_conv_layers': 3, 'use_batchnorm': False}",403850,403850,369664,34186,0,0,5,5,3,2,0,2,4,256,64,149.33333333333334,256,232182272,232182272,0.0017393662165559307,1.5406,1615400,0,0,0,1,0,0,0,1,0,64,0,0,0,0,0,0,0,64,28,28,1,10,1,16,4.2,31.1,4352,8.0,0,1,cnn,3,1,1,256,0,0,0,0,0,0,mnist,float32,784,windows,nvidia,NVIDIA GeForce RTX 4060 Ti,8,16,0,0,4.2,4.2,0.0,0.0,ddr5,0.0,0,0.0,8.0,1,4352,136,8.9,3.1,0.0,26.98,53.96,1,1,pcie4,16,1,0,4.55447,0.00506,0.31255,0.00056,19.13,"[4.54592, 4.55944, 4.55433, 4.55921, 4.55406, 4.55406, 4.56214, 4.54834, 4.55793, 4.54928]","[0.31301, 0.31263, 0.31157, 0.31239, 0.31233, 0.31339, 0.31272, 0.31166, 0.31315, 0.31269]",10,10,0,997.5,cuda_max_memory_allocated,v2-uniform-warmup,938,10,2026-09-15T16:19:54,ijunsu,remeasure_v2,0,1.7,0.0,1555.0,3.11.9,Windows-10-10.0.26200-SP0,AMD64,2.7.1+cu118,11.8,90100,0,1,3.7.1,mkl,NVIDIA GeForce RTX 4060 Ti,610.62,0.22.1+cu118
simple_cnn,CNN_f64_l3_bn1,GPU(CUDA),"{'num_filters': 64, 'num_conv_layers': 3, 'use_batchnorm': True}",404746,404746,369664,34186,896,0,8,5,3,2,3,2,4,256,64,149.33333333333334,256,232583680,232583680,0.0017402166824430673,1.544,1618984,0,0,0,1,1,0,0,1,0,64,1,0,0,0,0,0,0,64,28,28,1,10,1,16,4.2,31.1,4352,8.0,0,1,cnn,3,1,1,256,0,0,0,0,0,0,mnist,float32,784,windows,nvidia,NVIDIA GeForce RTX 4060 Ti,8,16,0,0,4.2,4.2,0.0,0.0,ddr5,0.0,0,0.0,8.0,1,4352,136,8.9,3.1,0.0,26.98,53.96,1,1,pcie4,16,1,0,5.45375,0.00353,0.37757,0.00209,51.03,"[5.45103, 5.44675, 5.45464, 5.45702, 5.45501, 5.45107, 5.4586, 5.4547, 5.45769, 5.45098]","[0.38329, 0.37637, 0.37675, 0.37648, 0.37906, 0.37596, 0.37643, 0.37743, 0.37752, 0.37641]",10,10,0,997.6,cuda_max_memory_allocated,v2-uniform-warmup,938,10,2026-09-15T16:20:54,ijunsu,remeasure_v2,0,0.4,0.0,1575.0,3.11.9,Windows-10-10.0.26200-SP0,AMD64,2.7.1+cu118,11.8,90100,0,1,3.7.1,mkl,NVIDIA GeForce RTX 4060 Ti,610.62,0.22.1+cu118
simple_cnn,CNN_f64_l4_bn0,GPU(CUDA),"{'num_filters': 64, 'num_conv_layers': 4, 'use_batchnorm': False}",993930,993930,959744,34186,0,0,6,6,4,2,0,3,5,256,64,176.0,256,463393280,463393280,0.0021448951525581037,3.7915,3975720,0,0,0,1,0,0,0,1,0,64,0,0,0,0,0,0,0,64,28,28,1,10,1,16,4.2,31.1,4352,8.0,0,1,cnn,3,1,1,256,0,0,0,0,0,0,mnist,float32,784,windows,nvidia,NVIDIA GeForce RTX 4060 Ti,8,16,0,0,4.2,4.2,0.0,0.0,ddr5,0.0,0,0.0,8.0,1,4352,136,8.9,3.1,0.0,26.98,53.96,1,1,pcie4,16,1,0,7.31814,0.00818,0.47148,0.00191,17.14,"[7.30709, 7.34056, 7.31592, 7.31987, 7.31874, 7.31538, 7.31811, 7.31569, 7.31594, 7.31406]","[0.47083, 0.47683, 0.47047, 0.4704, 0.47189, 0.47122, 0.47049, 0.46954, 0.47122, 0.47194]",10,10,0,1002.3,cuda_max_memory_allocated,v2-uniform-warmup,938,10,2026-09-15T16:22:14,ijunsu,remeasure_v2,0,1.4,0.0,1568.0,3.11.9,Windows-10-10.0.26200-SP0,AMD64,2.7.1+cu118,11.8,90100,0,1,3.7.1,mkl,NVIDIA GeForce RTX 4060 Ti,610.62,0.22.1+cu118
simple_cnn,CNN_f64_l4_bn1,GPU(CUDA),"{'num_filters': 64, 'num_conv_layers': 4, 'use_batchnorm': True}",995338,995338,959744,34186,1408,0,10,6,4,2,4,3,5,256,64,176.0,256,463895040,463895040,0.002145610351858903,3.7969,3981352,0,0,0,1,1,0,0,1,0,64,1,0,0,0,0,0,0,64,28,28,1,10,1,16,4.2,31.1,4352,8.0,0,1,cnn,3,1,1,256,0,0,0,0,0,0,mnist,float32,784,windows,nvidia,NVIDIA GeForce RTX 4060 Ti,8,16,0,0,4.2,4.2,0.0,0.0,ddr5,0.0,0,0.0,8.0,1,4352,136,8.9,3.1,0.0,26.98,53.96,1,1,pcie4,16,1,0,8.4053,0.00795,0.55252,0.00194,92.56,"[8.40917, 8.38819, 8.418, 8.40262, 8.40768, 8.41061, 8.4034, 8.39574, 8.40993, 8.40763]","[0.5564, 0.55118, 0.55199, 0.55088, 0.55155, 0.55181, 0.5555, 0.55039, 0.55157, 0.55397]",10,10,0,1002.7,cuda_max_memory_allocated,v2-uniform-warmup,938,10,2026-09-15T16:23:45,ijunsu,remeasure_v2,0,0.2,0.0,1574.0,3.11.9,Windows-10-10.0.26200-SP0,AMD64,2.7.1+cu118,11.8,90100,0,1,3.7.1,mkl,NVIDIA GeForce RTX 4060 Ti,610.62,0.22.1+cu118
simple_cnn,CNN_f64_l5_bn0,GPU(CUDA),"{'num_filters': 64, 'num_conv_layers': 5, 'use_batchnorm': False}",1584010,1584010,1549824,34186,0,0,7,7,5,2,0,3,6,256,64,192.0,256,521196032,521196032,0.0030391827695265337,6.0425,6336040,0,0,0,1,0,0,0,1,0,64,0,0,0,0,0,0,0,64,28,28,1,10,1,16,4.2,31.1,4352,8.0,0,1,cnn,3,1,1,256,0,0,0,0,0,0,mnist,float32,784,windows,nvidia,NVIDIA GeForce RTX 4060 Ti,8,16,0,0,4.2,4.2,0.0,0.0,ddr5,0.0,0,0.0,8.0,1,4352,136,8.9,3.1,0.0,26.98,53.96,1,1,pcie4,16,1,0,7.98376,0.01489,0.50905,0.00189,12.63,"[7.99261, 7.97336, 7.98773, 7.99952, 7.97517, 8.005, 7.99898, 7.98221, 7.95885, 7.96411]","[0.50902, 0.50809, 0.50895, 0.50891, 0.50839, 0.51462, 0.508, 0.50815, 0.50825, 0.50811]",10,10,0,1007.4,cuda_max_memory_allocated,v2-uniform-warmup,938,10,2026-09-15T16:25:11,ijunsu,remeasure_v2,0,1.7,1.0,1582.0,3.11.9,Windows-10-10.0.26200-SP0,AMD64,2.7.1+cu118,11.8,90100,0,1,3.7.1,mkl,NVIDIA GeForce RTX 4060 Ti,610.62,0.22.1+cu118
simple_cnn,CNN_f64_l5_bn1,GPU(CUDA),"{'num_filters': 64, 'num_conv_layers': 5, 'use_batchnorm': True}",1585930,1585930,1549824,34186,1920,0,12,7,5,2,5,3,6,256,64,192.0,256,521722880,521722880,0.0030397938461123267,6.0498,6343720,0,0,0,1,1,0,0,1,0,64,1,0,0,0,0,0,0,64,28,28,1,10,1,16,4.2,31.1,4352,8.0,0,1,cnn,3,1,1,256,0,0,0,0,0,0,mnist,float32,784,windows,nvidia,NVIDIA GeForce RTX 4060 Ti,8,16,0,0,4.2,4.2,0.0,0.0,ddr5,0.0,0,0.0,8.0,1,4352,136,8.9,3.1,0.0,26.98,53.96,1,1,pcie4,16,1,0,9.10546,0.01384,0.59403,0.00236,95.98,"[9.11124, 9.10434, 9.10728, 9.08728, 9.13845, 9.11023, 9.1129, 9.09606, 9.09294, 9.09384]","[0.59241, 0.59343, 0.59391, 0.59845, 0.59711, 0.59633, 0.59111, 0.59377, 0.59131, 0.59245]",10,10,0,1006.9,cuda_max_memory_allocated,v2-uniform-warmup,938,10,2026-09-15T16:26:50,ijunsu,remeasure_v2,0,0.7,0.0,1594.0,3.11.9,Windows-10-10.0.26200-SP0,AMD64,2.7.1+cu118,11.8,90100,0,1,3.7.1,mkl,NVIDIA GeForce RTX 4060 Ti,610.62,0.22.1+cu118
simple_cnn,CNN_f64_l6_bn0,GPU(CUDA),"{'num_filters': 64, 'num_conv_layers': 6, 'use_batchnorm': False}",2174090,2174090,2139904,34186,0,0,8,8,6,2,0,4,7,256,64,202.66666666666666,256,578998784,578998784,0.003754912894601174,8.2935,8696360,0,0,0,1,0,0,0,1,0,64,0,0,0,0,0,0,0,64,28,28,1,10,1,16,4.2,31.1,4352,8.0,0,1,cnn,3,1,1,256,0,0,0,0,0,0,mnist,float32,784,windows,nvidia,NVIDIA GeForce RTX 4060 Ti,8,16,0,0,4.2,4.2,0.0,0.0,ddr5,0.0,0,0.0,8.0,1,4352,136,8.9,3.1,0.0,26.98,53.96,1,1,pcie4,16,1,0,8.69346,0.02066,0.54762,0.00155,11.69,"[8.69602, 8.66915, 8.74288, 8.69499, 8.71284, 8.67115, 8.68386, 8.6867, 8.69763, 8.67941]","[0.55061, 0.54668, 0.54573, 0.54644, 0.54826, 0.54812, 0.54692, 0.54658, 0.54672, 0.55014]",10,10,0,1011.6,cuda_max_memory_allocated,v2-uniform-warmup,938,10,2026-09-15T16:28:24,ijunsu,remeasure_v2,0,0.7,0.0,1582.0,3.11.9,Windows-10-10.0.26200-SP0,AMD64,2.7.1+cu118,11.8,90100,0,1,3.7.1,mkl,NVIDIA GeForce RTX 4060 Ti,610.62,0.22.1+cu118
simple_cnn,CNN_f64_l6_bn1,GPU(CUDA),"{'num_filters': 64, 'num_conv_layers': 6, 'use_batchnorm': True}",2176522,2176522,2139904,34186,2432,0,14,8,6,2,6,4,7,256,64,202.66666666666666,256,579550720,579550720,0.0037555332516884805,8.3028,8706088,0,0,0,1,1,0,0,1,0,64,1,0,0,0,0,0,0,64,28,28,1,10,1,16,4.2,31.1,4352,8.0,0,1,cnn,3,1,1,256,0,0,0,0,0,0,mnist,float32,784,windows,nvidia,NVIDIA GeForce RTX 4060 Ti,8,16,0,0,4.2,4.2,0.0,0.0,ddr5,0.0,0,0.0,8.0,1,4352,136,8.9,3.1,0.0,26.98,53.96,1,1,pcie4,16,1,0,9.89417,0.08397,0.63805,0.0053,97.97,"[10.09471, 10.01775, 9.87178, 9.87012, 9.87467, 9.83916, 9.84011, 9.83289, 9.84995, 9.85057]","[0.65213, 0.63957, 0.63548, 0.64115, 0.63401, 0.63419, 0.63525, 0.63419, 0.63512, 0.63943]",10,10,0,1012.7,cuda_max_memory_allocated,v2-uniform-warmup,938,10,2026-09-15T16:30:11,ijunsu,remeasure_v2,0,3.5,1.0,1611.0,3.11.9,Windows-10-10.0.26200-SP0,AMD64,2.7.1+cu118,11.8,90100,0,1,3.7.1,mkl,NVIDIA GeForce RTX 4060 Ti,610.62,0.22.1+cu118
simple_cnn,CNN_f128_l1_bn0,GPU(CUDA),"{'num_filters': 128, 'num_conv_layers': 1, 'use_batchnorm': False}",19082,19082,1280,17802,0,0,3,3,1,2,0,1,2,128,128,128.0,128,1841664,1841664,0.010361281971087016,0.0728,76328,0,0,0,1,0,0,0,1,0,128,0,0,0,0,0,0,0,64,28,28,1,10,1,16,4.2,31.1,4352,8.0,0,1,cnn,3,1,1,128,0,0,0,0,0,0,mnist,float32,784,windows,nvidia,NVIDIA GeForce RTX 4060 Ti,8,16,0,0,4.2,4.2,0.0,0.0,ddr5,0.0,0,0.0,8.0,1,4352,136,8.9,3.1,0.0,26.98,53.96,1,1,pcie4,16,1,0,1.08743,0.0029,0.11092,0.0007,19.63,"[1.08652, 1.09133, 1.08239, 1.08827, 1.08709, 1.08609, 1.08979, 1.08714, 1.0837, 1.09198]","[0.11042, 0.11071, 0.11108, 0.11258, 0.11053, 0.11174, 0.11046, 0.11029, 0.11027, 0.11111]",10,10,0,992.0,cuda_max_memory_allocated,v2-uniform-warmup,938,10,2026-09-15T16:30:25,ijunsu,remeasure_v2,0,2.0,0.0,1601.0,3.11.9,Windows-10-10.0.26200-SP0,AMD64,2.7.1+cu118,11.8,90100,0,1,3.7.1,mkl,NVIDIA GeForce RTX 4060 Ti,610.62,0.22.1+cu118
simple_cnn,CNN_f128_l1_bn1,GPU(CUDA),"{'num_filters': 128, 'num_conv_layers': 1, 'use_batchnorm': True}",19338,19338,1280,17802,256,0,4,3,1,2,1,1,2,128,128,128.0,128,2042368,2042368,0.009468420970167962,0.0738,77352,0,0,0,1,1,0,0,1,0,128,1,0,0,0,0,0,0,64,28,28,1,10,1,16,4.2,31.1,4352,8.0,0,1,cnn,3,1,1,128,0,0,0,0,0,0,mnist,float32,784,windows,nvidia,NVIDIA GeForce RTX 4060 Ti,8,16,0,0,4.2,4.2,0.0,0.0,ddr5,0.0,0,0.0,8.0,1,4352,136,8.9,3.1,0.0,26.98,53.96,1,1,pcie4,16,1,0,1.66537,0.00341,0.14399,0.00106,20.79,"[1.66878, 1.66036, 1.66732, 1.66076, 1.66827, 1.66247, 1.66826, 1.66321, 1.66412, 1.67016]","[0.14418, 0.14334, 0.14361, 0.14287, 0.14378, 0.1446, 0.14333, 0.14663, 0.14291, 0.14461]",10,10,0,992.0,cuda_max_memory_allocated,v2-uniform-warmup,938,10,2026-09-15T16:30:44,ijunsu,remeasure_v2,0,0.7,0.0,1553.0,3.11.9,Windows-10-10.0.26200-SP0,AMD64,2.7.1+cu118,11.8,90100,0,1,3.7.1,mkl,NVIDIA GeForce RTX 4060 Ti,610.62,0.22.1+cu118
simple_cnn,CNN_f128_l2_bn0,GPU(CUDA),"{'num_filters': 128, 'num_conv_layers': 2, 'use_batchnorm': False}",330634,330634,296448,34186,0,0,4,4,2,2,0,2,3,256,128,192.0,256,464296448,464296448,0.0007121183059319894,1.2613,1322536,0,0,0,1,0,0,0,1,0,128,0,0,0,0,0,0,0,64,28,28,1,10,1,16,4.2,31.1,4352,8.0,0,1,cnn,3,1,1,256,0,0,0,0,0,0,mnist,float32,784,windows,nvidia,NVIDIA GeForce RTX 4060 Ti,8,16,0,0,4.2,4.2,0.0,0.0,ddr5,0.0,0,0.0,8.0,1,4352,136,8.9,3.1,0.0,26.98,53.96,1,1,pcie4,16,1,0,8.70613,0.00299,0.53163,0.00093,21.34,"[8.70533, 8.70664, 8.70051, 8.70889, 8.70484, 8.70861, 8.70453, 8.7092, 8.71024, 8.70255]","[0.53029, 0.53231, 0.53236, 0.53167, 0.5315, 0.53326, 0.53028, 0.53064, 0.53168, 0.53229]",10,10,0,1762.8,cuda_max_memory_allocated,v2-uniform-warmup,938,10,2026-09-15T16:32:18,ijunsu,remeasure_v2,0,8.3,1.0,1553.0,3.11.9,Windows-10-10.0.26200-SP0,AMD64,2.7.1+cu118,11.8,90100,0,1,3.7.1,mkl,NVIDIA GeForce RTX 4060 Ti,610.62,0.22.1+cu118
simple_cnn,CNN_f128_l2_bn1,GPU(CUDA),"{'num_filters': 128, 'num_conv_layers': 2, 'use_batchnorm': True}",331402,331402,296448,34186,768,0,6,4,2,2,2,2,3,256,128,192.0,256,464898560,464898560,0.0007128479812886493,1.2642,1325608,0,0,0,1,1,0,0,1,0,128,1,0,0,0,0,0,0,64,28,28,1,10,1,16,4.2,31.1,4352,8.0,0,1,cnn,3,1,1,256,0,0,0,0,0,0,mnist,float32,784,windows,nvidia,NVIDIA GeForce RTX 4060 Ti,8,16,0,0,4.2,4.2,0.0,0.0,ddr5,0.0,0,0.0,8.0,1,4352,136,8.9,3.1,0.0,26.98,53.96,1,1,pcie4,16,1,0,10.56144,0.00779,0.6283,0.00243,44.73,"[10.55961, 10.58168, 10.55705, 10.56307, 10.55661, 10.55165, 10.56731, 10.55999, 10.55791, 10.5595]","[0.63178, 0.62797, 0.626, 0.63067, 0.62726, 0.62607, 0.62675, 0.62628, 0.63299, 0.62725]",10,10,0,1762.8,cuda_max_memory_allocated,v2-uniform-warmup,938,10,2026-09-15T16:34:12,ijunsu,remeasure_v2,0,2.6,0.0,1579.0,3.11.9,Windows-10-10.0.26200-SP0,AMD64,2.7.1+cu118,11.8,90100,0,1,3.7.1,mkl,NVIDIA GeForce RTX 4060 Ti,610.62,0.22.1+cu118
simple_cnn,CNN_f128_l3_bn0,GPU(CUDA),"{'num_filters': 128, 'num_conv_layers': 3, 'use_batchnorm': False}",1543562,1543562,1476608,66954,0,0,5,5,3,2,0,2,4,512,128,298.6666666666667,512,926784000,926784000,0.0016655035045922244,5.8882,6174248,0,0,0,1,0,0,0,1,0,128,0,0,0,0,0,0,0,64,28,28,1,10,1,16,4.2,31.1,4352,8.0,0,1,cnn,3,1,1,512,0,0,0,0,0,0,mnist,float32,784,windows,nvidia,NVIDIA GeForce RTX 4060 Ti,8,16,0,0,4.2,4.2,0.0,0.0,ddr5,0.0,0,0.0,8.0,1,4352,136,8.9,3.1,0.0,26.98,53.96,1,1,pcie4,16,1,0,14.07826,0.02487,0.82555,0.00621,21.11,"[14.13571, 14.1079, 14.05689, 14.05314, 14.0731, 14.08298, 14.05103, 14.07856, 14.07599, 14.06726]","[0.84127, 0.82141, 0.82799, 0.82045, 0.82688, 0.82093, 0.82564, 0.82118, 0.82967, 0.8201]",10,10,0,1772.1,cuda_max_memory_allocated,v2-uniform-warmup,938,10,2026-09-15T16:36:43,ijunsu,remeasure_v2,0,5.3,0.0,1585.0,3.11.9,Windows-10-10.0.26200-SP0,AMD64,2.7.1+cu118,11.8,90100,0,1,3.7.1,mkl,NVIDIA GeForce RTX 4060 Ti,610.62,0.22.1+cu118
simple_cnn,CNN_f128_l3_bn1,GPU(CUDA),"{'num_filters': 128, 'num_conv_layers': 3, 'use_batchnorm': True}",1545354,1545354,1476608,66954,1792,0,8,5,3,2,3,2,4,512,128,298.6666666666667,512,927586816,927586816,0.0016659939246053278,5.8951,6181416,0,0,0,1,1,0,0,1,0,128,1,0,0,0,0,0,0,64,28,28,1,10,1,16,4.2,31.1,4352,8.0,0,1,cnn,3,1,1,512,0,0,0,0,0,0,mnist,float32,784,windows,nvidia,NVIDIA GeForce RTX 4060 Ti,8,16,0,0,4.2,4.2,0.0,0.0,ddr5,0.0,0,0.0,8.0,1,4352,136,8.9,3.1,0.0,26.98,53.96,1,1,pcie4,16,1,0,16.30455,0.02317,0.95209,0.00798,58.12,"[16.29076, 16.2874, 16.28494, 16.29535, 16.29177, 16.31069, 16.3474, 16.34549, 16.3124, 16.27929]","[0.9472, 0.94874, 0.94898, 0.94777, 0.94998, 0.95481, 0.97526, 0.95072, 0.94841, 0.94908]",10,10,0,1772.1,cuda_max_memory_allocated,v2-uniform-warmup,938,10,2026-09-15T16:39:37,ijunsu,remeasure_v2,0,0.9,0.0,1573.0,3.11.9,Windows-10-10.0.26200-SP0,AMD64,2.7.1+cu118,11.8,90100,0,1,3.7.1,mkl,NVIDIA GeForce RTX 4060 Ti,610.62,0.22.1+cu118
simple_cnn,CNN_f128_l4_bn0,GPU(CUDA),"{'num_filters': 128, 'num_conv_layers': 4, 'use_batchnorm': False}",3903370,3903370,3836416,66954,0,0,6,6,4,2,0,3,5,512,128,352.0,512,1851628032,1851628032,0.002108074587628624,14.8902,15613480,0,0,0,1,0,0,0,1,0,128,0,0,0,0,0,0,0,64,28,28,1,10,1,16,4.2,31.1,4352,8.0,0,1,cnn,3,1,1,512,0,0,0,0,0,0,mnist,float32,784,windows,nvidia,NVIDIA GeForce RTX 4060 Ti,8,16,0,0,4.2,4.2,0.0,0.0,ddr5,0.0,0,0.0,8.0,1,4352,136,8.9,3.1,0.0,26.98,53.96,1,1,pcie4,16,1,0,23.76707,0.04814,1.33497,0.00871,18.35,"[23.73471, 23.7673, 23.77494, 23.90553, 23.76581, 23.73199, 23.74609, 23.74791, 23.73972, 23.75671]","[1.3323, 1.32981, 1.35999, 1.33024, 1.33712, 1.33001, 1.3357, 1.32971, 1.33408, 1.33075]",10,10,0,1790.5,cuda_max_memory_allocated,v2-uniform-warmup,938,10,2026-09-15T16:43:50,ijunsu,remeasure_v2,0,1.8,0.0,1573.0,3.11.9,Windows-10-10.0.26200-SP0,AMD64,2.7.1+cu118,11.8,90100,0,1,3.7.1,mkl,NVIDIA GeForce RTX 4060 Ti,610.62,0.22.1+cu118
simple_cnn,CNN_f128_l4_bn1,GPU(CUDA),"{'num_filters': 128, 'num_conv_layers': 4, 'use_batchnorm': True}",3906186,3906186,3836416,66954,2816,0,10,6,4,2,4,3,5,512,128,352.0,512,1852631552,1852631552,0.0021084527011229486,14.9009,15624744,0,0,0,1,1,0,0,1,0,128,1,0,0,0,0,0,0,64,28,28,1,10,1,16,4.2,31.1,4352,8.0,0,1,cnn,3,1,1,512,0,0,0,0,0,0,mnist,float32,784,windows,nvidia,NVIDIA GeForce RTX 4060 Ti,8,16,0,0,4.2,4.2,0.0,0.0,ddr5,0.0,0,0.0,8.0,1,4352,136,8.9,3.1,0.0,26.98,53.96,1,1,pcie4,16,1,0,26.58498,0.01774,1.49647,0.00353,94.97,"[26.57616, 26.60272, 26.61224, 26.57241, 26.60165, 26.60587, 26.56652, 26.55953, 26.57706, 26.57564]","[1.493, 1.50185, 1.49431, 1.49887, 1.49377, 1.49466, 1.49913, 1.4919, 1.50218, 1.49505]",10,10,0,1790.6,cuda_max_memory_allocated,v2-uniform-warmup,938,10,2026-09-15T16:48:33,ijunsu,remeasure_v2,0,1.0,0.0,1653.0,3.11.9,Windows-10-10.0.26200-SP0,AMD64,2.7.1+cu118,11.8,90100,0,1,3.7.1,mkl,NVIDIA GeForce RTX 4060 Ti,610.62,0.22.1+cu118
simple_cnn,CNN_f128_l5_bn0,GPU(CUDA),"{'num_filters': 128, 'num_conv_layers': 5, 'use_batchnorm': False}",6263178,6263178,6196224,66954,0,0,7,7,5,2,0,3,6,512,128,384.0,512,2082839040,2082839040,0.0030070388924532546,23.8921,25052712,0,0,0,1,0,0,0,1,0,128,0,0,0,0,0,0,0,64,28,28,1,10,1,16,4.2,31.1,4352,8.0,0,1,cnn,3,1,1,512,0,0,0,0,0,0,mnist,float32,784,windows,nvidia,NVIDIA GeForce RTX 4060 Ti,8,16,0,0,4.2,4.2,0.0,0.0,ddr5,0.0,0,0.0,8.0,1,4352,136,8.9,3.1,0.0,26.98,53.96,1,1,pcie4,16,1,0,26.26796,0.04275,1.45632,0.00286,18.1,"[26.38891, 26.28057, 26.24014, 26.23262, 26.23729, 26.25568, 26.26448, 26.25488, 26.25436, 26.2707]","[1.45497, 1.45324, 1.45508, 1.4593, 1.45282, 1.46127, 1.45681, 1.45416, 1.45516, 1.46041]",10,10,0,1809.5,cuda_max_memory_allocated,v2-uniform-warmup,938,10,2026-09-15T16:53:12,ijunsu,remeasure_v2,0,1.2,0.0,1633.0,3.11.9,Windows-10-10.0.26200-SP0,AMD64,2.7.1+cu118,11.8,90100,0,1,3.7.1,mkl,NVIDIA GeForce RTX 4060 Ti,610.62,0.22.1+cu118
simple_cnn,CNN_f128_l5_bn1,GPU(CUDA),"{'num_filters': 128, 'num_conv_layers': 5, 'use_batchnorm': True}",6267018,6267018,6196224,66954,3840,0,12,7,5,2,5,3,6,512,128,384.0,512,2083892736,2083892736,0.0030073611236005574,23.9068,25068072,0,0,0,1,1,0,0,1,0,128,1,0,0,0,0,0,0,64,28,28,1,10,1,16,4.2,31.1,4352,8.0,0,1,cnn,3,1,1,512,0,0,0,0,0,0,mnist,float32,784,windows,nvidia,NVIDIA GeForce RTX 4060 Ti,8,16,0,0,4.2,4.2,0.0,0.0,ddr5,0.0,0,0.0,8.0,1,4352,136,8.9,3.1,0.0,26.98,53.96,1,1,pcie4,16,1,0,29.09906,0.01251,1.62989,0.00285,97.0,"[29.10204, 29.10197, 29.09801, 29.12315, 29.08891, 29.10971, 29.10568, 29.0968, 29.07406, 29.0903]","[1.63271, 1.63328, 1.62711, 1.62779, 1.6261, 1.63273, 1.63112, 1.62601, 1.62901, 1.63306]",10,10,0,1809.1,cuda_max_memory_allocated,v2-uniform-warmup,938,10,2026-09-15T16:58:21,ijunsu,remeasure_v2,0,2.8,0.0,1632.0,3.11.9,Windows-10-10.0.26200-SP0,AMD64,2.7.1+cu118,11.8,90100,0,1,3.7.1,mkl,NVIDIA GeForce RTX 4060 Ti,610.62,0.22.1+cu118
simple_cnn,CNN_f128_l6_bn0,GPU(CUDA),"{'num_filters': 128, 'num_conv_layers': 6, 'use_batchnorm': False}",8622986,8622986,8556032,66954,0,0,8,8,6,2,0,4,7,512,128,405.3333333333333,512,2314050048,2314050048,0.003726361064425863,32.8941,34491944,0,0,0,1,0,0,0,1,0,128,0,0,0,0,0,0,0,64,28,28,1,10,1,16,4.2,31.1,4352,8.0,0,1,cnn,3,1,1,512,0,0,0,0,0,0,mnist,float32,784,windows,nvidia,NVIDIA GeForce RTX 4060 Ti,8,16,0,0,4.2,4.2,0.0,0.0,ddr5,0.0,0,0.0,8.0,1,4352,136,8.9,3.1,0.0,26.98,53.96,1,1,pcie4,16,1,0,29.02612,0.10131,1.5922,0.01124,15.7,"[29.27471, 29.02866, 28.91591, 28.9736, 28.97616, 29.00351, 29.14979, 28.9523, 28.99721, 28.98935]","[1.62469, 1.59294, 1.59132, 1.58558, 1.58626, 1.5883, 1.58502, 1.59228, 1.59116, 1.58449]",10,10,0,1827.5,cuda_max_memory_allocated,v2-uniform-warmup,938,10,2026-09-15T17:03:30,ijunsu,remeasure_v2,0,0.2,0.0,1633.0,3.11.9,Windows-10-10.0.26200-SP0,AMD64,2.7.1+cu118,11.8,90100,0,1,3.7.1,mkl,NVIDIA GeForce RTX 4060 Ti,610.62,0.22.1+cu118
simple_cnn,CNN_f128_l6_bn1,GPU(CUDA),"{'num_filters': 128, 'num_conv_layers': 6, 'use_batchnorm': True}",8627850,8627850,8556032,66954,4864,0,14,8,6,2,6,4,7,512,128,405.3333333333333,512,2315153920,2315153920,0.0037266852650557247,32.9126,34511400,0,0,0,1,1,0,0,1,0,128,1,0,0,0,0,0,0,64,28,28,1,10,1,16,4.2,31.1,4352,8.0,0,1,cnn,3,1,1,512,0,0,0,0,0,0,mnist,float32,784,windows,nvidia,NVIDIA GeForce RTX 4060 Ti,8,16,0,0,4.2,4.2,0.0,0.0,ddr5,0.0,0,0.0,8.0,1,4352,136,8.9,3.1,0.0,26.98,53.96,1,1,pcie4,16,1,0,31.84222,0.06161,1.7649,0.00482,98.12,"[31.78454, 31.84606, 31.80744, 31.7951, 31.82719, 31.81964, 31.83073, 31.8533, 31.84226, 32.01599]","[1.76619, 1.7679, 1.76733, 1.76714, 1.76105, 1.7612, 1.76092, 1.76039, 1.76068, 1.77622]",10,10,0,1828.4,cuda_max_memory_allocated,v2-uniform-warmup,938,10,2026-09-15T17:09:08,ijunsu,remeasure_v2,0,7.8,1.0,1676.0,3.11.9,Windows-10-10.0.26200-SP0,AMD64,2.7.1+cu118,11.8,90100,0,1,3.7.1,mkl,NVIDIA GeForce RTX 4060 Ti,610.62,0.22.1+cu118
resnet_mnist,ResNet_1111_w16,GPU(CUDA),"{'layers': [1, 1, 1, 1], 'base_width': 16}",308538,308538,305808,1290,1440,0,25,13,12,1,12,1,5,128,128,128.0,128,26177152,26177152,0.011786538123016591,1.177,1234152,1,0,0,1,1,0,0,2,0,0,0,0,0,0,0,0,0,64,28,28,1,10,1,16,4.2,31.1,4352,8.0,1,2,resnet,2,2,1,128,0,0,0,0,0,0,mnist,float32,784,windows,nvidia,NVIDIA GeForce RTX 4060 Ti,8,16,0,0,4.2,4.2,0.0,0.0,ddr5,0.0,0,0.0,8.0,1,4352,136,8.9,3.1,0.0,26.98,53.96,1,1,pcie4,16,1,0,4.47436,0.25895,0.09083,0.00146,96.88,"[4.6455, 4.76976, 4.0788, 4.18847, 4.77316, 4.52189, 4.11182, 4.39473, 4.49149, 4.76796]","[0.09295, 0.0933, 0.08911, 0.09078, 0.09119, 0.08919, 0.08966, 0.0918, 0.08923, 0.09112]",10,10,0,420.6,cuda_max_memory_allocated,v2-uniform-warmup,938,10,2026-09-15T17:09:55,ijunsu,remeasure_v2,0,1.0,0.0,1722.0,3.11.9,Windows-10-10.0.26200-SP0,AMD64,2.7.1+cu118,11.8,90100,0,1,3.7.1,mkl,NVIDIA GeForce RTX 4060 Ti,610.62,0.22.1+cu118
resnet_mnist,ResNet_1111_w32,GPU(CUDA),"{'layers': [1, 1, 1, 1], 'base_width': 32}",1228394,1228394,1222944,2570,2880,0,25,13,12,1,12,1,5,256,256,256.0,256,103963904,103963904,0.011815581684966351,4.686,4913576,1,0,0,1,1,0,0,2,0,0,0,0,0,0,0,0,0,64,28,28,1,10,1,16,4.2,31.1,4352,8.0,1,2,resnet,2,2,1,256,0,0,0,0,0,0,mnist,float32,784,windows,nvidia,NVIDIA GeForce RTX 4060 Ti,8,16,0,0,4.2,4.2,0.0,0.0,ddr5,0.0,0,0.0,8.0,1,4352,136,8.9,3.1,0.0,26.98,53.96,1,1,pcie4,16,1,0,4.3914,0.19208,0.23362,0.0012,97.69,"[4.28344, 4.38557, 4.50358, 4.02715, 4.25815, 4.54718, 4.26744, 4.31599, 4.63419, 4.69134]","[0.23289, 0.23303, 0.23639, 0.23325, 0.23424, 0.23239, 0.23329, 0.23369, 0.23484, 0.23215]",10,10,0,716.6,cuda_max_memory_allocated,v2-uniform-warmup,938,10,2026-09-15T17:10:43,ijunsu,remeasure_v2,0,2.1,1.0,1632.0,3.11.9,Windows-10-10.0.26200-SP0,AMD64,2.7.1+cu118,11.8,90100,0,1,3.7.1,mkl,NVIDIA GeForce RTX 4060 Ti,610.62,0.22.1+cu118
resnet_mnist,ResNet_1111_w64,GPU(CUDA),"{'layers': [1, 1, 1, 1], 'base_width': 64}",4902090,4902090,4891200,5130,5760,0,25,13,12,1,12,1,5,512,512,512.0,512,414366208,414366208,0.01183033245799812,18.7,19608360,1,0,0,1,1,0,0,2,0,0,0,0,0,0,0,0,0,64,28,28,1,10,1,16,4.2,31.1,4352,8.0,1,2,resnet,2,2,1,512,0,0,0,0,0,0,mnist,float32,784,windows,nvidia,NVIDIA GeForce RTX 4060 Ti,8,16,0,0,4.2,4.2,0.0,0.0,ddr5,0.0,0,0.0,8.0,1,4352,136,8.9,3.1,0.0,26.98,53.96,1,1,pcie4,16,1,0,8.46521,0.02217,0.52148,0.00262,98.19,"[8.41249, 8.46196, 8.47253, 8.44872, 8.46075, 8.49838, 8.46164, 8.48413, 8.46924, 8.48232]","[0.51858, 0.51924, 0.528, 0.52083, 0.52114, 0.51995, 0.52316, 0.51952, 0.52116, 0.52323]",10,10,0,1034.2,cuda_max_memory_allocated,v2-uniform-warmup,938,10,2026-09-15T17:12:15,ijunsu,remeasure_v2,0,1.4,0.0,1589.0,3.11.9,Windows-10-10.0.26200-SP0,AMD64,2.7.1+cu118,11.8,90100,0,1,3.7.1,mkl,NVIDIA GeForce RTX 4060 Ti,610.62,0.22.1+cu118
resnet_mnist,ResNet_2111_w16,GPU(CUDA),"{'layers': [2, 1, 1, 1], 'base_width': 16}",313210,313210,310416,1290,1504,0,29,15,14,1,14,1,6,128,128,128.0,128,33452672,33452672,0.009362779750448634,1.1948,1252840,1,0,0,1,1,0,0,2,0,0,0,0,0,0,0,0,0,64,28,28,1,10,1,16,4.2,31.1,4352,8.0,1,2,resnet,3,1,1,128,0,0,0,0,0,0,mnist,float32,784,windows,nvidia,NVIDIA GeForce RTX 4060 Ti,8,16,0,0,4.2,4.2,0.0,0.0,ddr5,0.0,0,0.0,8.0,1,4352,136,8.9,3.1,0.0,26.98,53.96,1,1,pcie4,16,1,0,5.15384,0.28777,0.12541,0.00128,96.96,"[4.88264, 5.29866, 5.60064, 4.97134, 5.12556, 5.34192, 4.84926, 4.66424, 5.33592, 5.46826]","[0.12618, 0.1271, 0.12647, 0.12746, 0.12423, 0.1241, 0.12413, 0.12429, 0.12596, 0.12422]",10,10,0,468.6,cuda_max_memory_allocated,v2-uniform-warmup,938,10,2026-09-15T17:13:09,ijunsu,remeasure_v2,0,1.0,0.0,1623.0,3.11.9,Windows-10-10.0.26200-SP0,AMD64,2.7.1+cu118,11.8,90100,0,1,3.7.1,mkl,NVIDIA GeForce RTX 4060 Ti,610.62,0.22.1+cu118
resnet_mnist,ResNet_2111_w32,GPU(CUDA),"{'layers': [2, 1, 1, 1], 'base_width': 32}",1246954,1246954,1241376,2570,3008,0,29,15,14,1,14,1,6,256,256,256.0,256,132965632,132965632,0.009378017321047292,4.7568,4987816,1,0,0,1,1,0,0,2,0,0,0,0,0,0,0,0,0,64,28,28,1,10,1,16,4.2,31.1,4352,8.0,1,2,resnet,3,1,1,256,0,0,0,0,0,0,mnist,float32,784,windows,nvidia,NVIDIA GeForce RTX 4060 Ti,8,16,0,0,4.2,4.2,0.0,0.0,ddr5,0.0,0,0.0,8.0,1,4352,136,8.9,3.1,0.0,26.98,53.96,1,1,pcie4,16,1,0,4.78272,0.19645,0.32756,0.00131,97.79,"[4.48436, 4.76128, 4.98912, 4.81506, 4.43032, 4.92663, 4.92523, 4.61907, 5.01733, 4.8588]","[0.32771, 0.33082, 0.326, 0.32622, 0.32759, 0.32661, 0.32823, 0.32669, 0.32786, 0.32789]",10,10,0,813.1,cuda_max_memory_allocated,v2-uniform-warmup,938,10,2026-09-15T17:14:02,ijunsu,remeasure_v2,0,2.2,0.0,1561.0,3.11.9,Windows-10-10.0.26200-SP0,AMD64,2.7.1+cu118,11.8,90100,0,1,3.7.1,mkl,NVIDIA GeForce RTX 4060 Ti,610.62,0.22.1+cu118
resnet_mnist,ResNet_2111_w64,GPU(CUDA),"{'layers': [2, 1, 1, 1], 'base_width': 64}",4976074,4976074,4964928,5130,6016,0,29,15,14,1,14,1,6,512,512,512.0,512,530172416,530172416,0.009385765554426733,18.9822,19904296,1,0,0,1,1,0,0,2,0,0,0,0,0,0,0,0,0,64,28,28,1,10,1,16,4.2,31.1,4352,8.0,1,2,resnet,3,1,1,512,0,0,0,0,0,0,mnist,float32,784,windows,nvidia,NVIDIA GeForce RTX 4060 Ti,8,16,0,0,4.2,4.2,0.0,0.0,ddr5,0.0,0,0.0,8.0,1,4352,136,8.9,3.1,0.0,26.98,53.96,1,1,pcie4,16,1,0,11.01856,0.02447,0.70266,0.00206,98.11,"[10.97302, 11.00742, 11.01481, 11.01698, 11.01947, 11.05232, 11.0326, 10.99053, 11.05921, 11.01926]","[0.70468, 0.70233, 0.70465, 0.7014, 0.70058, 0.70054, 0.70159, 0.70198, 0.70157, 0.70724]",10,10,0,1228.3,cuda_max_memory_allocated,v2-uniform-warmup,938,10,2026-09-15T17:16:01,ijunsu,remeasure_v2,0,2.1,0.0,1587.0,3.11.9,Windows-10-10.0.26200-SP0,AMD64,2.7.1+cu118,11.8,90100,0,1,3.7.1,mkl,NVIDIA GeForce RTX 4060 Ti,610.62,0.22.1+cu118
resnet_mnist,ResNet_2211_w16,GPU(CUDA),"{'layers': [2, 2, 1, 1], 'base_width': 16}",331770,331770,328848,1290,1632,0,33,17,16,1,16,1,7,128,128,128.0,128,40703104,40703104,0.00815097541455315,1.2656,1327080,1,0,0,1,1,0,0,2,0,0,0,0,0,0,0,0,0,64,28,28,1,10,1,16,4.2,31.1,4352,8.0,1,2,resnet,3,1,1,128,0,0,0,0,0,0,mnist,float32,784,windows,nvidia,NVIDIA GeForce RTX 4060 Ti,8,16,0,0,4.2,4.2,0.0,0.0,ddr5,0.0,0,0.0,8.0,1,4352,136,8.9,3.1,0.0,26.98,53.96,1,1,pcie4,16,1,0,5.81099,0.24618,0.14544,0.0011,97.22,"[5.50918, 5.73785, 6.15071, 5.91583, 5.58859, 6.05622, 5.59322, 5.48218, 6.12452, 5.95162]","[0.14474, 0.14701, 0.14445, 0.1442, 0.14619, 0.14709, 0.14447, 0.14429, 0.14646, 0.14554]",10,10,0,468.8,cuda_max_memory_allocated,v2-uniform-warmup,938,10,2026-09-15T17:17:02,ijunsu,remeasure_v2,0,0.8,1.0,1615.0,3.11.9,Windows-10-10.0.26200-SP0,AMD64,2.7.1+cu118,11.8,90100,0,1,3.7.1,mkl,NVIDIA GeForce RTX 4060 Ti,610.62,0.22.1+cu118
resnet_mnist,ResNet_2211_w32,GPU(CUDA),"{'layers': [2, 2, 1, 1], 'base_width': 32}",1320938,1320938,1315104,2570,3264,0,33,17,16,1,16,1,7,256,256,256.0,256,161917184,161917184,0.008158108777385853,5.039,5283752,1,0,0,1,1,0,0,2,0,0,0,0,0,0,0,0,0,64,28,28,1,10,1,16,4.2,31.1,4352,8.0,1,2,resnet,3,1,1,256,0,0,0,0,0,0,mnist,float32,784,windows,nvidia,NVIDIA GeForce RTX 4060 Ti,8,16,0,0,4.2,4.2,0.0,0.0,ddr5,0.0,0,0.0,8.0,1,4352,136,8.9,3.1,0.0,26.98,53.96,1,1,pcie4,16,1,0,5.5462,0.27312,0.38036,0.00214,98.09,"[5.10039, 5.83981, 5.60719, 5.11967, 5.94742, 5.4545, 5.33802, 5.6382, 5.68075, 5.73604]","[0.37802, 0.37954, 0.38102, 0.3789, 0.38025, 0.37914, 0.38631, 0.37997, 0.3802, 0.38028]",10,10,0,814.5,cuda_max_memory_allocated,v2-uniform-warmup,938,10,2026-09-15T17:18:03,ijunsu,remeasure_v2,0,0.9,0.0,1561.0,3.11.9,Windows-10-10.0.26200-SP0,AMD64,2.7.1+cu118,11.8,90100,0,1,3.7.1,mkl,NVIDIA GeForce RTX 4060 Ti,610.62,0.22.1+cu118
resnet_mnist,ResNet_2211_w64,GPU(CUDA),"{'layers': [2, 2, 1, 1], 'base_width': 64}",5271498,5271498,5259840,5130,6528,0,33,17,16,1,16,1,7,512,512,512.0,512,645878272,645878272,0.008161751569187328,20.1092,21085992,1,0,0,1,1,0,0,2,0,0,0,0,0,0,0,0,0,64,28,28,1,10,1,16,4.2,31.1,4352,8.0,1,2,resnet,3,1,1,512,0,0,0,0,0,0,mnist,float32,784,windows,nvidia,NVIDIA GeForce RTX 4060 Ti,8,16,0,0,4.2,4.2,0.0,0.0,ddr5,0.0,0,0.0,8.0,1,4352,136,8.9,3.1,0.0,26.98,53.96,1,1,pcie4,16,1,0,12.81898,0.03634,0.81319,0.00273,98.48,"[12.82989, 12.81365, 12.80803, 12.80711, 12.92004, 12.81963, 12.81125, 12.79607, 12.77551, 12.80859]","[0.81908, 0.8113, 0.81461, 0.80945, 0.81433, 0.81325, 0.81451, 0.8134, 0.80905, 0.81295]",10,10,0,1230.6,cuda_max_memory_allocated,v2-uniform-warmup,938,10,2026-09-15T17:20:21,ijunsu,remeasure_v2,0,3.1,0.0,1579.0,3.11.9,Windows-10-10.0.26200-SP0,AMD64,2.7.1+cu118,11.8,90100,0,1,3.7.1,mkl,NVIDIA GeForce RTX 4060 Ti,610.62,0.22.1+cu118
resnet_mnist,ResNet_2221_w16,GPU(CUDA),"{'layers': [2, 2, 2, 1], 'base_width': 16}",405754,405754,402576,1290,1888,0,37,19,18,1,18,1,8,128,128,128.0,128,47940992,47940992,0.008463612934834556,1.5478,1623016,1,0,0,1,1,0,0,2,0,0,0,0,0,0,0,0,0,64,28,28,1,10,1,16,4.2,31.1,4352,8.0,1,2,resnet,3,1,1,128,0,0,0,0,0,0,mnist,float32,784,windows,nvidia,NVIDIA GeForce RTX 4060 Ti,8,16,0,0,4.2,4.2,0.0,0.0,ddr5,0.0,0,0.0,8.0,1,4352,136,8.9,3.1,0.0,26.98,53.96,1,1,pcie4,16,1,0,6.61442,0.31092,0.15246,0.00057,97.69,"[6.47259, 6.44755, 7.06427, 6.14991, 6.70468, 6.81392, 6.24884, 6.92185, 6.99219, 6.32841]","[0.1516, 0.15282, 0.15181, 0.15281, 0.15296, 0.15237, 0.15307, 0.15207, 0.15187, 0.15326]",10,10,0,469.3,cuda_max_memory_allocated,v2-uniform-warmup,938,10,2026-09-15T17:21:30,ijunsu,remeasure_v2,0,1.8,0.0,1652.0,3.11.9,Windows-10-10.0.26200-SP0,AMD64,2.7.1+cu118,11.8,90100,0,1,3.7.1,mkl,NVIDIA GeForce RTX 4060 Ti,610.62,0.22.1+cu118
resnet_mnist,ResNet_2221_w32,GPU(CUDA),"{'layers': [2, 2, 2, 1], 'base_width': 32}",1616362,1616362,1610016,2570,3776,0,37,19,18,1,18,1,8,256,256,256.0,256,190843648,190843648,0.008469561428630834,6.1659,6465448,1,0,0,1,1,0,0,2,0,0,0,0,0,0,0,0,0,64,28,28,1,10,1,16,4.2,31.1,4352,8.0,1,2,resnet,3,1,1,256,0,0,0,0,0,0,mnist,float32,784,windows,nvidia,NVIDIA GeForce RTX 4060 Ti,8,16,0,0,4.2,4.2,0.0,0.0,ddr5,0.0,0,0.0,8.0,1,4352,136,8.9,3.1,0.0,26.98,53.96,1,1,pcie4,16,1,0,6.36443,0.27461,0.4048,0.00078,98.38,"[6.73751, 5.96107, 6.30784, 6.65513, 6.36299, 6.39064, 5.95863, 6.63434, 6.07109, 6.56511]","[0.40478, 0.40369, 0.40487, 0.40434, 0.40555, 0.40481, 0.40617, 0.40503, 0.4053, 0.40343]",10,10,0,816.8,cuda_max_memory_allocated,v2-uniform-warmup,938,10,2026-09-15T17:22:40,ijunsu,remeasure_v2,0,0.9,0.0,1572.0,3.11.9,Windows-10-10.0.26200-SP0,AMD64,2.7.1+cu118,11.8,90100,0,1,3.7.1,mkl,NVIDIA GeForce RTX 4060 Ti,610.62,0.22.1+cu118
resnet_mnist,ResNet_2221_w64,GPU(CUDA),"{'layers': [2, 2, 2, 1], 'base_width': 64}",6452170,6452170,6439488,5130,7552,0,37,19,18,1,18,1,8,512,512,512.0,512,761533952,761533952,0.008472596636111636,24.6131,25808680,1,0,0,1,1,0,0,2,0,0,0,0,0,0,0,0,0,64,28,28,1,10,1,16,4.2,31.1,4352,8.0,1,2,resnet,3,1,1,512,0,0,0,0,0,0,mnist,float32,784,windows,nvidia,NVIDIA GeForce RTX 4060 Ti,8,16,0,0,4.2,4.2,0.0,0.0,ddr5,0.0,0,0.0,8.0,1,4352,136,8.9,3.1,0.0,26.98,53.96,1,1,pcie4,16,1,0,14.23429,0.0275,0.89456,0.00279,98.71,"[14.1743, 14.24316, 14.24913, 14.25829, 14.2158, 14.20498, 14.24382, 14.26943, 14.22703, 14.2569]","[0.89473, 0.89964, 0.89274, 0.89852, 0.89287, 0.89147, 0.89353, 0.89294, 0.89745, 0.89169]",10,10,0,1240.5,cuda_max_memory_allocated,v2-uniform-warmup,938,10,2026-09-15T17:25:13,ijunsu,remeasure_v2,0,3.3,0.0,1586.0,3.11.9,Windows-10-10.0.26200-SP0,AMD64,2.7.1+cu118,11.8,90100,0,1,3.7.1,mkl,NVIDIA GeForce RTX 4060 Ti,610.62,0.22.1+cu118
resnet_mnist,ResNet_2222_w16,GPU(CUDA),"{'layers': [2, 2, 2, 2], 'base_width': 16}",701178,701178,697488,1290,2400,0,41,21,20,1,20,1,9,128,128,128.0,128,57386368,57386368,0.012218546397639245,2.6748,2804712,1,0,0,1,1,0,0,2,0,0,0,0,0,0,0,0,0,64,28,28,1,10,1,16,4.2,31.1,4352,8.0,1,2,resnet,3,1,1,128,0,0,0,0,0,0,mnist,float32,784,windows,nvidia,NVIDIA GeForce RTX 4060 Ti,8,16,0,0,4.2,4.2,0.0,0.0,ddr5,0.0,0,0.0,8.0,1,4352,136,8.9,3.1,0.0,26.98,53.96,1,1,pcie4,16,1,0,7.32448,0.24048,0.16031,0.00078,98.3,"[6.90622, 7.55833, 7.75544, 7.31492, 7.29489, 7.05734, 7.39936, 7.4782, 7.39357, 7.08651]","[0.1602, 0.15942, 0.15954, 0.16091, 0.15922, 0.16064, 0.16033, 0.16206, 0.16051, 0.16025]",10,10,0,471.6,cuda_max_memory_allocated,v2-uniform-warmup,938,10,2026-09-15T17:26:29,ijunsu,remeasure_v2,0,0.7,0.0,1660.0,3.11.9,Windows-10-10.0.26200-SP0,AMD64,2.7.1+cu118,11.8,90100,0,1,3.7.1,mkl,NVIDIA GeForce RTX 4060 Ti,610.62,0.22.1+cu118
resnet_mnist,ResNet_2222_w32,GPU(CUDA),"{'layers': [2, 2, 2, 2], 'base_width': 32}",2797034,2797034,2789664,2570,4800,0,41,21,20,1,20,1,9,256,256,256.0,256,228608768,228608768,0.012235025036310068,10.6698,11188136,1,0,0,1,1,0,0,2,0,0,0,0,0,0,0,0,0,64,28,28,1,10,1,16,4.2,31.1,4352,8.0,1,2,resnet,3,1,1,256,0,0,0,0,0,0,mnist,float32,784,windows,nvidia,NVIDIA GeForce RTX 4060 Ti,8,16,0,0,4.2,4.2,0.0,0.0,ddr5,0.0,0,0.0,8.0,1,4352,136,8.9,3.1,0.0,26.98,53.96,1,1,pcie4,16,1,0,6.92801,0.41847,0.43169,0.00202,98.64,"[6.93553, 6.5834, 7.32179, 7.19899, 6.21935, 7.52325, 6.52085, 7.10037, 7.35763, 6.51896]","[0.43223, 0.43006, 0.43067, 0.43129, 0.43085, 0.431, 0.43005, 0.43129, 0.43738, 0.43206]",10,10,0,824.9,cuda_max_memory_allocated,v2-uniform-warmup,938,10,2026-09-15T17:27:45,ijunsu,remeasure_v2,0,1.4,1.0,1574.0,3.11.9,Windows-10-10.0.26200-SP0,AMD64,2.7.1+cu118,11.8,90100,0,1,3.7.1,mkl,NVIDIA GeForce RTX 4060 Ti,610.62,0.22.1+cu118
resnet_mnist,ResNet_2222_w64,GPU(CUDA),"{'layers': [2, 2, 2, 2], 'base_width': 64}",11172810,11172810,11158080,5130,9600,0,41,21,20,1,20,1,9,512,512,512.0,512,912561664,912561664,0.012243347973907437,42.6209,44691240,1,0,0,1,1,0,0,2,0,0,0,0,0,0,0,0,0,64,28,28,1,10,1,16,4.2,31.1,4352,8.0,1,2,resnet,3,1,1,512,0,0,0,0,0,0,mnist,float32,784,windows,nvidia,NVIDIA GeForce RTX 4060 Ti,8,16,0,0,4.2,4.2,0.0,0.0,ddr5,0.0,0,0.0,8.0,1,4352,136,8.9,3.1,0.0,26.98,53.96,1,1,pcie4,16,1,0,16.39356,0.12146,0.9942,0.01337,98.92,"[16.3202, 16.34037, 16.35483, 16.39662, 16.75282, 16.36334, 16.33503, 16.3632, 16.3692, 16.33996]","[0.98559, 0.98845, 0.98916, 1.02728, 1.01238, 0.98853, 0.99184, 0.98568, 0.9853, 0.98774]",10,10,0,1276.2,cuda_max_memory_allocated,v2-uniform-warmup,938,10,2026-09-15T17:30:41,ijunsu,remeasure_v2,0,0.7,1.0,1606.0,3.11.9,Windows-10-10.0.26200-SP0,AMD64,2.7.1+cu118,11.8,90100,0,1,3.7.1,mkl,NVIDIA GeForce RTX 4060 Ti,610.62,0.22.1+cu118
resnet_mnist,ResNet_3333_w16,GPU(CUDA),"{'layers': [3, 3, 3, 3], 'base_width': 16}",1093818,1093818,1089168,1290,3360,0,57,29,28,1,28,1,13,128,128,128.0,128,88595584,88595584,0.012346190979451076,4.1726,4375272,1,0,0,1,1,0,0,2,0,0,0,0,0,0,0,0,0,64,28,28,1,10,1,16,4.2,31.1,4352,8.0,1,2,resnet,3,1,1,128,0,0,0,0,0,0,mnist,float32,784,windows,nvidia,NVIDIA GeForce RTX 4060 Ti,8,16,0,0,4.2,4.2,0.0,0.0,ddr5,0.0,0,0.0,8.0,1,4352,136,8.9,3.1,0.0,26.98,53.96,1,1,pcie4,16,1,0,10.13007,0.5072,0.23154,0.00238,98.21,"[10.07869, 10.21012, 9.59856, 11.02134, 9.48671, 10.90464, 9.61134, 10.48729, 9.87391, 10.02811]","[0.22965, 0.23102, 0.23183, 0.23188, 0.22966, 0.23411, 0.23743, 0.22961, 0.22992, 0.2303]",10,10,0,474.6,cuda_max_memory_allocated,v2-uniform-warmup,938,10,2026-09-15T17:32:26,ijunsu,remeasure_v2,0,0.7,0.0,1698.0,3.11.9,Windows-10-10.0.26200-SP0,AMD64,2.7.1+cu118,11.8,90100,0,1,3.7.1,mkl,NVIDIA GeForce RTX 4060 Ti,610.62,0.22.1+cu118
resnet_mnist,ResNet_3333_w32,GPU(CUDA),"{'layers': [3, 3, 3, 3], 'base_width': 32}",4365674,4365674,4356384,2570,6720,0,57,29,28,1,28,1,13,256,256,256.0,256,353253632,353253632,0.012358468829557568,16.6537,17462696,1,0,0,1,1,0,0,2,0,0,0,0,0,0,0,0,0,64,28,28,1,10,1,16,4.2,31.1,4352,8.0,1,2,resnet,3,1,1,256,0,0,0,0,0,0,mnist,float32,784,windows,nvidia,NVIDIA GeForce RTX 4060 Ti,8,16,0,0,4.2,4.2,0.0,0.0,ddr5,0.0,0,0.0,8.0,1,4352,136,8.9,3.1,0.0,26.98,53.96,1,1,pcie4,16,1,0,9.385,0.54122,0.6307,0.00233,98.72,"[9.77214, 9.08416, 9.06162, 9.45575, 9.11913, 9.8739, 8.58364, 10.20863, 8.65783, 10.03322]","[0.6325, 0.62986, 0.62883, 0.62949, 0.62744, 0.63517, 0.62769, 0.63267, 0.63154, 0.63179]",10,10,0,836.9,cuda_max_memory_allocated,v2-uniform-warmup,938,10,2026-09-15T17:34:08,ijunsu,remeasure_v2,0,2.0,0.0,1580.0,3.11.9,Windows-10-10.0.26200-SP0,AMD64,2.7.1+cu118,11.8,90100,0,1,3.7.1,mkl,NVIDIA GeForce RTX 4060 Ti,610.62,0.22.1+cu118
resnet_mnist,ResNet_3333_w64,GPU(CUDA),"{'layers': [3, 3, 3, 3], 'base_width': 64}",17443530,17443530,17424960,5130,13440,0,57,29,28,1,28,1,13,512,512,512.0,512,1410757120,1410757120,0.012364658489194795,66.5418,69774120,1,0,0,1,1,0,0,2,0,0,0,0,0,0,0,0,0,64,28,28,1,10,1,16,4.2,31.1,4352,8.0,1,2,resnet,3,1,1,512,0,0,0,0,0,0,mnist,float32,784,windows,nvidia,NVIDIA GeForce RTX 4060 Ti,8,16,0,0,4.2,4.2,0.0,0.0,ddr5,0.0,0,0.0,8.0,1,4352,136,8.9,3.1,0.0,26.98,53.96,1,1,pcie4,16,1,0,24.22691,0.0359,1.45061,0.00264,98.71,"[24.18145, 24.20153, 24.23689, 24.21909, 24.19692, 24.27924, 24.23466, 24.17868, 24.25987, 24.28082]","[1.45392, 1.44848, 1.44803, 1.44864, 1.45473, 1.45236, 1.44974, 1.45388, 1.44853, 1.44782]",10,10,0,1325.8,cuda_max_memory_allocated,v2-uniform-warmup,938,10,2026-09-15T17:38:27,ijunsu,remeasure_v2,0,0.5,0.0,1610.0,3.11.9,Windows-10-10.0.26200-SP0,AMD64,2.7.1+cu118,11.8,90100,0,1,3.7.1,mkl,NVIDIA GeForce RTX 4060 Ti,610.62,0.22.1+cu118
mobilenet_mnist,MobileNet_w0.25_b3,GPU(CUDA),"{'width_mult': 0.25, 'num_blocks': 3}",4362,4362,3120,650,592,0,21,11,10,1,10,1,7,64,64,64.0,64,2121216,2121216,0.0020563676683562635,0.0166,17448,1,1,0,1,1,0,0,3,0,0,0,0,0,0,0,0,0,64,28,28,1,10,1,16,4.2,31.1,4352,8.0,1,3,mobilenet,2,1,0,64,0,0,0,0,0,0,mnist,float32,784,windows,nvidia,NVIDIA GeForce RTX 4060 Ti,8,16,0,0,4.2,4.2,0.0,0.0,ddr5,0.0,0,0.0,8.0,1,4352,136,8.9,3.1,0.0,26.98,53.96,1,1,pcie4,16,1,0,3.24708,0.191,0.10271,0.00064,30.7,"[3.11265, 3.04985, 3.10445, 3.1294, 3.26559, 3.19483, 3.40091, 3.5951, 3.55205, 3.06601]","[0.1023, 0.10217, 0.10298, 0.102, 0.10232, 0.10228, 0.10398, 0.10341, 0.10337, 0.10227]",10,10,0,562.2,cuda_max_memory_allocated,v2-uniform-warmup,938,10,2026-09-15T17:39:02,ijunsu,remeasure_v2,0,0.7,0.0,1770.0,3.11.9,Windows-10-10.0.26200-SP0,AMD64,2.7.1+cu118,11.8,90100,0,1,3.7.1,mkl,NVIDIA GeForce RTX 4060 Ti,610.62,0.22.1+cu118
mobilenet_mnist,MobileNet_w0.25_b5,GPU(CUDA),"{'width_mult': 0.25, 'num_blocks': 5}",12330,12330,10432,650,1248,0,33,17,16,1,16,1,11,96,96,96.0,96,2827600,2827600,0.00436058848493422,0.047,49320,1,1,0,1,1,0,0,3,0,0,0,0,0,0,0,0,0,64,28,28,1,10,1,16,4.2,31.1,4352,8.0,1,3,mobilenet,2,1,0,96,0,0,0,0,0,0,mnist,float32,784,windows,nvidia,NVIDIA GeForce RTX 4060 Ti,8,16,0,0,4.2,4.2,0.0,0.0,ddr5,0.0,0,0.0,8.0,1,4352,136,8.9,3.1,0.0,26.98,53.96,1,1,pcie4,16,1,0,4.84042,0.29437,0.11607,0.00327,56.0,"[4.7695, 5.12762, 4.8556, 4.85212, 5.47634, 4.70607, 4.96486, 4.78961, 4.39096, 4.47146]","[0.12282, 0.11572, 0.11605, 0.11722, 0.12086, 0.11508, 0.11282, 0.11495, 0.11228, 0.11294]",10,10,0,562.3,cuda_max_memory_allocated,v2-uniform-warmup,938,10,2026-09-15T17:39:53,ijunsu,remeasure_v2,0,0.6,0.0,1562.0,3.11.9,Windows-10-10.0.26200-SP0,AMD64,2.7.1+cu118,11.8,90100,0,1,3.7.1,mkl,NVIDIA GeForce RTX 4060 Ti,610.62,0.22.1+cu118
mobilenet_mnist,MobileNet_w0.25_b7,GPU(CUDA),"{'width_mult': 0.25, 'num_blocks': 7}",39754,39754,36368,650,2736,0,45,23,22,1,22,1,15,192,192,192.0,192,5442240,5442240,0.0073047127653319225,0.1516,159016,1,1,0,1,1,0,0,3,0,0,0,0,0,0,0,0,0,64,28,28,1,10,1,16,4.2,31.1,4352,8.0,1,3,mobilenet,2,1,0,192,0,0,0,0,0,0,mnist,float32,784,windows,nvidia,NVIDIA GeForce RTX 4060 Ti,8,16,0,0,4.2,4.2,0.0,0.0,ddr5,0.0,0,0.0,8.0,1,4352,136,8.9,3.1,0.0,26.98,53.96,1,1,pcie4,16,1,0,6.59698,0.40145,0.14777,0.00274,80.25,"[7.35221, 6.22932, 6.62211, 6.45641, 6.52294, 6.68418, 5.93747, 7.10291, 6.23698, 6.82529]","[0.15146, 0.14511, 0.14656, 0.14609, 0.15058, 0.1444, 0.14683, 0.15111, 0.14472, 0.15084]",10,10,0,562.6,cuda_max_memory_allocated,v2-uniform-warmup,938,10,2026-09-15T17:41:02,ijunsu,remeasure_v2,0,4.7,1.0,1562.0,3.11.9,Windows-10-10.0.26200-SP0,AMD64,2.7.1+cu118,11.8,90100,0,1,3.7.1,mkl,NVIDIA GeForce RTX 4060 Ti,610.62,0.22.1+cu118
mobilenet_mnist,MobileNet_w0.25_b10,GPU(CUDA),"{'width_mult': 0.25, 'num_blocks': 10}",144250,144250,137072,650,6528,0,63,32,31,1,31,1,21,336,336,336.0,336,15497040,15497040,0.00930822918441199,0.5503,577000,1,1,0,1,1,0,0,3,0,0,0,0,0,0,0,0,0,64,28,28,1,10,1,16,4.2,31.1,4352,8.0,1,3,mobilenet,2,1,0,336,0,0,0,0,0,0,mnist,float32,784,windows,nvidia,NVIDIA GeForce RTX 4060 Ti,8,16,0,0,4.2,4.2,0.0,0.0,ddr5,0.0,0,0.0,8.0,1,4352,136,8.9,3.1,0.0,26.98,53.96,1,1,pcie4,16,1,0,8.91745,0.4438,0.23543,0.00074,88.95,"[9.16908, 8.65244, 8.58055, 9.65151, 8.44957, 9.45541, 8.90319, 8.55728, 9.39847, 8.35705]","[0.23636, 0.2343, 0.23572, 0.23524, 0.23472, 0.23555, 0.23686, 0.23465, 0.23519, 0.23568]",10,10,0,563.4,cuda_max_memory_allocated,v2-uniform-warmup,938,10,2026-09-15T17:42:35,ijunsu,remeasure_v2,0,7.0,1.0,1564.0,3.11.9,Windows-10-10.0.26200-SP0,AMD64,2.7.1+cu118,11.8,90100,0,1,3.7.1,mkl,NVIDIA GeForce RTX 4060 Ti,610.62,0.22.1+cu118
mobilenet_mnist,MobileNet_w0.5_b3,GPU(CUDA),"{'width_mult': 0.5, 'num_blocks': 3}",8682,8682,6520,1290,872,0,21,11,10,1,10,1,7,128,128,128.0,128,3773600,3773600,0.0023007207971168114,0.0331,34728,1,1,0,1,1,0,0,3,0,0,0,0,0,0,0,0,0,64,28,28,1,10,1,16,4.2,31.1,4352,8.0,1,3,mobilenet,2,1,0,128,0,0,0,0,0,0,mnist,float32,784,windows,nvidia,NVIDIA GeForce RTX 4060 Ti,8,16,0,0,4.2,4.2,0.0,0.0,ddr5,0.0,0,0.0,8.0,1,4352,136,8.9,3.1,0.0,26.98,53.96,1,1,pcie4,16,1,0,3.21333,0.25038,0.13908,0.00092,41.76,"[3.56679, 3.54099, 3.06485, 2.9833, 2.97706, 2.89458, 3.08078, 3.24732, 3.18648, 3.5912]","[0.14034, 0.13926, 0.13865, 0.1401, 0.13975, 0.13843, 0.13809, 0.1381, 0.13785, 0.14025]",10,10,0,586.4,cuda_max_memory_allocated,v2-uniform-warmup,938,10,2026-09-15T17:43:10,ijunsu,remeasure_v2,0,0.7,0.0,1564.0,3.11.9,Windows-10-10.0.26200-SP0,AMD64,2.7.1+cu118,11.8,90100,0,1,3.7.1,mkl,NVIDIA GeForce RTX 4060 Ti,610.62,0.22.1+cu118
mobilenet_mnist,MobileNet_w0.5_b5,GPU(CUDA),"{'width_mult': 0.5, 'num_blocks': 5}",36650,36650,33176,1290,2184,0,33,17,16,1,16,1,11,192,192,192.0,192,6290240,6290240,0.0058264867477234574,0.1398,146600,1,1,0,1,1,0,0,3,0,0,0,0,0,0,0,0,0,64,28,28,1,10,1,16,4.2,31.1,4352,8.0,1,3,mobilenet,2,1,0,192,0,0,0,0,0,0,mnist,float32,784,windows,nvidia,NVIDIA GeForce RTX 4060 Ti,8,16,0,0,4.2,4.2,0.0,0.0,ddr5,0.0,0,0.0,8.0,1,4352,136,8.9,3.1,0.0,26.98,53.96,1,1,pcie4,16,1,0,4.91311,0.22557,0.16251,0.00063,75.03,"[5.15664, 4.52518, 4.95377, 4.98508, 4.71141, 4.90319, 5.07608, 4.56457, 5.20299, 5.05219]","[0.16207, 0.16241, 0.16329, 0.16173, 0.16173, 0.162, 0.16259, 0.16322, 0.16241, 0.1636]",10,10,0,586.6,cuda_max_memory_allocated,v2-uniform-warmup,938,10,2026-09-15T17:44:03,ijunsu,remeasure_v2,0,1.1,1.0,1564.0,3.11.9,Windows-10-10.0.26200-SP0,AMD64,2.7.1+cu118,11.8,90100,0,1,3.7.1,mkl,NVIDIA GeForce RTX 4060 Ti,610.62,0.22.1+cu118
mobilenet_mnist,MobileNet_w0.5_b7,GPU(CUDA),"{'width_mult': 0.5, 'num_blocks': 7}",137322,137322,130872,1290,5160,0,45,23,22,1,22,1,15,384,384,384.0,384,16010272,16010272,0.008577118489929465,0.5238,549288,1,1,0,1,1,0,0,3,0,0,0,0,0,0,0,0,0,64,28,28,1,10,1,16,4.2,31.1,4352,8.0,1,3,mobilenet,2,1,0,384,0,0,0,0,0,0,mnist,float32,784,windows,nvidia,NVIDIA GeForce RTX 4060 Ti,8,16,0,0,4.2,4.2,0.0,0.0,ddr5,0.0,0,0.0,8.0,1,4352,136,8.9,3.1,0.0,26.98,53.96,1,1,pcie4,16,1,0,6.60124,0.36176,0.23466,0.00125,92.2,"[6.06378, 6.98793, 6.81787, 6.17387, 6.55888, 6.7799, 6.97595, 6.12479, 7.0698, 6.45964]","[0.23363, 0.23806, 0.23369, 0.23498, 0.2337, 0.23434, 0.23455, 0.23374, 0.23481, 0.23511]",10,10,0,587.4,cuda_max_memory_allocated,v2-uniform-warmup,938,10,2026-09-15T17:45:13,ijunsu,remeasure_v2,0,1.3,0.0,1564.0,3.11.9,Windows-10-10.0.26200-SP0,AMD64,2.7.1+cu118,11.8,90100,0,1,3.7.1,mkl,NVIDIA GeForce RTX 4060 Ti,610.62,0.22.1+cu118
mobilenet_mnist,MobileNet_w0.5_b10,GPU(CUDA),"{'width_mult': 0.5, 'num_blocks': 10}",532170,532170,518136,1290,12744,0,63,32,31,1,31,1,21,672,672,672.0,672,54333760,54333760,0.00979446296372642,2.0301,2128680,1,1,0,1,1,0,0,3,0,0,0,0,0,0,0,0,0,64,28,28,1,10,1,16,4.2,31.1,4352,8.0,1,3,mobilenet,2,1,0,672,0,0,0,0,0,0,mnist,float32,784,windows,nvidia,NVIDIA GeForce RTX 4060 Ti,8,16,0,0,4.2,4.2,0.0,0.0,ddr5,0.0,0,0.0,8.0,1,4352,136,8.9,3.1,0.0,26.98,53.96,1,1,pcie4,16,1,0,8.90607,0.30391,0.43205,0.00208,95.59,"[9.1942, 8.65339, 8.76972, 9.02595, 9.11219, 8.29701, 8.94435, 9.37105, 8.61672, 9.07612]","[0.4336, 0.43084, 0.43043, 0.43166, 0.43061, 0.43112, 0.43096, 0.43143, 0.43773, 0.43211]",10,10,0,590.4,cuda_max_memory_allocated,v2-uniform-warmup,938,10,2026-09-15T17:46:48,ijunsu,remeasure_v2,0,2.2,0.0,1573.0,3.11.9,Windows-10-10.0.26200-SP0,AMD64,2.7.1+cu118,11.8,90100,0,1,3.7.1,mkl,NVIDIA GeForce RTX 4060 Ti,610.62,0.22.1+cu118
mobilenet_mnist,MobileNet_w0.75_b3,GPU(CUDA),"{'width_mult': 0.75, 'num_blocks': 3}",16882,16882,13644,1930,1308,0,21,11,10,1,10,1,7,192,192,192.0,192,7626672,7626672,0.002213547403113704,0.0644,67528,1,1,0,1,1,0,0,3,0,0,0,0,0,0,0,0,0,64,28,28,1,10,1,16,4.2,31.1,4352,8.0,1,3,mobilenet,2,1,0,192,0,0,0,0,0,0,mnist,float32,784,windows,nvidia,NVIDIA GeForce RTX 4060 Ti,8,16,0,0,4.2,4.2,0.0,0.0,ddr5,0.0,0,0.0,8.0,1,4352,136,8.9,3.1,0.0,26.98,53.96,1,1,pcie4,16,1,0,3.01968,0.24231,0.20715,0.00073,48.8,"[2.88232, 3.42404, 3.40381, 2.88772, 2.89255, 3.17118, 3.15907, 2.77691, 2.68678, 2.91244]","[0.20827, 0.20763, 0.20687, 0.20658, 0.20671, 0.20635, 0.20758, 0.20843, 0.2066, 0.20644]",10,10,0,766.5,cuda_max_memory_allocated,v2-uniform-warmup,938,10,2026-09-15T17:47:22,ijunsu,remeasure_v2,0,1.2,0.0,1578.0,3.11.9,Windows-10-10.0.26200-SP0,AMD64,2.7.1+cu118,11.8,90100,0,1,3.7.1,mkl,NVIDIA GeForce RTX 4060 Ti,610.62,0.22.1+cu118
mobilenet_mnist,MobileNet_w0.75_b5,GPU(CUDA),"{'width_mult': 0.75, 'num_blocks': 5}",76882,76882,71676,1930,3276,0,33,17,16,1,16,1,11,288,288,288.0,288,13057440,13057440,0.005887984168412797,0.2933,307528,1,1,0,1,1,0,0,3,0,0,0,0,0,0,0,0,0,64,28,28,1,10,1,16,4.2,31.1,4352,8.0,1,3,mobilenet,2,1,0,288,0,0,0,0,0,0,mnist,float32,784,windows,nvidia,NVIDIA GeForce RTX 4060 Ti,8,16,0,0,4.2,4.2,0.0,0.0,ddr5,0.0,0,0.0,8.0,1,4352,136,8.9,3.1,0.0,26.98,53.96,1,1,pcie4,16,1,0,4.70432,0.28274,0.24667,0.00095,85.19,"[5.12695, 4.57995, 4.41952, 4.5267, 4.34087, 4.57051, 5.27297, 4.728, 4.64846, 4.82931]","[0.2456, 0.24634, 0.24639, 0.24537, 0.24705, 0.247, 0.24807, 0.24735, 0.24807, 0.24548]",10,10,0,766.9,cuda_max_memory_allocated,v2-uniform-warmup,938,10,2026-09-15T17:48:13,ijunsu,remeasure_v2,0,0.4,0.0,1564.0,3.11.9,Windows-10-10.0.26200-SP0,AMD64,2.7.1+cu118,11.8,90100,0,1,3.7.1,mkl,NVIDIA GeForce RTX 4060 Ti,610.62,0.22.1+cu118
mobilenet_mnist,MobileNet_w0.75_b7,GPU(CUDA),"{'width_mult': 0.75, 'num_blocks': 7}",296626,296626,286956,1930,7740,0,45,23,22,1,22,1,15,576,576,576.0,576,34373616,34373616,0.008629467438048996,1.1315,1186504,1,1,0,1,1,0,0,3,0,0,0,0,0,0,0,0,0,64,28,28,1,10,1,16,4.2,31.1,4352,8.0,1,3,mobilenet,2,1,0,576,0,0,0,0,0,0,mnist,float32,784,windows,nvidia,NVIDIA GeForce RTX 4060 Ti,8,16,0,0,4.2,4.2,0.0,0.0,ddr5,0.0,0,0.0,8.0,1,4352,136,8.9,3.1,0.0,26.98,53.96,1,1,pcie4,16,1,0,6.30718,0.40331,0.36223,0.00297,95.16,"[6.51828, 6.55505, 6.1877, 5.97404, 6.80111, 5.72636, 6.97247, 6.3754, 6.25775, 5.70362]","[0.36124, 0.36085, 0.36081, 0.3618, 0.36025, 0.36216, 0.36152, 0.36027, 0.37087, 0.36258]",10,10,0,768.6,cuda_max_memory_allocated,v2-uniform-warmup,938,10,2026-09-15T17:49:21,ijunsu,remeasure_v2,0,0.8,0.0,1571.0,3.11.9,Windows-10-10.0.26200-SP0,AMD64,2.7.1+cu118,11.8,90100,0,1,3.7.1,mkl,NVIDIA GeForce RTX 4060 Ti,610.62,0.22.1+cu118
mobilenet_mnist,MobileNet_w0.75_b10,GPU(CUDA),"{'width_mult': 0.75, 'num_blocks': 10}",1167682,1167682,1146636,1930,19116,0,63,32,31,1,31,1,21,1008,1008,1008.0,1008,119179680,119179680,0.009797660138036953,4.4544,4670728,1,1,0,1,1,0,0,3,0,0,0,0,0,0,0,0,0,64,28,28,1,10,1,16,4.2,31.1,4352,8.0,1,3,mobilenet,2,1,0,1008,0,0,0,0,0,0,mnist,float32,784,windows,nvidia,NVIDIA GeForce RTX 4060 Ti,8,16,0,0,4.2,4.2,0.0,0.0,ddr5,0.0,0,0.0,8.0,1,4352,136,8.9,3.1,0.0,26.98,53.96,1,1,pcie4,16,1,0,9.92397,0.01251,0.65577,0.00139,96.77,"[9.90259, 9.91878, 9.91096, 9.93022, 9.9323, 9.91773, 9.92696, 9.92393, 9.95143, 9.92484]","[0.65573, 0.65559, 0.65657, 0.65782, 0.6541, 0.65517, 0.6543, 0.6557, 0.65842, 0.65428]",10,10,0,775.3,cuda_max_memory_allocated,v2-uniform-warmup,938,10,2026-09-15T17:51:09,ijunsu,remeasure_v2,0,0.4,0.0,1578.0,3.11.9,Windows-10-10.0.26200-SP0,AMD64,2.7.1+cu118,11.8,90100,0,1,3.7.1,mkl,NVIDIA GeForce RTX 4060 Ti,610.62,0.22.1+cu118
mobilenet_mnist,MobileNet_w1.0_b3,GPU(CUDA),"{'width_mult': 1.0, 'num_blocks': 3}",27658,27658,23344,2570,1744,0,21,11,10,1,10,1,7,256,256,256.0,256,12790592,12790592,0.002162370592385403,0.1055,110632,1,1,0,1,1,0,0,3,0,0,0,0,0,0,0,0,0,64,28,28,1,10,1,16,4.2,31.1,4352,8.0,1,3,mobilenet,2,1,0,256,0,0,0,0,0,0,mnist,float32,784,windows,nvidia,NVIDIA GeForce RTX 4060 Ti,8,16,0,0,4.2,4.2,0.0,0.0,ddr5,0.0,0,0.0,8.0,1,4352,136,8.9,3.1,0.0,26.98,53.96,1,1,pcie4,16,1,0,3.201,0.09176,0.27653,0.0011,56.04,"[3.14366, 3.14628, 3.2542, 3.3993, 3.34203, 3.14496, 3.14276, 3.15462, 3.1445, 3.13774]","[0.2759, 0.27507, 0.27768, 0.27883, 0.27667, 0.2772, 0.27584, 0.27509, 0.27655, 0.27643]",10,10,0,946.6,cuda_max_memory_allocated,v2-uniform-warmup,938,10,2026-09-15T17:51:45,ijunsu,remeasure_v2,0,6.5,0.0,1582.0,3.11.9,Windows-10-10.0.26200-SP0,AMD64,2.7.1+cu118,11.8,90100,0,1,3.7.1,mkl,NVIDIA GeForce RTX 4060 Ti,610.62,0.22.1+cu118
mobilenet_mnist,MobileNet_w1.0_b5,GPU(CUDA),"{'width_mult': 1.0, 'num_blocks': 5}",131722,131722,124784,2570,4368,0,33,17,16,1,16,1,11,384,384,384.0,384,22239360,22239360,0.005922922242366687,0.5025,526888,1,1,0,1,1,0,0,3,0,0,0,0,0,0,0,0,0,64,28,28,1,10,1,16,4.2,31.1,4352,8.0,1,3,mobilenet,2,1,0,384,0,0,0,0,0,0,mnist,float32,784,windows,nvidia,NVIDIA GeForce RTX 4060 Ti,8,16,0,0,4.2,4.2,0.0,0.0,ddr5,0.0,0,0.0,8.0,1,4352,136,8.9,3.1,0.0,26.98,53.96,1,1,pcie4,16,1,0,4.74714,0.32626,0.33128,0.00197,88.71,"[4.77225, 5.13932, 4.55425, 4.20167, 5.06666, 4.84929, 4.33128, 5.11509, 4.99741, 4.44414]","[0.3311, 0.33537, 0.32927, 0.32956, 0.33075, 0.33458, 0.32948, 0.33091, 0.331, 0.33075]",10,10,0,947.4,cuda_max_memory_allocated,v2-uniform-warmup,938,10,2026-09-15T17:52:38,ijunsu,remeasure_v2,0,4.7,1.0,1564.0,3.11.9,Windows-10-10.0.26200-SP0,AMD64,2.7.1+cu118,11.8,90100,0,1,3.7.1,mkl,NVIDIA GeForce RTX 4060 Ti,610.62,0.22.1+cu118
mobilenet_mnist,MobileNet_w1.0_b7,GPU(CUDA),"{'width_mult': 1.0, 'num_blocks': 7}",516362,516362,503472,2570,10320,0,45,23,22,1,22,1,15,768,768,768.0,768,59642432,59642432,0.008657628179883744,1.9698,2065448,1,1,0,1,1,0,0,3,0,0,0,0,0,0,0,0,0,64,28,28,1,10,1,16,4.2,31.1,4352,8.0,1,3,mobilenet,2,1,0,768,0,0,0,0,0,0,mnist,float32,784,windows,nvidia,NVIDIA GeForce RTX 4060 Ti,8,16,0,0,4.2,4.2,0.0,0.0,ddr5,0.0,0,0.0,8.0,1,4352,136,8.9,3.1,0.0,26.98,53.96,1,1,pcie4,16,1,0,6.72672,0.12587,0.47977,0.00259,96.05,"[6.71471, 6.62675, 6.75508, 6.93545, 6.6276, 6.64589, 6.62843, 6.9911, 6.64087, 6.7013]","[0.47762, 0.47775, 0.47895, 0.4855, 0.47802, 0.47941, 0.47859, 0.47969, 0.47818, 0.48397]",10,10,0,950.4,cuda_max_memory_allocated,v2-uniform-warmup,938,10,2026-09-15T17:53:51,ijunsu,remeasure_v2,0,2.4,0.0,1568.0,3.11.9,Windows-10-10.0.26200-SP0,AMD64,2.7.1+cu118,11.8,90100,0,1,3.7.1,mkl,NVIDIA GeForce RTX 4060 Ti,610.62,0.22.1+cu118
mobilenet_mnist,MobileNet_w1.0_b10,GPU(CUDA),"{'width_mult': 1.0, 'num_blocks': 10}",2049482,2049482,2021424,2570,25488,0,63,32,31,1,31,1,21,1344,1344,1344.0,1344,209144960,209144960,0.009799337263494181,7.8182,8197928,1,1,0,1,1,0,0,3,0,0,0,0,0,0,0,0,0,64,28,28,1,10,1,16,4.2,31.1,4352,8.0,1,3,mobilenet,2,1,0,1344,0,0,0,0,0,0,mnist,float32,784,windows,nvidia,NVIDIA GeForce RTX 4060 Ti,8,16,0,0,4.2,4.2,0.0,0.0,ddr5,0.0,0,0.0,8.0,1,4352,136,8.9,3.1,0.0,26.98,53.96,1,1,pcie4,16,1,0,13.9045,0.01377,0.89283,0.00258,97.26,"[13.86528, 13.9089, 13.91684, 13.90934, 13.90101, 13.91246, 13.90651, 13.90794, 13.91292, 13.90385]","[0.8976, 0.89058, 0.89428, 0.8905, 0.89119, 0.89061, 0.89195, 0.89702, 0.89075, 0.89383]",10,10,0,963.7,cuda_max_memory_allocated,v2-uniform-warmup,938,10,2026-09-15T17:56:21,ijunsu,remeasure_v2,0,0.5,0.0,1572.0,3.11.9,Windows-10-10.0.26200-SP0,AMD64,2.7.1+cu118,11.8,90100,0,1,3.7.1,mkl,NVIDIA GeForce RTX 4060 Ti,610.62,0.22.1+cu118
mobilenet_mnist,MobileNet_w1.5_b3,GPU(CUDA),"{'width_mult': 1.5, 'num_blocks': 3}",56938,56938,50472,3850,2616,0,21,11,10,1,10,1,7,384,384,384.0,384,27050976,27050976,0.002104840875242357,0.2172,227752,1,1,0,1,1,0,0,3,0,0,0,0,0,0,0,0,0,64,28,28,1,10,1,16,4.2,31.1,4352,8.0,1,3,mobilenet,2,1,0,384,0,0,0,0,0,0,mnist,float32,784,windows,nvidia,NVIDIA GeForce RTX 4060 Ti,8,16,0,0,4.2,4.2,0.0,0.0,ddr5,0.0,0,0.0,8.0,1,4352,136,8.9,3.1,0.0,26.98,53.96,1,1,pcie4,16,1,0,5.1875,0.00382,0.41365,0.00142,66.55,"[5.18752, 5.18641, 5.1928, 5.19111, 5.18538, 5.19005, 5.18789, 5.17855, 5.18515, 5.19018]","[0.41317, 0.41335, 0.41308, 0.41286, 0.4131, 0.41271, 0.41283, 0.41765, 0.41458, 0.41319]",10,10,0,1304.2,cuda_max_memory_allocated,v2-uniform-warmup,938,10,2026-09-15T17:57:19,ijunsu,remeasure_v2,0,2.6,0.0,1618.0,3.11.9,Windows-10-10.0.26200-SP0,AMD64,2.7.1+cu118,11.8,90100,0,1,3.7.1,mkl,NVIDIA GeForce RTX 4060 Ti,610.62,0.22.1+cu118
mobilenet_mnist,MobileNet_w1.5_b5,GPU(CUDA),"{'width_mult': 1.5, 'num_blocks': 5}",285226,285226,274824,3850,6552,0,33,17,16,1,16,1,11,576,576,576.0,576,47847360,47847360,0.0059611648375166365,1.0881,1140904,1,1,0,1,1,0,0,3,0,0,0,0,0,0,0,0,0,64,28,28,1,10,1,16,4.2,31.1,4352,8.0,1,3,mobilenet,2,1,0,576,0,0,0,0,0,0,mnist,float32,784,windows,nvidia,NVIDIA GeForce RTX 4060 Ti,8,16,0,0,4.2,4.2,0.0,0.0,ddr5,0.0,0,0.0,8.0,1,4352,136,8.9,3.1,0.0,26.98,53.96,1,1,pcie4,16,1,0,6.70044,0.0021,0.50062,0.00177,93.23,"[6.69972, 6.70077, 6.7009, 6.69656, 6.70082, 6.70036, 6.69878, 6.70122, 6.70539, 6.69993]","[0.50429, 0.49997, 0.49972, 0.50014, 0.50042, 0.49958, 0.5038, 0.49959, 0.4999, 0.49875]",10,10,0,1306.0,cuda_max_memory_allocated,v2-uniform-warmup,938,10,2026-09-15T17:58:33,ijunsu,remeasure_v2,0,0.3,0.0,1564.0,3.11.9,Windows-10-10.0.26200-SP0,AMD64,2.7.1+cu118,11.8,90100,0,1,3.7.1,mkl,NVIDIA GeForce RTX 4060 Ti,610.62,0.22.1+cu118
mobilenet_mnist,MobileNet_w1.5_b7,GPU(CUDA),"{'width_mult': 1.5, 'num_blocks': 7}",1137130,1137130,1117800,3850,15480,0,45,23,22,1,22,1,15,1152,1152,1152.0,1152,130896480,130896480,0.008687246593644076,4.3378,4548520,1,1,0,1,1,0,0,3,0,0,0,0,0,0,0,0,0,64,28,28,1,10,1,16,4.2,31.1,4352,8.0,1,3,mobilenet,2,1,0,1152,0,0,0,0,0,0,mnist,float32,784,windows,nvidia,NVIDIA GeForce RTX 4060 Ti,8,16,0,0,4.2,4.2,0.0,0.0,ddr5,0.0,0,0.0,8.0,1,4352,136,8.9,3.1,0.0,26.98,53.96,1,1,pcie4,16,1,0,10.81887,0.07015,0.73951,0.00625,96.84,"[10.81686, 10.78313, 10.91524, 10.98982, 10.80024, 10.78027, 10.77815, 10.77908, 10.7806, 10.76528]","[0.73641, 0.73715, 0.75713, 0.7436, 0.73689, 0.73799, 0.73732, 0.73667, 0.73502, 0.73695]",10,10,0,1313.1,cuda_max_memory_allocated,v2-uniform-warmup,938,10,2026-09-15T18:00:30,ijunsu,remeasure_v2,0,1.1,0.0,1570.0,3.11.9,Windows-10-10.0.26200-SP0,AMD64,2.7.1+cu118,11.8,90100,0,1,3.7.1,mkl,NVIDIA GeForce RTX 4060 Ti,610.62,0.22.1+cu118
mobilenet_mnist,MobileNet_w1.5_b10,GPU(CUDA),"{'width_mult': 1.5, 'num_blocks': 10}",4551946,4551946,4509864,3850,38232,0,63,32,31,1,31,1,21,2016,2016,2016.0,2016,464433600,464433600,0.00980106951779544,17.3643,18207784,1,1,0,1,1,0,0,3,0,0,0,0,0,0,0,0,0,64,28,28,1,10,1,16,4.2,31.1,4352,8.0,1,3,mobilenet,2,1,0,2016,0,0,0,0,0,0,mnist,float32,784,windows,nvidia,NVIDIA GeForce RTX 4060 Ti,8,16,0,0,4.2,4.2,0.0,0.0,ddr5,0.0,0,0.0,8.0,1,4352,136,8.9,3.1,0.0,26.98,53.96,1,1,pcie4,16,1,0,24.51746,0.01865,1.42296,0.00369,97.92,"[24.50055, 24.51094, 24.55741, 24.53906, 24.50302, 24.50238, 24.49786, 24.50994, 24.53109, 24.52236]","[1.427, 1.41836, 1.41958, 1.4274, 1.42871, 1.42093, 1.41819, 1.42362, 1.42103, 1.42476]",10,10,0,1343.7,cuda_max_memory_allocated,v2-uniform-warmup,938,10,2026-09-15T18:04:51,ijunsu,remeasure_v2,0,2.9,1.0,1588.0,3.11.9,Windows-10-10.0.26200-SP0,AMD64,2.7.1+cu118,11.8,90100,0,1,3.7.1,mkl,NVIDIA GeForce RTX 4060 Ti,610.62,0.22.1+cu118
transformer,ViT_d64_l2_h4_p4,GPU(CUDA),"{'img_size': 32, 'patch_size': 4, 'in_channels': 3, 'num_classes': 10, 'embed_dim': 64, 'num_layers': 2, 'num_heads': 4}",108106,108106,3136,100106,0,4864,10,10,1,9,0,0,2,64,64,64.0,256,3027304,3027304,0.035710321791270386,0.4124,432424,1,0,1,0,0,1,1,4,0,0,0,64,4,4,0,0,0,64,32,32,3,10,1,16,4.2,31.1,4352,8.0,1,4,vit,4,4,0,256,256,2,65,1,0,0,cifar10,float32,3072,windows,nvidia,NVIDIA GeForce RTX 4060 Ti,8,16,0,0,4.2,4.2,0.0,0.0,ddr5,0.0,0,0.0,8.0,1,4352,136,8.9,3.1,0.0,26.98,53.96,1,1,pcie1,8,1,0,3.29143,0.20713,0.11454,0.00082,32.81,"[3.61374, 3.18328, 3.04193, 3.07858, 3.45174, 3.53419, 3.50219, 3.10646, 3.08637, 3.31579]","[0.11523, 0.11386, 0.11498, 0.11326, 0.11629, 0.11489, 0.11438, 0.11394, 0.11392, 0.11462]",10,10,0,948.2,cuda_max_memory_allocated,v2-uniform-warmup,782,10,2026-09-15T18:05:34,ijunsu,remeasure_v2,0,1.3,0.0,2238.0,3.11.9,Windows-10-10.0.26200-SP0,AMD64,2.7.1+cu118,11.8,90100,0,1,3.7.1,mkl,NVIDIA GeForce RTX 4060 Ti,610.62,0.22.1+cu118
transformer,ViT_d64_l4_h4_p4,GPU(CUDA),"{'img_size': 32, 'patch_size': 4, 'in_channels': 3, 'num_classes': 10, 'embed_dim': 64, 'num_layers': 4, 'num_heads': 4}",208074,208074,3136,199562,0,5376,18,18,1,17,0,0,4,64,64,64.0,256,5639312,5639312,0.03689705410872816,0.7937,832296,1,0,1,0,0,1,1,4,0,0,0,64,4,4,0,0,0,64,32,32,3,10,1,16,4.2,31.1,4352,8.0,1,4,vit,4,4,0,256,256,4,65,1,0,0,cifar10,float32,3072,windows,nvidia,NVIDIA GeForce RTX 4060 Ti,8,16,0,0,4.2,4.2,0.0,0.0,ddr5,0.0,0,0.0,8.0,1,4352,136,8.9,3.1,0.0,26.98,53.96,1,1,pcie4,16,1,0,5.80585,0.364,0.21891,0.00086,32.5,"[6.21255, 5.41057, 5.82261, 6.1377, 5.39489, 5.28702, 6.29659, 5.58901, 5.70555, 6.20199]","[0.21849, 0.21901, 0.21771, 0.21773, 0.21903, 0.22016, 0.22053, 0.21898, 0.21881, 0.21861]",10,10,0,948.8,cuda_max_memory_allocated,v2-uniform-warmup,782,10,2026-09-15T18:06:36,ijunsu,remeasure_v2,0,1.9,1.0,2238.0,3.11.9,Windows-10-10.0.26200-SP0,AMD64,2.7.1+cu118,11.8,90100,0,1,3.7.1,mkl,NVIDIA GeForce RTX 4060 Ti,610.62,0.22.1+cu118
transformer,ViT_d64_l2_h4_p8,GPU(CUDA),"{'img_size': 32, 'patch_size': 8, 'in_channels': 3, 'num_classes': 10, 'embed_dim': 64, 'num_layers': 2, 'num_heads': 4}",114250,114250,12352,100106,0,1792,10,10,1,9,0,0,2,64,64,64.0,256,777832,777832,0.1468826173261064,0.4358,457000,1,0,1,0,0,1,1,4,0,0,0,64,4,8,0,0,0,64,32,32,3,10,1,16,4.2,31.1,4352,8.0,1,4,vit,8,8,0,256,256,2,17,1,0,0,cifar10,float32,3072,windows,nvidia,NVIDIA GeForce RTX 4060 Ti,8,16,0,0,4.2,4.2,0.0,0.0,ddr5,0.0,0,0.0,8.0,1,4352,136,8.9,3.1,0.0,26.98,53.96,1,1,pcie4,16,1,0,3.2834,0.21242,0.07163,0.03449,34.62,"[3.32851, 3.1449, 3.00989, 3.10093, 3.44395, 3.43174, 3.2483, 3.0022, 3.4225, 3.70107]","[0.05215, 0.04977, 0.04692, 0.04637, 0.13495, 0.05449, 0.05163, 0.04688, 0.13129, 0.10183]",10,10,0,773.4,cuda_max_memory_allocated,v2-uniform-warmup,782,10,2026-09-15T18:07:11,ijunsu,remeasure_v2,0,0.7,0.0,2238.0,3.11.9,Windows-10-10.0.26200-SP0,AMD64,2.7.1+cu118,11.8,90100,0,1,3.7.1,mkl,NVIDIA GeForce RTX 4060 Ti,610.62,0.22.1+cu118
transformer,ViT_d128_l2_h4_p4,GPU(CUDA),"{'img_size': 32, 'patch_size': 4, 'in_channels': 3, 'num_classes': 10, 'embed_dim': 128, 'num_layers': 2, 'num_heads': 4}",412810,412810,6272,396810,0,9728,10,10,1,9,0,0,2,128,128,128.0,512,6278824,6278824,0.06574638817714909,1.5747,1651240,1,0,1,0,0,1,1,4,0,0,0,128,4,4,0,0,0,64,32,32,3,10,1,16,4.2,31.1,4352,8.0,1,4,vit,4,4,0,512,512,2,65,1,0,0,cifar10,float32,3072,windows,nvidia,NVIDIA GeForce RTX 4060 Ti,8,16,0,0,4.2,4.2,0.0,0.0,ddr5,0.0,0,0.0,8.0,1,4352,136,8.9,3.1,0.0,26.98,53.96,1,1,pcie4,16,1,0,3.2914,0.24074,0.18611,0.00051,34.5,"[3.60474, 3.26407, 3.14127, 3.05339, 3.09683, 3.59307, 3.36427, 3.1434, 2.97795, 3.67496]","[0.1874, 0.18623, 0.18586, 0.18606, 0.18627, 0.18578, 0.18645, 0.18591, 0.18553, 0.18559]",10,10,0,1107.8,cuda_max_memory_allocated,v2-uniform-warmup,782,10,2026-09-15T18:07:47,ijunsu,remeasure_v2,0,0.4,0.0,2238.0,3.11.9,Windows-10-10.0.26200-SP0,AMD64,2.7.1+cu118,11.8,90100,0,1,3.7.1,mkl,NVIDIA GeForce RTX 4060 Ti,610.62,0.22.1+cu118
transformer,ViT_d128_l4_h4_p4,GPU(CUDA),"{'img_size': 32, 'patch_size': 4, 'in_channels': 3, 'num_classes': 10, 'embed_dim': 128, 'num_layers': 4, 'num_heads': 4}",809354,809354,6272,792330,0,10752,18,18,1,17,0,0,4,128,128,128.0,512,11727056,11727056,0.0690159576282402,3.0874,3237416,1,0,1,0,0,1,1,4,0,0,0,128,4,4,0,0,0,64,32,32,3,10,1,16,4.2,31.1,4352,8.0,1,4,vit,4,4,0,512,512,4,65,1,0,0,cifar10,float32,3072,windows,nvidia,NVIDIA GeForce RTX 4060 Ti,8,16,0,0,4.2,4.2,0.0,0.0,ddr5,0.0,0,0.0,8.0,1,4352,136,8.9,3.1,0.0,26.98,53.96,1,1,pcie4,16,1,0,5.71489,0.37582,0.35395,0.00156,34.17,"[6.16722, 5.55156, 5.21151, 6.20452, 5.5421, 5.58631, 6.12439, 5.67754, 5.08764, 5.99615]","[0.35313, 0.35461, 0.3528, 0.35241, 0.3533, 0.35376, 0.35408, 0.35826, 0.35338, 0.35381]",10,10,0,1110.8,cuda_max_memory_allocated,v2-uniform-warmup,782,10,2026-09-15T18:08:50,ijunsu,remeasure_v2,0,2.0,0.0,2240.0,3.11.9,Windows-10-10.0.26200-SP0,AMD64,2.7.1+cu118,11.8,90100,0,1,3.7.1,mkl,NVIDIA GeForce RTX 4060 Ti,610.62,0.22.1+cu118
transformer,ViT_d128_l6_h4_p4,GPU(CUDA),"{'img_size': 32, 'patch_size': 4, 'in_channels': 3, 'num_classes': 10, 'embed_dim': 128, 'num_layers': 6, 'num_heads': 4}",1205898,1205898,6272,1187850,0,11776,26,26,1,25,0,0,6,128,128,128.0,512,17175288,17175288,0.07021122440566935,4.6001,4823592,1,0,1,0,0,1,1,4,0,0,0,128,4,4,0,0,0,64,32,32,3,10,1,16,4.2,31.1,4352,8.0,1,4,vit,4,4,0,512,512,6,65,1,0,0,cifar10,float32,3072,windows,nvidia,NVIDIA GeForce RTX 4060 Ti,8,16,0,0,4.2,4.2,0.0,0.0,ddr5,0.0,0,0.0,8.0,1,4352,136,8.9,3.1,0.0,26.98,53.96,1,1,pcie4,16,1,0,8.03418,0.34814,0.52091,0.00216,34.09,"[7.87747, 8.43548, 8.08217, 7.69757, 8.36663, 8.01902, 8.38179, 7.39982, 8.41287, 7.66891]","[0.52027, 0.51993, 0.51966, 0.5244, 0.52577, 0.52031, 0.52064, 0.51974, 0.51895, 0.5194]",10,10,0,1113.8,cuda_max_memory_allocated,v2-uniform-warmup,782,10,2026-09-15T18:10:17,ijunsu,remeasure_v2,0,1.3,0.0,2248.0,3.11.9,Windows-10-10.0.26200-SP0,AMD64,2.7.1+cu118,11.8,90100,0,1,3.7.1,mkl,NVIDIA GeForce RTX 4060 Ti,610.62,0.22.1+cu118
transformer,ViT_d128_l2_h8_p4,GPU(CUDA),"{'img_size': 32, 'patch_size': 4, 'in_channels': 3, 'num_classes': 10, 'embed_dim': 128, 'num_layers': 2, 'num_heads': 8}",412810,412810,6272,396810,0,9728,10,10,1,9,0,0,2,128,128,128.0,512,6447824,6447824,0.06402314951524732,1.5747,1651240,1,0,1,0,0,1,1,4,0,0,0,128,8,4,0,0,0,64,32,32,3,10,1,16,4.2,31.1,4352,8.0,1,4,vit,4,4,0,512,512,2,65,1,0,0,cifar10,float32,3072,windows,nvidia,NVIDIA GeForce RTX 4060 Ti,8,16,0,0,4.2,4.2,0.0,0.0,ddr5,0.0,0,0.0,8.0,1,4352,136,8.9,3.1,0.0,26.98,53.96,1,1,pcie4,16,1,0,3.18825,0.22134,0.2275,0.00066,34.47,"[3.39952, 3.53238, 3.23654, 3.01416, 2.94775, 2.95435, 3.39233, 3.3642, 3.18326, 2.85805]","[0.22634, 0.22793, 0.22769, 0.22665, 0.22672, 0.22758, 0.22795, 0.22834, 0.22755, 0.22822]",10,10,0,1175.7,cuda_max_memory_allocated,v2-uniform-warmup,782,10,2026-09-15T18:10:53,ijunsu,remeasure_v2,0,6.5,0.0,2242.0,3.11.9,Windows-10-10.0.26200-SP0,AMD64,2.7.1+cu118,11.8,90100,0,1,3.7.1,mkl,NVIDIA GeForce RTX 4060 Ti,610.62,0.22.1+cu118
transformer,ViT_d128_l4_h8_p4,GPU(CUDA),"{'img_size': 32, 'patch_size': 4, 'in_channels': 3, 'num_classes': 10, 'embed_dim': 128, 'num_layers': 4, 'num_heads': 8}",809354,809354,6272,792330,0,10752,18,18,1,17,0,0,4,128,128,128.0,512,12065056,12065056,0.06708249012685892,3.0874,3237416,1,0,1,0,0,1,1,4,0,0,0,128,8,4,0,0,0,64,32,32,3,10,1,16,4.2,31.1,4352,8.0,1,4,vit,4,4,0,512,512,4,65,1,0,0,cifar10,float32,3072,windows,nvidia,NVIDIA GeForce RTX 4060 Ti,8,16,0,0,4.2,4.2,0.0,0.0,ddr5,0.0,0,0.0,8.0,1,4352,136,8.9,3.1,0.0,26.98,53.96,1,1,pcie4,16,1,0,5.61903,0.35632,0.43517,0.00075,34.65,"[5.65387, 6.14284, 5.33887, 5.23258, 6.15843, 5.43329, 5.40739, 6.06976, 5.57069, 5.18264]","[0.43452, 0.43478, 0.43595, 0.43555, 0.43685, 0.43516, 0.43496, 0.43446, 0.43424, 0.43526]",10,10,0,1178.7,cuda_max_memory_allocated,v2-uniform-warmup,782,10,2026-09-15T18:11:55,ijunsu,remeasure_v2,0,0.6,0.0,2232.0,3.11.9,Windows-10-10.0.26200-SP0,AMD64,2.7.1+cu118,11.8,90100,0,1,3.7.1,mkl,NVIDIA GeForce RTX 4060 Ti,610.62,0.22.1+cu118
transformer,ViT_d256_l2_h8_p4,GPU(CUDA),"{'img_size': 32, 'patch_size': 4, 'in_channels': 3, 'num_classes': 10, 'embed_dim': 256, 'num_layers': 2, 'num_heads': 8}",1612042,1612042,12544,1580042,0,19456,10,10,1,9,0,0,2,256,256,256.0,1024,14130512,14130512,0.11408234889153344,6.1495,6448168,1,0,1,0,0,1,1,4,0,0,0,256,8,4,0,0,0,64,32,32,3,10,1,16,4.2,31.1,4352,8.0,1,4,vit,4,4,0,1024,1024,2,65,1,0,0,cifar10,float32,3072,windows,nvidia,NVIDIA GeForce RTX 4060 Ti,8,16,0,0,4.2,4.2,0.0,0.0,ddr5,0.0,0,0.0,8.0,1,4352,136,8.9,3.1,0.0,26.98,53.96,1,1,pcie4,16,1,0,5.39264,0.00638,0.43616,0.00087,36.39,"[5.38058, 5.39052, 5.38959, 5.39411, 5.39517, 5.38734, 5.39014, 5.40213, 5.39356, 5.40329]","[0.43494, 0.4377, 0.43656, 0.43717, 0.43642, 0.43603, 0.43504, 0.43517, 0.43659, 0.43602]",10,10,0,1499.0,cuda_max_memory_allocated,v2-uniform-warmup,782,10,2026-09-15T18:12:55,ijunsu,remeasure_v2,0,1.3,0.0,2240.0,3.11.9,Windows-10-10.0.26200-SP0,AMD64,2.7.1+cu118,11.8,90100,0,1,3.7.1,mkl,NVIDIA GeForce RTX 4060 Ti,610.62,0.22.1+cu118
transformer,ViT_d256_l4_h8_p4,GPU(CUDA),"{'img_size': 32, 'patch_size': 4, 'in_channels': 3, 'num_classes': 10, 'embed_dim': 256, 'num_layers': 4, 'num_heads': 8}",3191562,3191562,12544,3157514,0,21504,18,18,1,17,0,0,4,256,256,256.0,1024,26599840,26599840,0.11998425554439425,12.1748,12766248,1,0,1,0,0,1,1,4,0,0,0,256,8,4,0,0,0,64,32,32,3,10,1,16,4.2,31.1,4352,8.0,1,4,vit,4,4,0,1024,1024,4,65,1,0,0,cifar10,float32,3072,windows,nvidia,NVIDIA GeForce RTX 4060 Ti,8,16,0,0,4.2,4.2,0.0,0.0,ddr5,0.0,0,0.0,8.0,1,4352,136,8.9,3.1,0.0,26.98,53.96,1,1,pcie4,16,1,0,10.65576,0.00766,0.83568,0.00301,36.65,"[10.6519, 10.63851, 10.65358, 10.64906, 10.66139, 10.65855, 10.66713, 10.65758, 10.66292, 10.65697]","[0.84045, 0.83509, 0.83317, 0.83328, 0.83272, 0.83767, 0.83323, 0.83928, 0.83254, 0.83938]",10,10,0,1511.0,cuda_max_memory_allocated,v2-uniform-warmup,782,10,2026-09-15T18:14:51,ijunsu,remeasure_v2,0,1.3,1.0,2242.0,3.11.9,Windows-10-10.0.26200-SP0,AMD64,2.7.1+cu118,11.8,90100,0,1,3.7.1,mkl,NVIDIA GeForce RTX 4060 Ti,610.62,0.22.1+cu118
transformer,ViT_d256_l6_h8_p4,GPU(CUDA),"{'img_size': 32, 'patch_size': 4, 'in_channels': 3, 'num_classes': 10, 'embed_dim': 256, 'num_layers': 6, 'num_heads': 8}",4771082,4771082,12544,4734986,0,23552,26,26,1,25,0,0,6,256,256,256.0,1024,39069168,39069168,0.12211885341402715,18.2002,19084328,1,0,1,0,0,1,1,4,0,0,0,256,8,4,0,0,0,64,32,32,3,10,1,16,4.2,31.1,4352,8.0,1,4,vit,4,4,0,1024,1024,6,65,1,0,0,cifar10,float32,3072,windows,nvidia,NVIDIA GeForce RTX 4060 Ti,8,16,0,0,4.2,4.2,0.0,0.0,ddr5,0.0,0,0.0,8.0,1,4352,136,8.9,3.1,0.0,26.98,53.96,1,1,pcie4,16,1,0,15.9271,0.01014,1.23345,0.00314,36.22,"[15.92998, 15.91363, 15.91123, 15.93678, 15.93355, 15.91747, 15.93905, 15.92926, 15.92018, 15.9399]","[1.22961, 1.2371, 1.23492, 1.23158, 1.23122, 1.23132, 1.23045, 1.23232, 1.23667, 1.23934]",10,10,0,1523.1,cuda_max_memory_allocated,v2-uniform-warmup,782,10,2026-09-15T18:17:45,ijunsu,remeasure_v2,0,2.2,0.0,2254.0,3.11.9,Windows-10-10.0.26200-SP0,AMD64,2.7.1+cu118,11.8,90100,0,1,3.7.1,mkl,NVIDIA GeForce RTX 4060 Ti,610.62,0.22.1+cu118
transformer,ViT_d256_l4_h8_p8,GPU(CUDA),"{'img_size': 32, 'patch_size': 8, 'in_channels': 3, 'num_classes': 10, 'embed_dim': 256, 'num_layers': 4, 'num_heads': 8}",3216138,3216138,49408,3157514,0,9216,18,18,1,17,0,0,4,256,256,256.0,1024,9295264,9295264,0.34599748861355634,12.2686,12864552,1,0,1,0,0,1,1,4,0,0,0,256,8,8,0,0,0,64,32,32,3,10,1,16,4.2,31.1,4352,8.0,1,4,vit,8,8,0,1024,1024,4,17,1,0,0,cifar10,float32,3072,windows,nvidia,NVIDIA GeForce RTX 4060 Ti,8,16,0,0,4.2,4.2,0.0,0.0,ddr5,0.0,0,0.0,8.0,1,4352,136,8.9,3.1,0.0,26.98,53.96,1,1,pcie4,16,1,0,5.77361,0.28307,0.22164,0.00159,34.08,"[6.11725, 5.73397, 5.24565, 6.03867, 5.71262, 5.86929, 6.07307, 5.8306, 5.29921, 5.81572]","[0.22062, 0.22039, 0.22493, 0.22192, 0.22129, 0.22028, 0.22072, 0.22094, 0.22447, 0.22088]",10,10,0,946.5,cuda_max_memory_allocated,v2-uniform-warmup,782,10,2026-09-15T18:18:47,ijunsu,remeasure_v2,0,2.2,0.0,2265.0,3.11.9,Windows-10-10.0.26200-SP0,AMD64,2.7.1+cu118,11.8,90100,0,1,3.7.1,mkl,NVIDIA GeForce RTX 4060 Ti,610.62,0.22.1+cu118
gan,GAN_z64_G128_256,GPU(CUDA),"{'latent_dim': 64, 'img_size': 32, 'img_channels': 3, 'g_hidden_dims': [128, 256], 'd_hidden_dims': [256, 128]}",1651329,1651329,0,1650561,768,0,8,6,0,6,2,0,4,256,128,192.0,3072,0,0,0,6.2993,6605316,0,0,0,0,1,0,0,5,0,0,0,0,0,0,64,831616,819713,64,32,32,3,10,1,16,4.2,31.1,4352,8.0,0,5,dcgan,0,0,0,3072,0,0,0,0,3,3,cifar10,float32,3072,windows,nvidia,NVIDIA GeForce RTX 4060 Ti,8,16,0,0,4.2,4.2,0.0,0.0,ddr5,0.0,0,0.0,8.0,1,4352,136,8.9,3.1,0.0,26.98,53.96,1,1,pcie4,16,1,0,3.37664,0.19225,0.22413,0.01909,0.0,"[3.5258, 3.27245, 3.08595, 3.58266, 3.72314, 3.41733, 3.33185, 3.4604, 3.22894, 3.13789]","[0.19587, 0.23888, 0.22648, 0.25056, 0.23373, 0.19634, 0.23807, 0.21346, 0.24336, 0.20455]",10,10,0,755.8,cuda_max_memory_allocated,v2-uniform-warmup,782,10,2026-09-15T18:19:24,ijunsu,remeasure_v2,0,1.1,1.0,2253.0,3.11.9,Windows-10-10.0.26200-SP0,AMD64,2.7.1+cu118,11.8,90100,0,1,3.7.1,mkl,NVIDIA GeForce RTX 4060 Ti,610.62,0.22.1+cu118
gan,GAN_z64_G128_256_512,GPU(CUDA),"{'latent_dim': 64, 'img_size': 32, 'img_channels': 3, 'g_hidden_dims': [128, 256, 512], 'd_hidden_dims': [512, 256, 128]}",3488385,3488385,0,3486593,1792,0,11,8,0,8,3,0,6,512,128,298.6666666666667,3072,0,0,0,13.3071,13953540,0,0,0,0,1,0,0,5,0,0,0,0,0,0,64,1750656,1737729,64,32,32,3,10,1,16,4.2,31.1,4352,8.0,0,5,dcgan,0,0,0,3072,0,0,0,0,4,4,cifar10,float32,3072,windows,nvidia,NVIDIA GeForce RTX 4060 Ti,8,16,0,0,4.2,4.2,0.0,0.0,ddr5,0.0,0,0.0,8.0,1,4352,136,8.9,3.1,0.0,26.98,53.96,1,1,pcie4,16,1,0,4.2893,0.25738,0.28099,0.02615,0.0,"[3.99464, 4.72486, 4.43043, 4.00321, 4.37085, 4.17735, 4.22348, 4.54167, 4.51773, 3.90879]","[0.26318, 0.29747, 0.26366, 0.28445, 0.35304, 0.27809, 0.26571, 0.27046, 0.26708, 0.26676]",10,10,0,790.3,cuda_max_memory_allocated,v2-uniform-warmup,782,10,2026-09-15T18:20:12,ijunsu,remeasure_v2,0,10.3,0.0,2296.0,3.11.9,Windows-10-10.0.26200-SP0,AMD64,2.7.1+cu118,11.8,90100,0,1,3.7.1,mkl,NVIDIA GeForce RTX 4060 Ti,610.62,0.22.1+cu118
gan,GAN_z128_G256_512,GPU(CUDA),"{'latent_dim': 128, 'img_size': 32, 'img_channels': 3, 'g_hidden_dims': [256, 512], 'd_hidden_dims': [512, 256]}",3447041,3447041,0,3445505,1536,0,8,6,0,6,2,0,4,512,256,384.0,3072,0,0,0,13.1494,13788164,0,0,0,0,1,0,0,5,0,0,0,0,0,0,128,1742080,1704961,64,32,32,3,10,1,16,4.2,31.1,4352,8.0,0,5,dcgan,0,0,0,3072,0,0,0,0,3,3,cifar10,float32,3072,windows,nvidia,NVIDIA GeForce RTX 4060 Ti,8,16,0,0,4.2,4.2,0.0,0.0,ddr5,0.0,0,0.0,8.0,1,4352,136,8.9,3.1,0.0,26.98,53.96,1,1,pcie4,16,1,0,3.3607,0.20536,0.20891,0.01553,0.0,"[3.13148, 3.1674, 3.50622, 3.28018, 3.45047, 3.78248, 3.33339, 3.07526, 3.33198, 3.54817]","[0.19842, 0.24736, 0.1969, 0.22481, 0.21316, 0.21037, 0.1944, 0.19963, 0.19918, 0.20483]",10,10,0,789.3,cuda_max_memory_allocated,v2-uniform-warmup,782,10,2026-09-15T18:20:49,ijunsu,remeasure_v2,0,0.2,0.0,2311.0,3.11.9,Windows-10-10.0.26200-SP0,AMD64,2.7.1+cu118,11.8,90100,0,1,3.7.1,mkl,NVIDIA GeForce RTX 4060 Ti,610.62,0.22.1+cu118
gan,GAN_z128_G256_512_1024,GPU(CUDA),"{'latent_dim': 128, 'img_size': 32, 'img_channels': 3, 'g_hidden_dims': [256, 512, 1024], 'd_hidden_dims': [1024, 512, 256]}",7645441,7645441,0,7641857,3584,0,11,8,0,8,3,0,6,1024,256,597.3333333333334,3072,0,0,0,29.165,30581764,0,0,0,0,1,0,0,5,0,0,0,0,0,0,128,3842304,3803137,64,32,32,3,10,1,16,4.2,31.1,4352,8.0,0,5,dcgan,0,0,0,3072,0,0,0,0,4,4,cifar10,float32,3072,windows,nvidia,NVIDIA GeForce RTX 4060 Ti,8,16,0,0,4.2,4.2,0.0,0.0,ddr5,0.0,0,0.0,8.0,1,4352,136,8.9,3.1,0.0,26.98,53.96,1,1,pcie4,16,1,0,4.28021,0.22402,0.29897,0.02258,0.0,"[4.38133, 4.43483, 4.34423, 4.17791, 3.89164, 4.46375, 4.47764, 3.93561, 4.12214, 4.57304]","[0.28351, 0.28059, 0.33931, 0.27786, 0.2916, 0.29962, 0.29899, 0.27712, 0.34274, 0.29841]",10,10,0,869.9,cuda_max_memory_allocated,v2-uniform-warmup,782,10,2026-09-15T18:21:36,ijunsu,remeasure_v2,0,1.1,0.0,2311.0,3.11.9,Windows-10-10.0.26200-SP0,AMD64,2.7.1+cu118,11.8,90100,0,1,3.7.1,mkl,NVIDIA GeForce RTX 4060 Ti,610.62,0.22.1+cu118
gan,GAN_z128_G128_256_512_256,GPU(CUDA),"{'latent_dim': 128, 'img_size': 32, 'img_channels': 3, 'g_hidden_dims': [128, 256, 512, 256], 'd_hidden_dims': [256, 512, 256, 128]}",2186881,2186881,0,2184577,2304,0,14,10,0,10,4,0,8,512,128,288.0,3072,0,0,0,8.3423,8747524,0,0,0,0,1,0,0,5,0,0,0,0,0,0,128,1104256,1082625,64,32,32,3,10,1,16,4.2,31.1,4352,8.0,0,5,dcgan,0,0,0,3072,0,0,0,0,5,5,cifar10,float32,3072,windows,nvidia,NVIDIA GeForce RTX 4060 Ti,8,16,0,0,4.2,4.2,0.0,0.0,ddr5,0.0,0,0.0,8.0,1,4352,136,8.9,3.1,0.0,26.98,53.96,1,1,pcie4,16,1,0,5.08433,0.26053,0.39748,0.03065,0.0,"[4.95363, 5.28861, 5.09647, 4.62063, 5.48364, 5.2206, 4.87248, 5.04729, 4.83303, 5.4269]","[0.41871, 0.36446, 0.4435, 0.41286, 0.43693, 0.39086, 0.40746, 0.39186, 0.35494, 0.35325]",10,10,0,766.3,cuda_max_memory_allocated,v2-uniform-warmup,782,10,2026-09-15T18:22:33,ijunsu,remeasure_v2,0,1.1,0.0,2367.0,3.11.9,Windows-10-10.0.26200-SP0,AMD64,2.7.1+cu118,11.8,90100,0,1,3.7.1,mkl,NVIDIA GeForce RTX 4060 Ti,610.62,0.22.1+cu118
gan,GAN_z256_G256_512_1024,GPU(CUDA),"{'latent_dim': 256, 'img_size': 32, 'img_channels': 3, 'g_hidden_dims': [256, 512, 1024], 'd_hidden_dims': [1024, 512, 256]}",7678209,7678209,0,7674625,3584,0,11,8,0,8,3,0,6,1024,256,597.3333333333334,3072,0,0,0,29.29,30712836,0,0,0,0,1,0,0,5,0,0,0,0,0,0,256,3875072,3803137,64,32,32,3,10,1,16,4.2,31.1,4352,8.0,0,5,dcgan,0,0,0,3072,0,0,0,0,4,4,cifar10,float32,3072,windows,nvidia,NVIDIA GeForce RTX 4060 Ti,8,16,0,0,4.2,4.2,0.0,0.0,ddr5,0.0,0,0.0,8.0,1,4352,136,8.9,3.1,0.0,26.98,53.96,1,1,pcie4,16,1,0,4.23184,0.29884,0.32188,0.04143,0.0,"[4.79449, 3.90868, 3.90582, 4.17936, 4.28429, 4.28251, 4.62975, 3.99919, 3.90557, 4.42876]","[0.35851, 0.28378, 0.28441, 0.28611, 0.40773, 0.32155, 0.33887, 0.3622, 0.28155, 0.29408]",10,10,0,870.3,cuda_max_memory_allocated,v2-uniform-warmup,782,10,2026-09-15T18:23:20,ijunsu,remeasure_v2,0,1.8,1.0,2263.0,3.11.9,Windows-10-10.0.26200-SP0,AMD64,2.7.1+cu118,11.8,90100,0,1,3.7.1,mkl,NVIDIA GeForce RTX 4060 Ti,610.62,0.22.1+cu118
gan,GAN_z256_G512_1024_512,GPU(CUDA),"{'latent_dim': 256, 'img_size': 32, 'img_channels': 3, 'g_hidden_dims': [512, 1024, 512], 'd_hidden_dims': [512, 1024, 512]}",5385729,5385729,0,5381633,4096,0,11,8,0,8,3,0,6,1024,512,682.6666666666666,3072,0,0,0,20.5449,21542916,0,0,0,0,1,0,0,5,0,0,0,0,0,0,256,2761728,2624001,64,32,32,3,10,1,16,4.2,31.1,4352,8.0,0,5,dcgan,0,0,0,3072,0,0,0,0,4,4,cifar10,float32,3072,windows,nvidia,NVIDIA GeForce RTX 4060 Ti,8,16,0,0,4.2,4.2,0.0,0.0,ddr5,0.0,0,0.0,8.0,1,4352,136,8.9,3.1,0.0,26.98,53.96,1,1,pcie1,8,1,0,4.22167,0.28183,0.31961,0.02228,0.0,"[4.03321, 3.90714, 4.62917, 4.09752, 4.33673, 4.09554, 3.92025, 3.98061, 4.58243, 4.63412]","[0.29887, 0.31574, 0.35718, 0.35405, 0.29025, 0.31211, 0.33883, 0.30222, 0.32468, 0.30217]",10,10,0,826.2,cuda_max_memory_allocated,v2-uniform-warmup,782,10,2026-09-15T18:27:12,ijunsu,remeasure_v2,0,3.8,7.0,2169.0,3.11.9,Windows-10-10.0.26200-SP0,AMD64,2.7.1+cu118,11.8,90100,0,1,3.7.1,mkl,NVIDIA GeForce RTX 4060 Ti,610.62,0.22.1+cu118
gan,GAN_z256_G256_512_1024_512,GPU(CUDA),"{'latent_dim': 256, 'img_size': 32, 'img_channels': 3, 'g_hidden_dims': [256, 512, 1024, 512], 'd_hidden_dims': [512, 1024, 512, 256]}",5583105,5583105,0,5578497,4608,0,14,10,0,10,4,0,8,1024,256,576.0,3072,0,0,0,21.2979,22332420,0,0,0,0,1,0,0,5,0,0,0,0,0,0,256,2828032,2755073,64,32,32,3,10,1,16,4.2,31.1,4352,8.0,0,5,dcgan,0,0,0,3072,0,0,0,0,5,5,cifar10,float32,3072,windows,nvidia,NVIDIA GeForce RTX 4060 Ti,8,16,0,0,4.2,4.2,0.0,0.0,ddr5,0.0,0,0.0,8.0,1,4352,136,8.9,3.1,0.0,26.98,53.96,1,1,pcie4,16,1,0,5.20507,0.23185,0.39906,0.04362,0.0,"[4.81195, 5.01048, 5.25035, 5.44863, 5.47316, 4.93306, 5.11618, 5.5432, 5.14748, 5.31625]","[0.42544, 0.37382, 0.37008, 0.35954, 0.45465, 0.4888, 0.35897, 0.35613, 0.38309, 0.42007]",10,10,0,830.6,cuda_max_memory_allocated,v2-uniform-warmup,782,10,2026-09-15T18:28:10,ijunsu,remeasure_v2,0,1.2,0.0,2323.0,3.11.9,Windows-10-10.0.26200-SP0,AMD64,2.7.1+cu118,11.8,90100,0,1,3.7.1,mkl,NVIDIA GeForce RTX 4060 Ti,610.62,0.22.1+cu118
